"order_id","subscriber_id","order_date","tier","region","referral_source","amount","churn_flag"
1,3886,2026-06-28,"Standard","Ontario","Organic",13.49,1
2,2250,2026-02-11,"Signature","Atlantic","Retail_partner",20.76,0
3,874,2026-01-30,"Signature","Atlantic","Referral",23.01,0
4,3912,2026-04-27,"Standard","Atlantic","Organic",14.05,0
5,1343,2026-01-30,"Standard","Atlantic","Social",18.25,0
6,2695,2026-04-02,"Signature","Atlantic","Organic",19.74,0
7,744,2026-05-03,"Discovery","Atlantic","Organic",34.76,0
8,722,2026-06-05,"Standard","Atlantic","Retail_partner",12.69,0
9,3141,2026-02-26,"Standard","Atlantic","Organic",18.74,0
10,189,2026-04-16,"Signature","Atlantic","Organic",21.07,0
11,3862,2026-03-12,"Standard","Atlantic","Search",16.26,0
12,561,2026-02-17,"Standard","Atlantic","Referral",15.59,1
13,254,2026-06-20,"Signature","Atlantic","Social",21.68,0
14,2717,2026-02-13,"Signature","Atlantic","Organic",21.24,0
15,1,2026-06-21,"Standard","Atlantic","Organic",16.24,0
16,2506,2026-02-12,"Discovery","Ontario","Social",34.32,0
17,2862,2026-06-13,"Signature","Atlantic","Social",20.79,0
18,2484,2026-05-22,"Standard","Ontario","Organic",14.5,0
19,3919,2026-02-03,"Discovery","Atlantic","Organic",32.98,0
20,3758,2026-01-30,"Standard","Atlantic","Retail_partner",13.77,1
21,567,2026-02-16,"Signature","Atlantic","Search",24.21,0
22,628,2026-06-19,"Standard","Ontario","Retail_partner",15.89,1
23,3275,2026-04-15,"Standard","Ontario","Social",14.98,0
24,3423,2026-01-07,"Standard","Atlantic","Organic",19.31,1
25,3540,2026-04-15,"Standard","Atlantic","Organic",10.03,0
26,3770,2026-05-29,"Signature","Atlantic","Organic",20.97,1
27,901,2026-04-29,"Standard","Atlantic","Social",11.61,1
28,1534,2026-06-02,"Signature","Atlantic","Search",21.7,0
29,1471,2026-02-19,"Discovery","Atlantic","Social",33.03,0
30,3262,2026-05-28,"Discovery","Ontario","Search",36.87,0
31,2397,2026-05-07,"Standard","Ontario","Organic",16.21,1
32,2991,2026-03-08,"Standard","Atlantic","Organic",13.3,1
33,3394,2026-05-04,"Standard","Atlantic","Social",12.92,0
34,1126,2026-05-10,"Signature","Atlantic","Search",26.25,0
35,3828,2026-03-20,"Standard","Atlantic","Organic",18.43,1
36,3946,2026-02-22,"Standard","Atlantic","Search",18.15,0
37,884,2026-04-25,"Standard","Ontario","Search",17.53,0
38,482,2026-01-15,"Signature","Atlantic","Referral",27.09,0
39,3331,2026-01-06,"Standard","Atlantic","Retail_partner",14.1,0
40,474,2026-03-08,"Standard","Atlantic","Social",18.01,0
41,3572,2026-04-14,"Standard","Atlantic","Search",15.75,0
42,2471,2026-04-14,"Discovery","Atlantic","Organic",32.23,1
43,3025,2026-03-24,"Standard","Ontario","Social",11.9,0
44,383,2026-01-05,"Discovery","Atlantic","Referral",33.49,0
45,2253,2026-03-05,"Standard","Atlantic","Search",16.79,1
46,371,2026-04-29,"Signature","Atlantic","Referral",26.56,0
47,3642,2026-02-18,"Standard","Atlantic","Search",13.47,0
48,2776,2026-02-07,"Discovery","Atlantic","Retail_partner",32.83,0
49,1114,2026-03-11,"Standard","Atlantic","Retail_partner",14.43,0
50,594,2026-06-07,"Standard","Atlantic","Organic",14.37,1
51,3373,2026-03-26,"Standard","Ontario","Organic",19.61,0
52,1460,2026-04-18,"Discovery","Ontario","Search",34.82,0
53,2394,2026-02-27,"Standard","Ontario","Referral",17.7,1
54,2747,2026-06-14,"Standard","Atlantic","Retail_partner",15.61,1
55,2879,2026-03-15,"Signature","Ontario","Search",22.87,0
56,2311,2026-05-31,"Standard","Atlantic","Social",12.49,0
57,1136,2026-04-14,"Discovery","Ontario","Search",30.31,0
58,1105,2026-02-02,"Standard","Atlantic","Retail_partner",18.98,1
59,2745,2026-03-08,"Discovery","Ontario","Search",34.51,0
60,3539,2026-05-04,"Discovery","Atlantic","Referral",31.16,0
61,2006,2026-04-20,"Signature","Atlantic","Social",24.87,1
62,3986,2026-02-19,"Signature","Atlantic","Referral",24.75,0
63,3066,2026-04-10,"Standard","Atlantic","Social",16.78,0
64,128,2026-01-12,"Standard","Atlantic","Organic",12.23,0
65,567,2026-06-19,"Signature","Atlantic","Social",21.43,0
66,3704,2026-04-29,"Signature","Ontario","Social",26.31,0
67,867,2026-05-27,"Signature","Atlantic","Search",23.92,0
68,3785,2026-05-20,"Discovery","Atlantic","Organic",31.97,1
69,2454,2026-01-17,"Standard","Atlantic","Referral",18.63,0
70,726,2026-01-27,"Standard","Atlantic","Search",15.89,0
71,1714,2026-04-24,"Standard","Atlantic","Organic",15.29,1
72,3759,2026-02-11,"Standard","Atlantic","Organic",14.59,0
73,2124,2026-05-26,"Discovery","Atlantic","Organic",33.17,0
74,2482,2026-06-15,"Standard","Atlantic","Social",11.96,1
75,3373,2026-01-02,"Standard","Atlantic","Organic",18.33,0
76,2461,2026-02-14,"Signature","Ontario","Search",23.48,0
77,3915,2026-04-14,"Signature","Atlantic","Referral",20.99,1
78,1248,2026-03-02,"Signature","Atlantic","Social",25.54,1
79,2106,2026-03-06,"Discovery","Ontario","Social",32.81,0
80,29,2026-04-10,"Standard","Atlantic","Referral",14.67,1
81,3855,2026-01-09,"Standard","Atlantic","Referral",14.27,1
82,1891,2026-05-28,"Signature","Atlantic","Organic",26.18,0
83,785,2026-02-12,"Standard","Ontario","Referral",13.93,0
84,1121,2026-06-11,"Discovery","Atlantic","Retail_partner",33.03,0
85,2312,2026-04-02,"Signature","Atlantic","Organic",19.43,0
86,1280,2026-01-30,"Signature","Atlantic","Search",19.77,0
87,3890,2026-05-27,"Signature","Atlantic","Social",25.6,0
88,1950,2026-02-01,"Signature","Atlantic","Retail_partner",25.14,0
89,1568,2026-06-09,"Signature","Atlantic","Social",22.18,0
90,2965,2026-04-18,"Standard","Atlantic","Referral",8.99,0
91,3528,2026-02-07,"Signature","Ontario","Organic",26.59,0
92,1314,2026-01-15,"Standard","Atlantic","Organic",19.25,1
93,454,2026-02-23,"Signature","Atlantic","Social",22,0
94,1550,2026-02-09,"Standard","Atlantic","Search",11.66,0
95,1517,2026-03-26,"Standard","Atlantic","Social",14.53,0
96,3291,2026-05-28,"Standard","Atlantic","Referral",18.37,0
97,1770,2026-04-21,"Standard","Ontario","Search",19.34,0
98,3755,2026-02-24,"Standard","Atlantic","Referral",14,0
99,3206,2026-03-04,"Discovery","Atlantic","Organic",34.49,0
100,2720,2026-06-26,"Discovery","Ontario","Referral",33.65,0
101,3,2026-02-27,"Standard","Atlantic","Social",14.61,0
102,1386,2026-05-29,"Standard","Atlantic","Social",17.65,1
103,3282,2026-06-19,"Discovery","Atlantic","Organic",28.59,0
104,1318,2026-07-01,"Signature","Atlantic","Organic",29.2,0
105,1437,2026-05-08,"Standard","Atlantic","Social",14.06,1
106,911,2026-01-12,"Signature","Atlantic","Search",20.94,0
107,2670,2026-06-12,"Standard","Atlantic","Social",15.86,0
108,1489,2026-04-27,"Standard","Atlantic","Search",14.75,0
109,1412,2026-02-02,"Standard","Atlantic","Social",10.65,1
110,3976,2026-04-15,"Signature","Atlantic","Social",23.11,1
111,704,2026-01-05,"Discovery","Atlantic","Retail_partner",35.19,0
112,1613,2026-04-13,"Standard","Atlantic","Organic",11.92,0
113,266,2026-01-20,"Standard","Atlantic","Organic",11.5,1
114,1646,2026-06-30,"Standard","Atlantic","Retail_partner",13.35,0
115,882,2026-01-16,"Standard","Atlantic","Retail_partner",12.12,0
116,237,2026-02-09,"Signature","Atlantic","Retail_partner",22.1,0
117,1692,2026-03-28,"Signature","Ontario","Organic",24.1,0
118,3867,2026-02-08,"Standard","Atlantic","Search",18.43,0
119,2802,2026-06-26,"Discovery","Atlantic","Search",27.78,0
120,1400,2026-04-25,"Discovery","Atlantic","Referral",33.02,1
121,2247,2026-01-04,"Standard","Ontario","Retail_partner",9.05,0
122,2138,2026-02-23,"Discovery","Atlantic","Organic",28.44,1
123,1570,2026-05-18,"Discovery","Atlantic","Search",29.27,0
124,262,2026-01-03,"Signature","Atlantic","Social",19.43,1
125,3411,2026-05-26,"Signature","Atlantic","Search",22.59,0
126,3105,2026-04-16,"Standard","Ontario","Search",16.26,1
127,1987,2026-06-17,"Standard","Atlantic","Referral",16.36,0
128,1149,2026-01-15,"Discovery","Ontario","Search",37.43,0
129,69,2026-02-24,"Standard","Ontario","Social",18.07,0
130,1935,2026-05-15,"Signature","Atlantic","Social",20.71,0
131,1265,2026-03-11,"Signature","Atlantic","Social",24.25,1
132,1158,2026-05-06,"Standard","Atlantic","Search",13.33,1
133,2070,2026-04-16,"Standard","Atlantic","Referral",15.08,0
134,470,2026-06-17,"Standard","Ontario","Organic",11.26,0
135,1814,2026-02-02,"Standard","Ontario","Organic",15.82,0
136,841,2026-01-03,"Standard","Atlantic","Organic",12.77,0
137,3792,2026-04-03,"Standard","Atlantic","Search",15.78,1
138,2118,2026-03-10,"Standard","Ontario","Organic",11.47,0
139,1369,2026-04-22,"Standard","Atlantic","Search",13.32,0
140,1047,2026-01-11,"Signature","Ontario","Search",22.75,0
141,1047,2026-05-03,"Standard","Atlantic","Search",11.53,0
142,861,2026-06-27,"Standard","Ontario","Referral",14.96,0
143,3504,2026-03-10,"Standard","Atlantic","Organic",14.64,0
144,949,2026-03-08,"Standard","Atlantic","Referral",11.86,0
145,1446,2026-02-02,"Signature","Atlantic","Social",20.98,0
146,2934,2026-02-17,"Standard","Atlantic","Search",21.88,1
147,3415,2026-03-09,"Standard","Atlantic","Organic",16.47,0
148,1667,2026-06-20,"Signature","Atlantic","Organic",23.1,0
149,3225,2026-04-07,"Signature","Atlantic","Organic",24.76,1
150,2916,2026-04-09,"Discovery","Atlantic","Organic",36.33,1
151,2509,2026-01-13,"Standard","Atlantic","Referral",10.37,0
152,3251,2026-01-15,"Standard","Ontario","Organic",16.19,1
153,1174,2026-03-20,"Standard","Ontario","Referral",10.91,0
154,1952,2026-01-29,"Standard","Atlantic","Organic",11.77,0
155,6,2026-01-25,"Standard","Atlantic","Organic",15.22,1
156,2232,2026-01-29,"Standard","Atlantic","Organic",13.34,1
157,1281,2026-04-07,"Standard","Atlantic","Organic",17.85,0
158,3667,2026-02-12,"Signature","Atlantic","Organic",21.64,0
159,1761,2026-02-02,"Discovery","Ontario","Retail_partner",34.42,0
160,3509,2026-04-07,"Signature","Atlantic","Social",19.84,0
161,3704,2026-04-16,"Signature","Atlantic","Search",24.81,0
162,2138,2026-04-06,"Signature","Atlantic","Social",21.68,0
163,66,2026-03-14,"Standard","Atlantic","Organic",15.09,1
164,2985,2026-06-13,"Standard","Ontario","Search",13.03,1
165,3997,2026-02-15,"Standard","Atlantic","Retail_partner",17.45,1
166,2371,2026-05-18,"Standard","Ontario","Social",18.29,0
167,898,2026-01-11,"Signature","Atlantic","Social",23.69,1
168,147,2026-02-14,"Discovery","Atlantic","Social",24.08,0
169,658,2026-01-27,"Standard","Atlantic","Organic",10.8,1
170,2122,2026-01-01,"Standard","Atlantic","Organic",10.87,1
171,741,2026-03-19,"Signature","Atlantic","Organic",24.28,0
172,3725,2026-02-12,"Standard","Ontario","Social",14.62,0
173,1074,2026-04-24,"Signature","Atlantic","Social",22.01,0
174,1462,2026-06-01,"Signature","Atlantic","Social",23.36,0
175,689,2026-04-19,"Signature","Atlantic","Search",20.66,0
176,2211,2026-06-14,"Standard","Atlantic","Referral",14.68,0
177,560,2026-06-17,"Signature","Atlantic","Organic",21.36,0
178,2408,2026-02-23,"Standard","Atlantic","Organic",15.01,0
179,1289,2026-05-11,"Standard","Atlantic","Organic",12.66,1
180,154,2026-02-09,"Standard","Atlantic","Referral",18.99,1
181,1010,2026-03-30,"Signature","Atlantic","Referral",23.6,0
182,854,2026-02-23,"Signature","Atlantic","Search",21.35,0
183,1422,2026-05-05,"Signature","Atlantic","Social",23.7,0
184,1365,2026-05-25,"Standard","Atlantic","Organic",14.54,0
185,3931,2026-02-24,"Standard","Atlantic","Organic",13.37,0
186,2168,2026-06-22,"Standard","Atlantic","Search",14.98,0
187,414,2026-05-26,"Signature","Atlantic","Retail_partner",21.46,0
188,3796,2026-05-30,"Standard","Ontario","Search",16.46,1
189,2270,2026-06-01,"Standard","Atlantic","Social",10.59,0
190,2935,2026-04-22,"Standard","Atlantic","Search",15.16,0
191,616,2026-02-01,"Standard","Atlantic","Organic",17.18,1
192,2442,2026-06-22,"Standard","Ontario","Organic",13.24,1
193,2916,2026-04-26,"Standard","Ontario","Referral",10.96,0
194,3612,2026-03-09,"Discovery","Atlantic","Social",35.2,0
195,2838,2026-04-14,"Standard","Atlantic","Organic",13.56,1
196,3475,2026-02-07,"Standard","Atlantic","Social",15.8,0
197,1927,2026-02-17,"Standard","Atlantic","Referral",15.65,0
198,2048,2026-05-10,"Standard","Atlantic","Organic",16.61,1
199,3936,2026-06-06,"Signature","Atlantic","Referral",21.42,0
200,2315,2026-05-19,"Standard","Atlantic","Organic",11.68,1
201,2629,2026-03-01,"Standard","Atlantic","Referral",11.89,0
202,2966,2026-02-21,"Discovery","Atlantic","Organic",31.64,0
203,2436,2026-01-25,"Standard","Atlantic","Organic",15.34,0
204,999,2026-04-12,"Standard","Ontario","Social",13.27,0
205,3604,2026-01-15,"Standard","Atlantic","Social",16.71,0
206,3808,2026-06-04,"Standard","Ontario","Search",16.54,0
207,686,2026-01-09,"Signature","Atlantic","Social",27.68,0
208,3122,2026-03-17,"Discovery","Atlantic","Social",33.01,0
209,1666,2026-01-30,"Signature","Atlantic","Organic",25.45,0
210,3168,2026-06-24,"Signature","Ontario","Referral",16.65,0
211,1119,2026-02-23,"Standard","Atlantic","Social",16.95,0
212,1432,2026-02-22,"Standard","Ontario","Social",15.03,1
213,1254,2026-03-01,"Standard","Ontario","Social",13.34,0
214,3453,2026-03-08,"Standard","Atlantic","Organic",14.18,0
215,3401,2026-05-03,"Discovery","Atlantic","Referral",32.8,0
216,839,2026-03-05,"Standard","Atlantic","Search",17.13,0
217,940,2026-02-07,"Standard","Atlantic","Organic",14.28,0
218,2436,2026-06-19,"Standard","Atlantic","Referral",13.93,0
219,2334,2026-02-07,"Discovery","Ontario","Retail_partner",31.47,0
220,2493,2026-05-16,"Standard","Atlantic","Retail_partner",15.92,0
221,596,2026-03-20,"Signature","Atlantic","Organic",27.24,0
222,996,2026-06-20,"Signature","Atlantic","Organic",25.09,1
223,1343,2026-02-23,"Standard","Atlantic","Social",13.85,0
224,2120,2026-01-17,"Standard","Atlantic","Search",10.85,0
225,1618,2026-05-08,"Standard","Ontario","Social",14.18,0
226,2104,2026-05-29,"Standard","Atlantic","Organic",13.16,0
227,2248,2026-02-21,"Standard","Atlantic","Organic",14.25,0
228,2069,2026-02-02,"Standard","Atlantic","Search",6.93,1
229,1875,2026-03-06,"Signature","Ontario","Organic",23.08,0
230,478,2026-05-20,"Standard","Ontario","Referral",16.76,0
231,3913,2026-03-07,"Standard","Atlantic","Organic",14.2,1
232,543,2026-05-17,"Signature","Atlantic","Organic",21.12,0
233,59,2026-04-20,"Standard","Atlantic","Social",15.76,0
234,1746,2026-04-25,"Signature","Atlantic","Organic",21.88,0
235,2396,2026-03-24,"Discovery","Atlantic","Retail_partner",30.53,0
236,275,2026-06-15,"Standard","Atlantic","Search",10.31,0
237,2262,2026-01-22,"Standard","Atlantic","Social",17.75,0
238,1324,2026-06-03,"Signature","Atlantic","Referral",19.12,1
239,2550,2026-03-03,"Signature","Atlantic","Referral",23.9,0
240,1708,2026-03-19,"Signature","Ontario","Retail_partner",25.44,0
241,3918,2026-01-22,"Standard","Ontario","Organic",12.84,1
242,627,2026-01-15,"Signature","Atlantic","Organic",19.56,0
243,583,2026-03-15,"Signature","Ontario","Referral",26.26,0
244,3186,2026-02-05,"Standard","Atlantic","Organic",14.38,0
245,3855,2026-06-02,"Discovery","Atlantic","Social",34.25,0
246,3151,2026-06-25,"Standard","Atlantic","Search",17.67,0
247,1255,2026-02-15,"Standard","Atlantic","Referral",15.02,0
248,2389,2026-03-05,"Signature","Atlantic","Organic",23.55,0
249,2253,2026-05-01,"Standard","Atlantic","Retail_partner",15.62,1
250,3535,2026-02-21,"Standard","Ontario","Organic",15.91,0
251,1666,2026-05-17,"Discovery","Atlantic","Search",31.9,0
252,315,2026-01-08,"Standard","Atlantic","Organic",15.69,0
253,1222,2026-04-16,"Signature","Atlantic","Retail_partner",19.07,0
254,3911,2026-02-28,"Standard","Atlantic","Organic",12.6,1
255,517,2026-04-21,"Signature","Atlantic","Search",20.91,1
256,2936,2026-01-20,"Standard","Atlantic","Search",18.31,1
257,1971,2026-06-29,"Signature","Ontario","Referral",23.72,0
258,135,2026-02-27,"Discovery","Atlantic","Search",32.08,0
259,2808,2026-05-10,"Standard","Ontario","Referral",16.95,0
260,3462,2026-06-23,"Signature","Ontario","Social",25.3,0
261,3601,2026-04-22,"Standard","Ontario","Search",13.08,0
262,821,2026-04-28,"Standard","Atlantic","Organic",14.39,1
263,1805,2026-04-22,"Standard","Atlantic","Referral",17.27,0
264,1048,2026-06-08,"Standard","Atlantic","Retail_partner",13.79,0
265,1301,2026-01-25,"Discovery","Atlantic","Social",29.78,0
266,2364,2026-04-02,"Signature","Atlantic","Referral",21.24,0
267,3970,2026-04-17,"Discovery","Atlantic","Organic",31.51,0
268,858,2026-02-12,"Signature","Atlantic","Social",25.14,0
269,2551,2026-06-15,"Standard","Ontario","Social",17.84,0
270,3405,2026-05-29,"Standard","Atlantic","Organic",14.66,1
271,2267,2026-04-14,"Standard","Atlantic","Social",13.5,1
272,3352,2026-06-01,"Signature","Atlantic","Organic",21.37,0
273,2049,2026-01-21,"Standard","Atlantic","Organic",13.71,1
274,1741,2026-02-06,"Signature","Atlantic","Organic",22.22,0
275,1076,2026-06-19,"Signature","Atlantic","Social",18.77,0
276,617,2026-04-14,"Discovery","Atlantic","Social",33.19,0
277,3654,2026-02-12,"Standard","Atlantic","Organic",12.83,0
278,395,2026-05-13,"Standard","Atlantic","Social",15.01,0
279,3161,2026-03-06,"Standard","Atlantic","Search",9.97,0
280,916,2026-06-01,"Standard","Ontario","Referral",15.61,0
281,3241,2026-06-15,"Discovery","Ontario","Social",28.61,0
282,2805,2026-05-02,"Discovery","Atlantic","Organic",31.39,0
283,2770,2026-01-02,"Standard","Ontario","Organic",15.07,1
284,777,2026-01-07,"Signature","Atlantic","Retail_partner",17.52,0
285,669,2026-05-24,"Standard","Atlantic","Referral",19.09,0
286,1874,2026-06-16,"Signature","Atlantic","Organic",25.75,0
287,1333,2026-06-29,"Signature","Atlantic","Organic",20.1,0
288,158,2026-05-03,"Standard","Atlantic","Organic",13.82,1
289,1424,2026-03-03,"Standard","Atlantic","Social",15.35,0
290,2205,2026-03-14,"Standard","Atlantic","Organic",15.77,1
291,3338,2026-02-02,"Signature","Atlantic","Referral",25.4,0
292,3416,2026-07-01,"Standard","Atlantic","Social",18.53,0
293,831,2026-02-28,"Signature","Atlantic","Referral",25.74,0
294,957,2026-01-21,"Discovery","Ontario","Social",37.34,0
295,3171,2026-04-13,"Standard","Atlantic","Organic",15.11,0
296,743,2026-05-09,"Discovery","Atlantic","Social",34.9,0
297,2612,2026-04-23,"Signature","Ontario","Referral",23.65,0
298,574,2026-04-08,"Signature","Atlantic","Retail_partner",23.33,0
299,739,2026-02-02,"Standard","Ontario","Referral",13.46,0
300,3097,2026-03-25,"Standard","Atlantic","Search",13.46,1
301,895,2026-04-25,"Signature","Atlantic","Organic",22.43,0
302,3492,2026-07-01,"Standard","Atlantic","Organic",16.9,0
303,1730,2026-02-09,"Standard","Ontario","Retail_partner",14.79,0
304,1390,2026-05-13,"Discovery","Atlantic","Organic",30.21,0
305,3250,2026-03-30,"Discovery","Ontario","Referral",33.19,0
306,1420,2026-06-22,"Discovery","Atlantic","Retail_partner",31,0
307,2622,2026-04-24,"Standard","Ontario","Organic",13.03,0
308,1917,2026-05-18,"Standard","Atlantic","Organic",16.49,0
309,3343,2026-01-20,"Signature","Atlantic","Organic",24.86,0
310,291,2026-02-12,"Standard","Atlantic","Organic",14.44,0
311,3753,2026-03-14,"Signature","Atlantic","Organic",19.88,0
312,125,2026-06-19,"Discovery","Atlantic","Search",28.21,0
313,1741,2026-06-30,"Standard","Ontario","Search",19.02,0
314,1974,2026-06-21,"Standard","Ontario","Social",14.52,1
315,3792,2026-02-19,"Standard","Atlantic","Retail_partner",15.81,1
316,2883,2026-01-28,"Standard","Ontario","Organic",14.36,0
317,3198,2026-02-09,"Standard","Ontario","Search",16.71,1
318,508,2026-07-01,"Standard","Ontario","Organic",14.01,0
319,12,2026-02-24,"Standard","Atlantic","Social",14.29,0
320,2827,2026-02-14,"Standard","Atlantic","Organic",14.65,0
321,1688,2026-03-23,"Standard","Ontario","Search",17.66,0
322,2983,2026-01-15,"Standard","Atlantic","Organic",16.7,0
323,711,2026-04-18,"Standard","Atlantic","Organic",14.64,0
324,282,2026-04-04,"Standard","Atlantic","Organic",18.14,0
325,585,2026-02-25,"Signature","Atlantic","Organic",20.5,1
326,1062,2026-03-09,"Standard","Atlantic","Search",16.07,0
327,2898,2026-06-02,"Signature","Atlantic","Referral",23.51,0
328,368,2026-01-31,"Standard","Atlantic","Organic",13.43,0
329,261,2026-01-04,"Standard","Atlantic","Search",14.88,0
330,3936,2026-06-17,"Signature","Atlantic","Social",21.26,1
331,2332,2026-03-09,"Standard","Atlantic","Retail_partner",15.69,0
332,267,2026-04-29,"Standard","Atlantic","Social",14.11,1
333,858,2026-06-25,"Signature","Atlantic","Organic",23.19,0
334,3247,2026-01-05,"Signature","Atlantic","Referral",25.52,0
335,1104,2026-01-01,"Standard","Atlantic","Organic",10.94,0
336,2282,2026-07-01,"Standard","Ontario","Search",16.55,1
337,3385,2026-06-08,"Standard","Atlantic","Search",15.2,1
338,1666,2026-03-26,"Signature","Atlantic","Organic",22.1,0
339,958,2026-03-04,"Standard","Ontario","Search",14.9,0
340,3322,2026-03-13,"Signature","Atlantic","Organic",21.28,0
341,980,2026-03-03,"Signature","Atlantic","Social",20.08,0
342,1586,2026-05-09,"Signature","Atlantic","Referral",29.92,0
343,119,2026-01-08,"Standard","Atlantic","Referral",12.86,0
344,2221,2026-04-15,"Standard","Atlantic","Social",14.3,0
345,347,2026-05-29,"Standard","Atlantic","Social",17.06,1
346,1575,2026-04-14,"Discovery","Ontario","Search",33.25,0
347,2580,2026-03-06,"Discovery","Atlantic","Social",27.23,0
348,218,2026-02-26,"Standard","Atlantic","Referral",16.25,0
349,702,2026-06-27,"Standard","Atlantic","Organic",15.22,0
350,2869,2026-03-22,"Signature","Atlantic","Search",20.74,0
351,2230,2026-03-21,"Standard","Atlantic","Retail_partner",12.73,0
352,2365,2026-04-02,"Discovery","Atlantic","Organic",31.27,0
353,2038,2026-04-25,"Signature","Ontario","Organic",27.13,1
354,365,2026-03-21,"Discovery","Atlantic","Search",35.4,0
355,701,2026-06-10,"Signature","Atlantic","Organic",23.09,0
356,144,2026-06-06,"Standard","Atlantic","Social",15.89,1
357,2773,2026-03-22,"Signature","Atlantic","Referral",20.53,0
358,479,2026-05-10,"Standard","Atlantic","Retail_partner",12.79,0
359,1782,2026-02-10,"Standard","Ontario","Search",14.27,0
360,575,2026-03-14,"Standard","Ontario","Social",13.79,0
361,3041,2026-03-18,"Standard","Atlantic","Organic",14.44,0
362,2461,2026-02-15,"Discovery","Atlantic","Organic",31.01,0
363,449,2026-05-20,"Standard","Atlantic","Search",15.15,0
364,1134,2026-06-13,"Standard","Atlantic","Organic",15.46,0
365,1673,2026-02-16,"Standard","Atlantic","Social",14.3,1
366,2214,2026-01-02,"Signature","Ontario","Social",23.08,0
367,3845,2026-05-13,"Signature","Atlantic","Social",20.25,0
368,2570,2026-05-08,"Standard","Atlantic","Social",12.56,1
369,2161,2026-05-20,"Signature","Atlantic","Organic",18.63,0
370,3317,2026-06-14,"Signature","Ontario","Social",29.79,0
371,2160,2026-03-30,"Standard","Atlantic","Retail_partner",17.97,1
372,2287,2026-05-04,"Standard","Atlantic","Organic",17,0
373,1101,2026-06-30,"Discovery","Atlantic","Retail_partner",38.61,0
374,705,2026-02-02,"Standard","Atlantic","Search",16.9,0
375,2595,2026-04-05,"Standard","Atlantic","Organic",12.34,1
376,2133,2026-06-16,"Signature","Atlantic","Retail_partner",22.85,0
377,1521,2026-06-02,"Signature","Atlantic","Social",22.82,0
378,2735,2026-01-11,"Standard","Atlantic","Search",10.13,0
379,2855,2026-03-28,"Standard","Atlantic","Search",15.85,0
380,889,2026-02-14,"Signature","Atlantic","Organic",19.94,0
381,2861,2026-04-11,"Signature","Atlantic","Retail_partner",21.75,1
382,2356,2026-01-09,"Standard","Atlantic","Social",17.58,1
383,3457,2026-05-12,"Standard","Atlantic","Organic",12.1,1
384,1275,2026-03-03,"Discovery","Atlantic","Organic",28.38,0
385,1303,2026-05-26,"Signature","Ontario","Social",29.15,0
386,1126,2026-02-12,"Standard","Atlantic","Retail_partner",12.4,0
387,3503,2026-02-15,"Signature","Atlantic","Social",20.33,1
388,1779,2026-04-08,"Standard","Ontario","Organic",18.91,1
389,1237,2026-01-20,"Signature","Ontario","Search",24.03,0
390,2334,2026-03-13,"Signature","Atlantic","Social",19.56,0
391,3122,2026-05-23,"Signature","Atlantic","Social",18.75,0
392,2840,2026-03-28,"Discovery","Atlantic","Social",30.77,0
393,651,2026-04-30,"Standard","Ontario","Organic",14.96,1
394,2410,2026-03-17,"Standard","Atlantic","Organic",17.87,1
395,2731,2026-03-05,"Signature","Atlantic","Social",20.31,0
396,1963,2026-05-28,"Standard","Atlantic","Referral",19.14,0
397,1183,2026-03-26,"Standard","Atlantic","Search",17.24,0
398,647,2026-03-10,"Standard","Atlantic","Retail_partner",16.84,1
399,1224,2026-01-23,"Standard","Atlantic","Organic",12.49,1
400,928,2026-01-15,"Standard","Atlantic","Organic",18.23,0
401,2927,2026-04-24,"Signature","Atlantic","Search",26.59,1
402,651,2026-04-18,"Signature","Atlantic","Organic",20.65,0
403,245,2026-02-08,"Standard","Ontario","Search",16.83,1
404,2271,2026-05-09,"Standard","Atlantic","Social",14.38,0
405,717,2026-06-26,"Signature","Ontario","Social",21.14,0
406,1211,2026-06-21,"Standard","Atlantic","Search",13.46,0
407,256,2026-04-06,"Discovery","Ontario","Social",32.19,0
408,499,2026-03-06,"Standard","Ontario","Organic",17.04,0
409,3490,2026-06-20,"Standard","Atlantic","Referral",14.73,0
410,1420,2026-06-06,"Discovery","Atlantic","Social",29.19,0
411,1579,2026-01-13,"Standard","Atlantic","Search",13.41,0
412,15,2026-05-26,"Standard","Atlantic","Organic",12.98,1
413,2625,2026-06-25,"Standard","Atlantic","Search",17.1,1
414,1042,2026-03-18,"Standard","Atlantic","Search",16.39,1
415,2369,2026-03-20,"Discovery","Atlantic","Social",31.83,0
416,3618,2026-06-13,"Discovery","Ontario","Referral",30.71,0
417,2863,2026-05-17,"Standard","Atlantic","Referral",14.63,0
418,2570,2026-01-07,"Discovery","Atlantic","Search",34.61,0
419,1182,2026-04-12,"Signature","Ontario","Social",30.2,0
420,441,2026-06-05,"Discovery","Atlantic","Referral",33.27,0
421,3126,2026-03-17,"Standard","Atlantic","Search",12.07,1
422,1503,2026-01-10,"Standard","Atlantic","Organic",11.3,1
423,3347,2026-01-21,"Signature","Atlantic","Retail_partner",23.71,0
424,1719,2026-03-07,"Standard","Ontario","Social",12.31,1
425,740,2026-05-02,"Standard","Atlantic","Search",12.41,1
426,1873,2026-02-28,"Discovery","Ontario","Retail_partner",33.78,0
427,1362,2026-01-22,"Signature","Atlantic","Social",21.05,0
428,1110,2026-05-03,"Standard","Atlantic","Organic",19.98,1
429,2299,2026-02-11,"Signature","Atlantic","Search",22.11,0
430,3544,2026-05-15,"Standard","Atlantic","Social",17.57,0
431,3728,2026-05-16,"Standard","Atlantic","Organic",17.4,1
432,523,2026-02-05,"Standard","Atlantic","Organic",13.33,1
433,351,2026-05-10,"Signature","Atlantic","Organic",23.02,0
434,3631,2026-04-25,"Discovery","Atlantic","Referral",31,0
435,233,2026-01-31,"Signature","Atlantic","Search",22.97,0
436,3737,2026-02-10,"Discovery","Atlantic","Organic",37.1,1
437,1517,2026-01-13,"Standard","Atlantic","Search",16.17,0
438,1409,2026-03-13,"Signature","Ontario","Organic",22.98,0
439,116,2026-03-16,"Signature","Atlantic","Search",25.01,0
440,3831,2026-06-13,"Standard","Atlantic","Social",12.59,0
441,3819,2026-05-01,"Signature","Atlantic","Social",25.07,0
442,1609,2026-02-15,"Standard","Ontario","Referral",16.05,0
443,556,2026-03-28,"Standard","Atlantic","Referral",16.98,0
444,705,2026-04-09,"Discovery","Atlantic","Retail_partner",29.75,0
445,3535,2026-04-10,"Standard","Atlantic","Organic",15.94,0
446,3312,2026-03-26,"Discovery","Atlantic","Referral",31.19,0
447,914,2026-04-21,"Signature","Atlantic","Organic",25.68,0
448,8,2026-06-11,"Standard","Atlantic","Retail_partner",17.15,0
449,3252,2026-06-06,"Signature","Atlantic","Social",22,0
450,595,2026-03-11,"Discovery","Atlantic","Organic",30.44,0
451,3877,2026-06-18,"Standard","Atlantic","Retail_partner",17.98,0
452,244,2026-06-07,"Signature","Atlantic","Retail_partner",23.93,0
453,1397,2026-02-23,"Discovery","Atlantic","Organic",31.84,0
454,2131,2026-03-07,"Signature","Atlantic","Referral",26.81,0
455,1695,2026-01-06,"Standard","Ontario","Organic",10.67,0
456,413,2026-06-19,"Signature","Atlantic","Referral",19.42,0
457,3415,2026-02-07,"Signature","Atlantic","Referral",29.86,0
458,351,2026-06-24,"Signature","Atlantic","Organic",20.61,0
459,2893,2026-04-17,"Signature","Atlantic","Social",20.2,0
460,2665,2026-02-15,"Discovery","Ontario","Search",35.51,0
461,27,2026-06-02,"Standard","Atlantic","Retail_partner",15.5,0
462,1930,2026-05-17,"Discovery","Atlantic","Search",31.61,0
463,2535,2026-04-29,"Standard","Ontario","Referral",13.13,1
464,576,2026-05-15,"Discovery","Atlantic","Organic",26.53,0
465,266,2026-03-29,"Signature","Atlantic","Organic",20.91,0
466,2590,2026-01-31,"Discovery","Atlantic","Organic",30.7,0
467,3414,2026-04-12,"Signature","Atlantic","Organic",23.28,0
468,187,2026-05-21,"Standard","Atlantic","Retail_partner",12.48,0
469,983,2026-03-15,"Standard","Atlantic","Retail_partner",14.14,1
470,1863,2026-06-30,"Standard","Atlantic","Social",18.09,0
471,1071,2026-04-20,"Standard","Atlantic","Social",9.97,0
472,2634,2026-04-26,"Discovery","Atlantic","Organic",32.5,1
473,1305,2026-01-31,"Standard","Atlantic","Organic",13.98,0
474,3696,2026-03-07,"Standard","Atlantic","Social",15.45,0
475,1696,2026-02-07,"Signature","Atlantic","Referral",24.35,0
476,1768,2026-05-04,"Signature","Atlantic","Search",16.92,0
477,1799,2026-03-27,"Standard","Atlantic","Search",14.93,0
478,3150,2026-03-01,"Signature","Atlantic","Social",19.66,0
479,2249,2026-06-17,"Signature","Atlantic","Search",17.98,0
480,3438,2026-04-09,"Discovery","Atlantic","Retail_partner",31.42,1
481,1401,2026-05-14,"Standard","Ontario","Referral",14.28,1
482,3981,2026-03-18,"Standard","Atlantic","Search",12.86,0
483,1100,2026-05-05,"Standard","Atlantic","Retail_partner",15.83,0
484,2019,2026-02-21,"Signature","Atlantic","Retail_partner",20.97,0
485,3702,2026-05-27,"Signature","Atlantic","Search",20.96,0
486,1457,2026-03-02,"Discovery","Ontario","Search",36.13,0
487,58,2026-02-22,"Standard","Atlantic","Organic",10.32,0
488,3621,2026-03-16,"Standard","Atlantic","Search",17.79,0
489,527,2026-05-02,"Discovery","Atlantic","Search",26.86,0
490,258,2026-01-29,"Standard","Ontario","Referral",17.18,0
491,1864,2026-04-08,"Standard","Ontario","Referral",15.94,1
492,1786,2026-05-06,"Signature","Atlantic","Organic",22.75,0
493,1780,2026-02-06,"Standard","Atlantic","Organic",15.05,1
494,3813,2026-02-10,"Standard","Atlantic","Referral",17.1,1
495,1921,2026-04-26,"Standard","Atlantic","Search",13.28,0
496,1878,2026-05-06,"Standard","Ontario","Search",14.73,0
497,270,2026-06-08,"Discovery","Atlantic","Social",28.56,0
498,280,2026-05-09,"Standard","Atlantic","Organic",17.48,0
499,1667,2026-02-24,"Signature","Atlantic","Retail_partner",21.97,0
500,3726,2026-04-21,"Discovery","Atlantic","Social",31.76,0
501,1446,2026-06-20,"Standard","Atlantic","Organic",10.66,0
502,1789,2026-02-26,"Standard","Atlantic","Search",18.4,0
503,1147,2026-04-10,"Discovery","Atlantic","Retail_partner",32.74,0
504,2605,2026-06-16,"Standard","Atlantic","Social",13.04,0
505,1123,2026-06-25,"Standard","Atlantic","Social",13.39,0
506,361,2026-01-21,"Discovery","Atlantic","Search",27.77,0
507,1244,2026-05-08,"Signature","Atlantic","Search",21.62,0
508,2308,2026-06-07,"Signature","Atlantic","Organic",23.92,0
509,1718,2026-02-18,"Signature","Atlantic","Organic",21.66,0
510,1359,2026-03-12,"Signature","Atlantic","Referral",21.25,0
511,2725,2026-04-13,"Discovery","Atlantic","Search",33.7,0
512,2698,2026-03-23,"Standard","Atlantic","Organic",18.94,0
513,2879,2026-01-02,"Standard","Atlantic","Retail_partner",17.16,0
514,1191,2026-05-11,"Signature","Ontario","Retail_partner",26.05,0
515,3730,2026-05-09,"Discovery","Ontario","Organic",31.02,0
516,3920,2026-05-24,"Signature","Atlantic","Referral",24.54,0
517,932,2026-03-08,"Signature","Atlantic","Organic",20,0
518,2282,2026-03-31,"Discovery","Ontario","Retail_partner",31.72,0
519,2767,2026-03-25,"Signature","Atlantic","Social",20.96,0
520,2071,2026-06-11,"Discovery","Atlantic","Social",31.8,0
521,2280,2026-02-13,"Signature","Atlantic","Search",26.2,0
522,577,2026-02-11,"Standard","Atlantic","Organic",15.91,0
523,3216,2026-02-07,"Signature","Atlantic","Organic",25.9,0
524,1710,2026-02-18,"Standard","Ontario","Organic",13.38,0
525,3262,2026-05-25,"Standard","Atlantic","Retail_partner",13.38,1
526,1234,2026-05-18,"Standard","Atlantic","Social",14.24,1
527,1344,2026-05-10,"Standard","Atlantic","Retail_partner",15.8,0
528,1286,2026-02-10,"Standard","Atlantic","Referral",16.26,1
529,878,2026-06-06,"Standard","Atlantic","Organic",14.24,0
530,925,2026-02-21,"Standard","Atlantic","Social",13.24,1
531,20,2026-04-17,"Signature","Atlantic","Search",24.2,0
532,3117,2026-05-28,"Discovery","Atlantic","Social",32.06,0
533,3919,2026-06-16,"Standard","Atlantic","Organic",15.69,0
534,1441,2026-05-29,"Standard","Atlantic","Retail_partner",15.17,0
535,2033,2026-06-12,"Standard","Ontario","Organic",14.15,1
536,269,2026-03-17,"Standard","Atlantic","Retail_partner",13.74,0
537,3581,2026-04-08,"Standard","Ontario","Search",22.87,1
538,3078,2026-01-18,"Signature","Ontario","Search",27.33,1
539,1483,2026-04-25,"Standard","Atlantic","Referral",8.95,0
540,1665,2026-02-01,"Discovery","Ontario","Organic",31.67,0
541,641,2026-03-11,"Discovery","Atlantic","Organic",29.18,0
542,2672,2026-02-14,"Standard","Atlantic","Retail_partner",15.03,1
543,195,2026-06-14,"Standard","Atlantic","Search",15.34,0
544,950,2026-02-08,"Standard","Atlantic","Organic",15.01,0
545,2030,2026-03-07,"Discovery","Ontario","Social",35.31,0
546,1234,2026-04-27,"Signature","Atlantic","Organic",21.69,1
547,2944,2026-02-16,"Signature","Atlantic","Search",22.18,1
548,2430,2026-03-18,"Signature","Ontario","Organic",23.35,0
549,2304,2026-02-02,"Signature","Atlantic","Retail_partner",22.88,0
550,3441,2026-05-18,"Standard","Atlantic","Search",13.91,0
551,416,2026-02-07,"Signature","Ontario","Organic",29.2,0
552,910,2026-05-14,"Standard","Atlantic","Referral",17.55,0
553,3962,2026-05-15,"Discovery","Atlantic","Referral",33.21,0
554,1511,2026-01-02,"Standard","Atlantic","Referral",18.35,1
555,1083,2026-01-08,"Standard","Ontario","Referral",13.34,0
556,3258,2026-02-19,"Signature","Atlantic","Organic",22.68,0
557,3528,2026-06-22,"Signature","Ontario","Social",28.46,0
558,1669,2026-05-29,"Discovery","Atlantic","Retail_partner",27.83,0
559,3689,2026-04-29,"Signature","Atlantic","Search",22.46,0
560,3051,2026-03-15,"Standard","Atlantic","Social",12.76,1
561,3237,2026-06-27,"Standard","Atlantic","Search",14.58,0
562,3887,2026-04-12,"Standard","Atlantic","Referral",19.42,0
563,3211,2026-04-20,"Signature","Atlantic","Organic",18.74,0
564,2674,2026-05-15,"Standard","Atlantic","Organic",17.11,0
565,686,2026-05-01,"Discovery","Atlantic","Search",32.26,0
566,841,2026-06-21,"Standard","Atlantic","Organic",16.5,0
567,3164,2026-02-05,"Standard","Atlantic","Search",14.92,0
568,820,2026-06-15,"Standard","Atlantic","Organic",15.15,0
569,3346,2026-03-14,"Discovery","Atlantic","Search",30.27,1
570,468,2026-05-26,"Standard","Atlantic","Search",10.92,0
571,190,2026-02-02,"Standard","Atlantic","Retail_partner",16.9,0
572,1076,2026-03-13,"Signature","Atlantic","Retail_partner",24.56,0
573,2503,2026-02-18,"Signature","Atlantic","Organic",19.62,0
574,1568,2026-04-10,"Standard","Atlantic","Organic",14.65,0
575,3206,2026-06-08,"Standard","Atlantic","Organic",10.48,0
576,2008,2026-03-20,"Standard","Ontario","Referral",15.32,0
577,1890,2026-01-27,"Signature","Atlantic","Organic",20.5,0
578,3220,2026-03-09,"Standard","Atlantic","Retail_partner",13.23,0
579,1600,2026-06-23,"Signature","Atlantic","Organic",20.17,0
580,3252,2026-02-11,"Signature","Ontario","Search",20.91,0
581,630,2026-04-29,"Signature","Atlantic","Organic",22.89,0
582,2426,2026-05-25,"Discovery","Atlantic","Organic",31.99,0
583,2289,2026-02-18,"Signature","Ontario","Organic",23.61,0
584,3258,2026-03-01,"Signature","Atlantic","Organic",23.39,0
585,587,2026-05-30,"Signature","Atlantic","Retail_partner",25.01,0
586,2467,2026-04-11,"Standard","Atlantic","Search",11.51,0
587,2695,2026-03-17,"Signature","Atlantic","Organic",23.55,0
588,705,2026-02-20,"Standard","Ontario","Organic",18.63,0
589,2072,2026-05-22,"Signature","Atlantic","Referral",24.45,0
590,126,2026-05-23,"Standard","Ontario","Search",16.48,0
591,3634,2026-01-29,"Standard","Atlantic","Organic",16.2,0
592,752,2026-06-02,"Signature","Atlantic","Organic",27.29,0
593,1903,2026-04-02,"Signature","Atlantic","Search",24.04,1
594,493,2026-03-14,"Discovery","Atlantic","Organic",29.93,0
595,2392,2026-02-28,"Standard","Ontario","Retail_partner",15.19,0
596,1670,2026-04-28,"Standard","Atlantic","Organic",18.26,0
597,1858,2026-04-22,"Signature","Atlantic","Search",19.86,0
598,2633,2026-06-26,"Standard","Atlantic","Organic",14.1,0
599,1344,2026-03-07,"Signature","Ontario","Search",23.35,0
600,1840,2026-06-04,"Signature","Atlantic","Search",15.88,0
601,832,2026-01-21,"Discovery","Atlantic","Organic",28.49,0
602,1329,2026-04-30,"Standard","Atlantic","Search",15.29,0
603,2108,2026-05-22,"Standard","Atlantic","Organic",12.83,0
604,2271,2026-06-17,"Standard","Ontario","Retail_partner",15.33,0
605,2726,2026-05-29,"Discovery","Ontario","Referral",36.23,0
606,3835,2026-01-07,"Standard","Atlantic","Referral",16.23,1
607,1145,2026-01-10,"Standard","Atlantic","Organic",13.91,0
608,3956,2026-02-15,"Signature","Ontario","Search",22.02,0
609,368,2026-04-03,"Signature","Atlantic","Retail_partner",22.12,0
610,1881,2026-06-29,"Standard","Atlantic","Social",11.65,0
611,3414,2026-01-19,"Standard","Ontario","Organic",15.23,0
612,512,2026-06-03,"Signature","Atlantic","Organic",23.66,1
613,2920,2026-06-04,"Standard","Atlantic","Referral",15.82,0
614,2859,2026-03-27,"Signature","Atlantic","Organic",22.98,0
615,270,2026-05-14,"Signature","Atlantic","Search",22.38,0
616,1974,2026-05-20,"Discovery","Atlantic","Organic",32.83,0
617,107,2026-02-25,"Standard","Atlantic","Organic",13.9,0
618,2253,2026-03-08,"Standard","Atlantic","Organic",13.54,0
619,740,2026-01-15,"Standard","Atlantic","Social",15.9,1
620,1491,2026-05-30,"Signature","Ontario","Search",23.98,0
621,1707,2026-06-22,"Standard","Atlantic","Organic",13.72,0
622,3061,2026-04-11,"Discovery","Ontario","Search",33.44,0
623,3599,2026-05-13,"Signature","Atlantic","Retail_partner",23.65,0
624,666,2026-05-18,"Signature","Atlantic","Organic",24.73,1
625,575,2026-01-01,"Signature","Atlantic","Social",21.48,0
626,454,2026-05-14,"Signature","Atlantic","Referral",25.5,1
627,1372,2026-02-27,"Standard","Atlantic","Referral",16.92,0
628,1339,2026-04-07,"Standard","Ontario","Retail_partner",17.79,0
629,1392,2026-04-12,"Discovery","Atlantic","Search",32.4,0
630,2701,2026-07-01,"Standard","Atlantic","Organic",16.48,0
631,1797,2026-03-22,"Standard","Atlantic","Organic",13.41,0
632,3964,2026-03-31,"Discovery","Atlantic","Referral",33.7,0
633,1862,2026-01-23,"Standard","Atlantic","Organic",13.55,0
634,1662,2026-02-25,"Standard","Atlantic","Search",16.61,1
635,2126,2026-03-21,"Standard","Atlantic","Search",14.13,1
636,2101,2026-03-11,"Signature","Ontario","Referral",18.22,0
637,3994,2026-01-04,"Standard","Atlantic","Organic",17.88,0
638,2607,2026-06-05,"Standard","Ontario","Search",18.12,0
639,3256,2026-04-04,"Signature","Atlantic","Social",20.1,0
640,3248,2026-04-26,"Signature","Atlantic","Social",26.01,0
641,1457,2026-02-12,"Signature","Ontario","Social",27.59,0
642,3475,2026-05-22,"Signature","Ontario","Search",24.1,1
643,859,2026-06-06,"Discovery","Atlantic","Search",30.88,0
644,899,2026-02-21,"Standard","Ontario","Social",20.47,0
645,1430,2026-05-16,"Signature","Atlantic","Organic",21.93,0
646,2013,2026-02-20,"Standard","Atlantic","Organic",13.27,1
647,3212,2026-04-10,"Standard","Atlantic","Social",8.89,1
648,1685,2026-01-31,"Standard","Atlantic","Referral",12.54,0
649,3592,2026-06-30,"Discovery","Atlantic","Retail_partner",33.57,0
650,2062,2026-03-25,"Signature","Atlantic","Search",22.83,0
651,2702,2026-03-28,"Standard","Ontario","Organic",17.08,1
652,955,2026-04-26,"Standard","Atlantic","Organic",16.31,0
653,638,2026-03-24,"Standard","Atlantic","Organic",20.26,1
654,1418,2026-01-18,"Standard","Ontario","Organic",11.86,0
655,3088,2026-05-27,"Standard","Ontario","Referral",17.16,1
656,3748,2026-01-24,"Signature","Atlantic","Organic",20.98,0
657,1000,2026-04-28,"Standard","Ontario","Social",16.29,1
658,316,2026-03-03,"Standard","Atlantic","Organic",15.58,1
659,3829,2026-05-12,"Standard","Atlantic","Search",16.31,0
660,1207,2026-03-24,"Discovery","Ontario","Retail_partner",38.1,0
661,3818,2026-01-08,"Standard","Atlantic","Search",15.2,1
662,2779,2026-02-18,"Discovery","Ontario","Social",33.67,0
663,3603,2026-01-23,"Standard","Atlantic","Organic",16.27,1
664,2383,2026-05-01,"Standard","Atlantic","Retail_partner",15.45,0
665,732,2026-03-26,"Standard","Atlantic","Retail_partner",15.45,1
666,2641,2026-02-06,"Standard","Atlantic","Search",14.81,0
667,62,2026-01-31,"Signature","Ontario","Organic",23.84,0
668,2297,2026-04-25,"Standard","Atlantic","Social",15.25,1
669,334,2026-06-22,"Discovery","Atlantic","Search",26.33,1
670,3968,2026-04-06,"Standard","Atlantic","Organic",17.55,1
671,186,2026-04-17,"Signature","Atlantic","Referral",25.54,0
672,757,2026-05-10,"Standard","Ontario","Referral",11.57,0
673,2223,2026-02-16,"Signature","Atlantic","Organic",21.52,0
674,3730,2026-01-16,"Standard","Atlantic","Search",15.79,0
675,53,2026-04-29,"Standard","Atlantic","Retail_partner",14.94,0
676,2593,2026-04-27,"Signature","Atlantic","Social",21.46,0
677,930,2026-02-14,"Signature","Atlantic","Search",19.25,0
678,1399,2026-04-20,"Standard","Atlantic","Search",16.47,1
679,800,2026-02-15,"Signature","Atlantic","Organic",23.66,0
680,2804,2026-04-27,"Discovery","Ontario","Organic",30.5,0
681,478,2026-02-15,"Standard","Atlantic","Search",16.26,1
682,853,2026-01-18,"Signature","Atlantic","Social",22.89,0
683,3080,2026-05-06,"Standard","Ontario","Social",15.55,0
684,3057,2026-04-14,"Standard","Atlantic","Organic",18.48,0
685,3811,2026-01-19,"Signature","Atlantic","Organic",22.82,0
686,2291,2026-01-08,"Signature","Atlantic","Organic",21.85,0
687,495,2026-01-28,"Signature","Atlantic","Referral",20.25,0
688,2662,2026-05-07,"Standard","Atlantic","Search",19.68,0
689,2574,2026-03-10,"Signature","Atlantic","Referral",18.98,0
690,2696,2026-01-07,"Standard","Ontario","Social",16.03,0
691,2549,2026-06-14,"Standard","Atlantic","Search",16.74,0
692,782,2026-04-20,"Standard","Atlantic","Referral",15.2,1
693,57,2026-01-31,"Standard","Atlantic","Organic",16.21,1
694,307,2026-05-31,"Standard","Atlantic","Organic",14.57,0
695,958,2026-02-17,"Standard","Atlantic","Social",11.04,0
696,2265,2026-04-28,"Signature","Atlantic","Search",21.48,0
697,86,2026-03-03,"Standard","Ontario","Referral",18.2,1
698,967,2026-05-19,"Standard","Atlantic","Organic",19.27,1
699,2255,2026-04-22,"Standard","Atlantic","Organic",12.66,0
700,889,2026-06-29,"Signature","Atlantic","Organic",22.18,0
701,319,2026-06-16,"Standard","Ontario","Search",20.68,0
702,1980,2026-05-09,"Signature","Atlantic","Retail_partner",24.37,0
703,2183,2026-04-02,"Standard","Atlantic","Retail_partner",15.89,0
704,2409,2026-05-21,"Standard","Atlantic","Organic",16.81,0
705,359,2026-02-02,"Standard","Atlantic","Search",20.31,1
706,381,2026-02-26,"Standard","Atlantic","Organic",16.65,1
707,3915,2026-05-15,"Discovery","Ontario","Retail_partner",34.72,0
708,1942,2026-06-07,"Signature","Atlantic","Search",29.78,1
709,666,2026-06-01,"Standard","Atlantic","Search",19.89,0
710,743,2026-05-08,"Standard","Atlantic","Social",18.66,1
711,445,2026-05-11,"Standard","Atlantic","Organic",15.98,0
712,2173,2026-03-13,"Signature","Ontario","Social",23.14,0
713,2935,2026-05-22,"Standard","Atlantic","Referral",16.01,1
714,723,2026-04-27,"Signature","Atlantic","Organic",22.97,0
715,110,2026-04-26,"Standard","Atlantic","Organic",18.42,1
716,838,2026-05-08,"Signature","Atlantic","Social",24.5,0
717,1660,2026-03-17,"Standard","Atlantic","Social",12.15,0
718,3983,2026-06-26,"Signature","Atlantic","Search",27.06,0
719,618,2026-02-08,"Standard","Atlantic","Organic",12.84,1
720,1188,2026-03-18,"Standard","Atlantic","Referral",17.77,0
721,2759,2026-02-14,"Signature","Atlantic","Search",21.39,0
722,2685,2026-05-06,"Signature","Atlantic","Organic",20.93,1
723,2009,2026-02-18,"Standard","Atlantic","Search",16.46,1
724,884,2026-04-05,"Discovery","Atlantic","Organic",30.76,0
725,1196,2026-02-02,"Signature","Atlantic","Search",20.41,0
726,3624,2026-01-12,"Signature","Atlantic","Referral",26.47,0
727,3050,2026-01-22,"Signature","Atlantic","Search",23.87,0
728,629,2026-05-25,"Standard","Atlantic","Retail_partner",16.45,0
729,2832,2026-01-09,"Signature","Atlantic","Referral",23.95,0
730,2129,2026-02-19,"Standard","Atlantic","Organic",12.77,1
731,607,2026-04-18,"Standard","Atlantic","Search",16.9,1
732,1552,2026-03-29,"Standard","Atlantic","Social",15.57,0
733,1500,2026-05-01,"Signature","Atlantic","Search",22.2,0
734,589,2026-04-05,"Signature","Atlantic","Referral",23.47,1
735,2236,2026-05-25,"Standard","Atlantic","Referral",12.48,0
736,2749,2026-01-28,"Standard","Atlantic","Organic",15.26,0
737,2023,2026-03-21,"Standard","Atlantic","Social",17.49,0
738,154,2026-06-25,"Standard","Atlantic","Social",18.53,1
739,3150,2026-04-15,"Standard","Atlantic","Referral",13.67,0
740,1075,2026-05-19,"Signature","Atlantic","Search",20.98,0
741,454,2026-06-08,"Standard","Atlantic","Organic",15.45,0
742,3134,2026-06-26,"Discovery","Atlantic","Referral",34.08,1
743,2543,2026-03-12,"Standard","Atlantic","Retail_partner",13.79,0
744,278,2026-05-15,"Standard","Atlantic","Social",15.6,0
745,3700,2026-03-24,"Standard","Atlantic","Search",13.7,1
746,2681,2026-04-15,"Standard","Ontario","Retail_partner",11.95,0
747,3303,2026-04-27,"Signature","Atlantic","Organic",24.31,0
748,205,2026-01-05,"Signature","Ontario","Organic",19.24,0
749,2852,2026-03-31,"Signature","Ontario","Search",24.74,0
750,823,2026-05-26,"Standard","Atlantic","Organic",15.16,0
751,3833,2026-06-26,"Standard","Atlantic","Social",16.5,1
752,2496,2026-06-24,"Standard","Atlantic","Referral",19.75,0
753,1942,2026-05-13,"Signature","Atlantic","Referral",20.89,0
754,3081,2026-06-05,"Standard","Atlantic","Organic",14.58,0
755,3701,2026-02-08,"Standard","Atlantic","Search",19.51,0
756,11,2026-02-19,"Standard","Atlantic","Referral",19.23,0
757,1607,2026-05-01,"Discovery","Ontario","Search",36.49,1
758,3607,2026-05-05,"Standard","Atlantic","Referral",9.51,0
759,1571,2026-02-17,"Standard","Atlantic","Social",17.05,0
760,1335,2026-02-15,"Signature","Atlantic","Search",24,0
761,190,2026-06-20,"Signature","Atlantic","Organic",24.59,0
762,2786,2026-03-23,"Standard","Atlantic","Search",13.06,0
763,3596,2026-05-27,"Standard","Ontario","Retail_partner",14.63,1
764,2403,2026-06-03,"Standard","Atlantic","Organic",10.84,0
765,1145,2026-01-03,"Standard","Atlantic","Search",15.6,0
766,1943,2026-05-08,"Discovery","Atlantic","Social",35.1,0
767,1428,2026-01-14,"Discovery","Ontario","Retail_partner",34.94,0
768,824,2026-06-12,"Discovery","Ontario","Organic",37.99,0
769,134,2026-06-24,"Standard","Atlantic","Organic",14.92,0
770,2385,2026-03-01,"Signature","Atlantic","Referral",21.95,0
771,3523,2026-06-25,"Standard","Atlantic","Retail_partner",15.83,0
772,2483,2026-05-03,"Signature","Atlantic","Search",27.39,0
773,1015,2026-02-26,"Standard","Atlantic","Retail_partner",16.23,0
774,2360,2026-06-18,"Standard","Atlantic","Social",12.76,0
775,213,2026-04-05,"Signature","Atlantic","Organic",20.12,0
776,3462,2026-01-09,"Signature","Ontario","Organic",21.76,0
777,3957,2026-01-12,"Standard","Atlantic","Referral",17.86,0
778,2087,2026-04-12,"Discovery","Ontario","Social",35.09,0
779,2832,2026-03-28,"Standard","Atlantic","Organic",13.69,0
780,2532,2026-03-19,"Standard","Atlantic","Organic",14.77,0
781,310,2026-02-23,"Signature","Atlantic","Retail_partner",28.08,0
782,2103,2026-03-12,"Standard","Atlantic","Referral",16.94,1
783,218,2026-01-15,"Signature","Atlantic","Organic",23.41,0
784,2248,2026-02-10,"Signature","Ontario","Organic",21.47,0
785,876,2026-06-02,"Standard","Atlantic","Referral",14.6,0
786,1095,2026-06-01,"Signature","Atlantic","Organic",22.74,0
787,2721,2026-05-28,"Discovery","Atlantic","Social",33.01,0
788,2738,2026-04-14,"Standard","Ontario","Social",19.97,0
789,2725,2026-01-04,"Standard","Atlantic","Referral",15.17,0
790,832,2026-02-13,"Standard","Ontario","Organic",15.9,0
791,3890,2026-01-02,"Discovery","Atlantic","Organic",31.13,0
792,306,2026-06-12,"Signature","Atlantic","Social",23.81,0
793,1621,2026-04-11,"Signature","Atlantic","Search",21.81,0
794,3735,2026-05-02,"Standard","Atlantic","Referral",18.03,0
795,476,2026-04-07,"Signature","Atlantic","Organic",25.68,0
796,3023,2026-04-06,"Standard","Atlantic","Social",12.99,0
797,1112,2026-04-05,"Standard","Atlantic","Social",14.28,0
798,651,2026-04-24,"Signature","Atlantic","Organic",21.72,0
799,2762,2026-02-19,"Standard","Atlantic","Organic",13.09,0
800,817,2026-01-21,"Standard","Atlantic","Referral",17.22,0
801,3419,2026-02-14,"Standard","Atlantic","Retail_partner",13.87,0
802,2142,2026-03-22,"Standard","Atlantic","Retail_partner",14.38,1
803,513,2026-03-27,"Standard","Atlantic","Referral",13.79,0
804,134,2026-05-27,"Standard","Ontario","Retail_partner",17.18,0
805,90,2026-01-23,"Signature","Atlantic","Search",21.12,0
806,3555,2026-02-02,"Standard","Atlantic","Search",17.75,0
807,2846,2026-06-12,"Signature","Ontario","Organic",22.37,1
808,785,2026-01-03,"Standard","Atlantic","Organic",14.51,1
809,3651,2026-04-20,"Standard","Atlantic","Search",13.6,0
810,2282,2026-05-02,"Standard","Atlantic","Organic",19.46,1
811,3656,2026-05-28,"Discovery","Atlantic","Organic",35.79,0
812,3970,2026-07-01,"Standard","Atlantic","Referral",15.32,0
813,1446,2026-02-06,"Discovery","Atlantic","Organic",36.97,0
814,2742,2026-03-26,"Standard","Atlantic","Organic",17.17,0
815,1841,2026-04-18,"Discovery","Atlantic","Referral",32.33,0
816,116,2026-06-17,"Standard","Atlantic","Social",14.89,0
817,2652,2026-03-31,"Signature","Atlantic","Organic",20.99,0
818,3470,2026-01-05,"Discovery","Atlantic","Search",33.85,1
819,296,2026-01-22,"Standard","Atlantic","Retail_partner",16.68,0
820,748,2026-06-01,"Discovery","Atlantic","Search",27.72,1
821,2066,2026-03-23,"Standard","Atlantic","Social",14.16,1
822,1415,2026-06-06,"Standard","Atlantic","Search",17.37,0
823,1026,2026-05-30,"Signature","Ontario","Social",24.5,0
824,1477,2026-04-22,"Standard","Atlantic","Organic",15.48,0
825,1110,2026-05-26,"Discovery","Atlantic","Organic",32.74,0
826,3703,2026-01-31,"Discovery","Atlantic","Social",30.95,0
827,427,2026-05-29,"Standard","Atlantic","Organic",17.96,0
828,2693,2026-01-12,"Signature","Ontario","Organic",23.87,0
829,138,2026-05-26,"Signature","Atlantic","Organic",24.88,0
830,656,2026-04-26,"Standard","Atlantic","Referral",8.32,0
831,1165,2026-04-21,"Standard","Ontario","Organic",17.92,0
832,1385,2026-02-22,"Standard","Atlantic","Search",13.81,0
833,897,2026-01-11,"Signature","Ontario","Organic",21.89,0
834,1757,2026-04-24,"Standard","Atlantic","Retail_partner",16.3,0
835,351,2026-06-04,"Standard","Atlantic","Search",13.03,0
836,3023,2026-01-20,"Discovery","Atlantic","Organic",35.93,1
837,678,2026-05-09,"Standard","Atlantic","Social",15.61,0
838,1227,2026-01-27,"Standard","Atlantic","Referral",10.89,0
839,2559,2026-03-02,"Discovery","Atlantic","Organic",32.71,0
840,1945,2026-06-20,"Standard","Atlantic","Organic",12.12,0
841,956,2026-02-02,"Signature","Ontario","Organic",25.19,1
842,3342,2026-04-15,"Discovery","Atlantic","Organic",39.12,0
843,3729,2026-04-04,"Standard","Ontario","Referral",14.66,0
844,777,2026-06-22,"Standard","Atlantic","Organic",16.45,0
845,3755,2026-01-21,"Standard","Atlantic","Organic",12.35,0
846,837,2026-02-07,"Signature","Ontario","Organic",22.5,0
847,2874,2026-03-02,"Standard","Atlantic","Social",16.78,0
848,108,2026-03-07,"Signature","Atlantic","Organic",23.56,0
849,1188,2026-06-11,"Signature","Atlantic","Organic",23.86,0
850,3666,2026-01-27,"Standard","Atlantic","Referral",12.41,1
851,1732,2026-06-29,"Discovery","Atlantic","Organic",33.06,1
852,1865,2026-06-16,"Standard","Atlantic","Retail_partner",13.76,0
853,1811,2026-03-26,"Standard","Atlantic","Search",15.65,0
854,1353,2026-02-26,"Signature","Atlantic","Search",25.72,0
855,1874,2026-05-16,"Standard","Ontario","Retail_partner",16.57,0
856,1552,2026-06-13,"Discovery","Atlantic","Retail_partner",31.44,0
857,186,2026-05-18,"Signature","Atlantic","Search",21.99,0
858,3952,2026-03-08,"Discovery","Atlantic","Search",34.5,0
859,2701,2026-01-08,"Discovery","Atlantic","Referral",33.63,0
860,3212,2026-06-03,"Standard","Atlantic","Organic",16.65,1
861,2056,2026-06-13,"Standard","Atlantic","Social",16.5,0
862,838,2026-02-15,"Discovery","Atlantic","Organic",35.12,0
863,146,2026-03-04,"Standard","Ontario","Search",18.51,1
864,1490,2026-04-05,"Standard","Atlantic","Organic",14.98,0
865,1859,2026-04-29,"Standard","Atlantic","Organic",13.73,0
866,1283,2026-03-01,"Standard","Atlantic","Organic",15.2,0
867,3446,2026-04-15,"Discovery","Ontario","Referral",31.18,0
868,3442,2026-03-21,"Discovery","Atlantic","Search",34.15,0
869,3851,2026-06-13,"Signature","Atlantic","Organic",22.64,1
870,578,2026-04-24,"Signature","Atlantic","Search",25.63,0
871,167,2026-01-12,"Discovery","Atlantic","Social",29.07,0
872,2577,2026-03-08,"Signature","Atlantic","Search",24.82,1
873,400,2026-05-02,"Standard","Atlantic","Social",15.94,0
874,1665,2026-02-17,"Signature","Ontario","Search",18.95,1
875,2337,2026-04-07,"Signature","Atlantic","Search",25,1
876,3426,2026-02-24,"Standard","Atlantic","Social",11.94,0
877,982,2026-02-10,"Standard","Ontario","Organic",18.88,0
878,1252,2026-04-16,"Signature","Atlantic","Social",18.75,0
879,3560,2026-02-19,"Standard","Atlantic","Retail_partner",13.82,0
880,2508,2026-04-20,"Standard","Ontario","Retail_partner",15.46,0
881,1493,2026-03-22,"Standard","Atlantic","Retail_partner",12.19,0
882,2809,2026-06-28,"Signature","Atlantic","Organic",30.85,1
883,246,2026-01-24,"Standard","Atlantic","Social",13.52,0
884,2610,2026-06-21,"Standard","Atlantic","Referral",13.72,0
885,3337,2026-05-01,"Standard","Atlantic","Social",16.91,1
886,3758,2026-06-26,"Discovery","Atlantic","Referral",33.78,0
887,373,2026-01-19,"Signature","Ontario","Referral",22.98,0
888,172,2026-04-19,"Standard","Atlantic","Search",17.44,0
889,2291,2026-05-05,"Discovery","Atlantic","Organic",36.01,0
890,2730,2026-03-27,"Discovery","Ontario","Referral",33,0
891,1921,2026-03-18,"Signature","Atlantic","Organic",20.23,0
892,3219,2026-03-04,"Standard","Atlantic","Referral",14.27,0
893,250,2026-05-27,"Signature","Atlantic","Retail_partner",23.4,0
894,2648,2026-04-11,"Discovery","Atlantic","Search",31.74,0
895,1771,2026-03-23,"Discovery","Atlantic","Organic",33.62,0
896,2709,2026-02-26,"Signature","Atlantic","Social",22.7,0
897,2890,2026-02-21,"Discovery","Atlantic","Organic",33.02,0
898,1754,2026-04-11,"Standard","Atlantic","Organic",12.52,0
899,3013,2026-02-27,"Signature","Atlantic","Organic",18.03,0
900,2238,2026-02-12,"Signature","Atlantic","Organic",21.29,0
901,2120,2026-01-12,"Standard","Ontario","Search",14.74,0
902,2840,2026-01-20,"Signature","Atlantic","Organic",20.3,0
903,3427,2026-02-18,"Signature","Atlantic","Search",22.95,0
904,985,2026-05-27,"Standard","Atlantic","Organic",16.16,0
905,2505,2026-01-11,"Standard","Atlantic","Social",10.57,0
906,1218,2026-01-08,"Signature","Atlantic","Social",19.62,1
907,2300,2026-04-10,"Signature","Ontario","Social",24.81,0
908,201,2026-04-28,"Signature","Ontario","Search",27.97,0
909,751,2026-01-17,"Standard","Ontario","Referral",14.46,0
910,530,2026-05-24,"Signature","Atlantic","Organic",20.18,1
911,479,2026-06-30,"Standard","Atlantic","Social",9.02,0
912,1171,2026-06-13,"Standard","Ontario","Search",13.82,0
913,3947,2026-03-30,"Standard","Atlantic","Social",10.56,0
914,2894,2026-02-21,"Standard","Atlantic","Social",20.54,0
915,45,2026-03-11,"Standard","Atlantic","Search",13.33,1
916,820,2026-03-09,"Standard","Atlantic","Organic",11.7,1
917,1225,2026-04-26,"Standard","Atlantic","Referral",10.12,1
918,2764,2026-05-23,"Standard","Atlantic","Search",18.13,0
919,3927,2026-02-03,"Standard","Atlantic","Organic",12,0
920,2437,2026-03-20,"Signature","Atlantic","Organic",19.55,0
921,3832,2026-05-07,"Discovery","Atlantic","Social",38.52,0
922,205,2026-01-31,"Standard","Atlantic","Organic",12.52,1
923,1660,2026-06-04,"Standard","Ontario","Organic",14.87,1
924,1713,2026-06-08,"Standard","Atlantic","Organic",18.1,0
925,1729,2026-06-01,"Standard","Atlantic","Organic",18.64,0
926,3334,2026-05-23,"Standard","Atlantic","Social",15.49,0
927,529,2026-06-04,"Standard","Atlantic","Search",15.08,1
928,3271,2026-01-08,"Standard","Ontario","Referral",18.93,0
929,3093,2026-04-25,"Standard","Ontario","Social",18.11,1
930,1886,2026-06-27,"Standard","Atlantic","Search",13.76,0
931,628,2026-01-29,"Standard","Atlantic","Search",15.55,1
932,1662,2026-07-01,"Standard","Atlantic","Organic",13.07,0
933,3009,2026-04-18,"Signature","Atlantic","Search",20.09,0
934,3696,2026-05-07,"Standard","Atlantic","Referral",17.65,0
935,2482,2026-06-29,"Signature","Atlantic","Retail_partner",23.09,0
936,2889,2026-05-23,"Discovery","Atlantic","Organic",33.01,0
937,2862,2026-05-14,"Standard","Ontario","Organic",17.28,1
938,3623,2026-02-21,"Signature","Atlantic","Search",26.39,1
939,697,2026-01-24,"Signature","Atlantic","Organic",21.62,0
940,170,2026-03-25,"Signature","Atlantic","Organic",22.21,0
941,1230,2026-05-15,"Standard","Atlantic","Social",14.87,0
942,1494,2026-03-09,"Standard","Atlantic","Retail_partner",15.15,1
943,1680,2026-06-07,"Discovery","Ontario","Search",37.67,0
944,500,2026-04-13,"Signature","Atlantic","Social",23.72,0
945,1595,2026-04-08,"Signature","Atlantic","Organic",20.17,0
946,1090,2026-05-10,"Standard","Atlantic","Organic",16.12,0
947,497,2026-05-27,"Discovery","Atlantic","Social",27.26,0
948,165,2026-04-07,"Standard","Ontario","Retail_partner",16.31,1
949,2004,2026-04-26,"Signature","Atlantic","Referral",23.21,0
950,188,2026-04-09,"Standard","Atlantic","Social",14.14,0
951,3356,2026-04-12,"Standard","Atlantic","Referral",15.51,1
952,2320,2026-04-25,"Standard","Atlantic","Organic",17.24,1
953,3823,2026-05-31,"Signature","Atlantic","Social",23.01,0
954,119,2026-06-12,"Discovery","Atlantic","Referral",29.97,0
955,2310,2026-03-07,"Signature","Atlantic","Retail_partner",21.39,0
956,3807,2026-01-11,"Discovery","Atlantic","Search",32.99,1
957,1652,2026-01-31,"Standard","Atlantic","Referral",18.25,0
958,2898,2026-01-10,"Discovery","Atlantic","Referral",33.3,1
959,3280,2026-06-23,"Standard","Atlantic","Retail_partner",15.29,0
960,863,2026-01-04,"Standard","Atlantic","Social",11.71,0
961,2748,2026-04-10,"Discovery","Atlantic","Search",30,1
962,1598,2026-03-16,"Standard","Atlantic","Search",15.28,1
963,3884,2026-04-13,"Signature","Ontario","Search",24.11,0
964,1127,2026-01-02,"Discovery","Atlantic","Search",33.49,0
965,2613,2026-06-20,"Standard","Atlantic","Organic",14.69,0
966,3219,2026-06-23,"Signature","Atlantic","Referral",20.35,0
967,2873,2026-02-10,"Signature","Atlantic","Retail_partner",20.28,0
968,213,2026-06-28,"Signature","Atlantic","Organic",19.51,0
969,635,2026-06-08,"Standard","Atlantic","Organic",13.02,0
970,3866,2026-04-24,"Standard","Atlantic","Organic",13.76,1
971,3228,2026-02-11,"Standard","Atlantic","Social",16.41,0
972,1875,2026-03-30,"Standard","Atlantic","Social",16.91,0
973,1805,2026-04-14,"Standard","Ontario","Referral",18.11,1
974,3160,2026-05-21,"Standard","Atlantic","Referral",15.44,1
975,2289,2026-05-08,"Signature","Atlantic","Search",18.98,0
976,4,2026-01-04,"Signature","Atlantic","Organic",29.23,1
977,1320,2026-03-26,"Standard","Atlantic","Referral",13.47,0
978,846,2026-06-03,"Signature","Atlantic","Organic",23.46,1
979,596,2026-02-17,"Standard","Atlantic","Organic",17.47,0
980,1936,2026-01-10,"Discovery","Atlantic","Referral",32.78,0
981,3169,2026-01-23,"Standard","Atlantic","Organic",13.5,0
982,1479,2026-03-30,"Standard","Ontario","Search",15.78,0
983,2859,2026-02-04,"Standard","Atlantic","Organic",16.32,0
984,2356,2026-04-05,"Standard","Atlantic","Organic",14.68,0
985,3444,2026-01-03,"Standard","Atlantic","Social",14.27,0
986,1358,2026-04-11,"Signature","Atlantic","Search",20.35,0
987,684,2026-02-17,"Standard","Atlantic","Search",15.61,0
988,2812,2026-05-20,"Standard","Ontario","Referral",16.02,1
989,1268,2026-05-15,"Standard","Atlantic","Social",15.33,0
990,2218,2026-07-01,"Standard","Atlantic","Organic",17.67,0
991,1620,2026-04-01,"Signature","Atlantic","Organic",23.52,1
992,1800,2026-05-13,"Standard","Atlantic","Social",13.45,0
993,1316,2026-03-27,"Signature","Ontario","Organic",21.36,0
994,2049,2026-06-15,"Signature","Atlantic","Organic",15.75,0
995,2271,2026-05-02,"Discovery","Atlantic","Organic",31.76,0
996,2644,2026-02-24,"Standard","Ontario","Organic",14.95,1
997,3547,2026-05-29,"Signature","Atlantic","Organic",21.81,1
998,404,2026-05-27,"Discovery","Atlantic","Organic",30.72,0
999,2908,2026-02-13,"Standard","Atlantic","Search",17.72,0
1000,2051,2026-05-02,"Standard","Atlantic","Referral",15.41,0
1001,1777,2026-03-24,"Signature","Atlantic","Social",14.37,0
1002,2134,2026-05-23,"Signature","Atlantic","Retail_partner",24.66,0
1003,760,2026-04-18,"Discovery","Atlantic","Social",30.66,0
1004,1040,2026-03-04,"Standard","Atlantic","Organic",18.75,0
1005,1691,2026-03-10,"Signature","Ontario","Search",22.4,0
1006,2649,2026-05-18,"Standard","Atlantic","Search",15.11,0
1007,3974,2026-02-09,"Discovery","Ontario","Search",31.61,0
1008,770,2026-01-09,"Signature","Ontario","Referral",24.63,0
1009,3365,2026-02-01,"Standard","Atlantic","Social",14.21,0
1010,247,2026-04-24,"Standard","Atlantic","Organic",16.17,1
1011,1162,2026-04-21,"Standard","Atlantic","Social",18.13,0
1012,606,2026-06-30,"Standard","Atlantic","Search",14.44,1
1013,2809,2026-04-16,"Standard","Atlantic","Social",13.35,0
1014,724,2026-01-04,"Standard","Atlantic","Organic",14.97,1
1015,2649,2026-05-27,"Signature","Atlantic","Social",19.07,1
1016,1660,2026-04-23,"Signature","Atlantic","Social",22.82,1
1017,1795,2026-05-27,"Signature","Atlantic","Search",23.17,1
1018,3146,2026-06-01,"Standard","Atlantic","Social",19.39,0
1019,1759,2026-05-15,"Signature","Ontario","Referral",19.38,0
1020,2894,2026-03-11,"Signature","Atlantic","Social",25.69,0
1021,2767,2026-03-17,"Signature","Atlantic","Referral",20.65,0
1022,1378,2026-01-13,"Signature","Atlantic","Social",23.32,0
1023,2399,2026-06-05,"Discovery","Atlantic","Search",34.16,0
1024,3667,2026-06-05,"Standard","Atlantic","Referral",15.42,1
1025,1647,2026-02-04,"Signature","Atlantic","Search",25.4,0
1026,2927,2026-02-14,"Standard","Atlantic","Search",16.25,0
1027,2589,2026-01-30,"Signature","Ontario","Search",24.25,0
1028,1386,2026-04-13,"Standard","Ontario","Referral",16.31,0
1029,991,2026-02-22,"Standard","Atlantic","Organic",14.91,0
1030,337,2026-06-03,"Standard","Atlantic","Social",17.24,0
1031,2599,2026-06-26,"Signature","Ontario","Retail_partner",24.61,0
1032,2289,2026-01-01,"Standard","Ontario","Social",13.9,1
1033,838,2026-03-10,"Signature","Atlantic","Search",20.23,1
1034,3225,2026-03-14,"Standard","Atlantic","Search",14.84,0
1035,2657,2026-04-06,"Signature","Atlantic","Referral",25.08,0
1036,3977,2026-01-16,"Standard","Atlantic","Search",12.9,0
1037,799,2026-03-01,"Standard","Atlantic","Social",17.71,0
1038,3853,2026-01-26,"Standard","Atlantic","Organic",15.01,0
1039,1494,2026-02-17,"Signature","Ontario","Organic",17.68,0
1040,298,2026-02-01,"Discovery","Atlantic","Referral",33.63,0
1041,1287,2026-04-04,"Signature","Atlantic","Organic",22.11,0
1042,1669,2026-04-08,"Standard","Atlantic","Search",12.41,0
1043,3011,2026-01-15,"Standard","Atlantic","Social",18.34,0
1044,1235,2026-04-15,"Standard","Atlantic","Social",15.69,0
1045,3654,2026-03-13,"Standard","Atlantic","Search",12.92,0
1046,3079,2026-02-09,"Signature","Atlantic","Social",22.41,0
1047,3575,2026-03-02,"Standard","Ontario","Organic",22.89,0
1048,296,2026-02-15,"Signature","Atlantic","Social",21.23,0
1049,3060,2026-05-05,"Signature","Ontario","Organic",21.2,0
1050,3318,2026-05-21,"Discovery","Atlantic","Organic",29.14,0
1051,1696,2026-03-31,"Signature","Atlantic","Social",23.65,0
1052,8,2026-06-10,"Standard","Atlantic","Social",10.53,1
1053,3587,2026-04-20,"Signature","Atlantic","Social",26.22,0
1054,2809,2026-01-29,"Signature","Atlantic","Search",24.85,0
1055,2640,2026-05-12,"Standard","Ontario","Social",13.55,1
1056,2152,2026-01-22,"Standard","Atlantic","Organic",14.58,1
1057,1721,2026-02-16,"Standard","Atlantic","Social",11.62,0
1058,2569,2026-04-13,"Discovery","Atlantic","Search",34.75,1
1059,2473,2026-05-31,"Standard","Atlantic","Referral",19.88,0
1060,2811,2026-01-01,"Standard","Atlantic","Organic",15.64,0
1061,3599,2026-06-17,"Standard","Ontario","Retail_partner",15.79,0
1062,1318,2026-04-14,"Discovery","Atlantic","Search",31.92,0
1063,3757,2026-04-06,"Discovery","Ontario","Organic",37.55,0
1064,702,2026-02-24,"Standard","Atlantic","Referral",11.76,0
1065,3544,2026-02-01,"Standard","Atlantic","Social",19.81,0
1066,227,2026-01-13,"Signature","Atlantic","Social",19.02,0
1067,238,2026-02-19,"Standard","Atlantic","Retail_partner",15.78,0
1068,2114,2026-01-18,"Signature","Atlantic","Referral",22.74,1
1069,2235,2026-06-17,"Standard","Atlantic","Organic",11.59,0
1070,577,2026-05-10,"Standard","Ontario","Retail_partner",12.87,0
1071,625,2026-01-13,"Standard","Ontario","Search",16.85,0
1072,976,2026-02-08,"Standard","Atlantic","Organic",16.72,0
1073,3142,2026-02-24,"Discovery","Atlantic","Organic",33.54,0
1074,1700,2026-01-01,"Standard","Atlantic","Social",17.29,0
1075,1290,2026-03-22,"Signature","Atlantic","Organic",25.27,0
1076,899,2026-05-25,"Standard","Atlantic","Organic",15.6,1
1077,259,2026-05-04,"Standard","Atlantic","Organic",16.58,1
1078,691,2026-06-28,"Standard","Atlantic","Social",17.94,1
1079,2180,2026-03-18,"Discovery","Atlantic","Social",32.31,0
1080,12,2026-03-01,"Standard","Atlantic","Organic",10.01,1
1081,2605,2026-02-06,"Standard","Ontario","Organic",16.03,1
1082,1516,2026-04-20,"Discovery","Atlantic","Organic",30.84,0
1083,1643,2026-04-08,"Standard","Atlantic","Search",11.75,0
1084,2300,2026-06-05,"Standard","Atlantic","Search",19.12,0
1085,931,2026-05-23,"Discovery","Atlantic","Organic",36.26,0
1086,785,2026-06-27,"Standard","Atlantic","Organic",10.58,0
1087,738,2026-02-05,"Discovery","Atlantic","Organic",32.79,1
1088,3255,2026-04-24,"Standard","Atlantic","Retail_partner",15.71,0
1089,3774,2026-01-13,"Signature","Atlantic","Social",22.55,0
1090,1134,2026-03-12,"Standard","Atlantic","Social",11.3,0
1091,1093,2026-02-08,"Standard","Ontario","Search",14.86,0
1092,2148,2026-03-16,"Discovery","Ontario","Organic",30.61,0
1093,2763,2026-04-16,"Discovery","Atlantic","Referral",31.82,0
1094,3880,2026-06-13,"Standard","Atlantic","Organic",16.32,0
1095,374,2026-02-04,"Standard","Atlantic","Social",17.88,0
1096,3046,2026-03-22,"Standard","Atlantic","Social",15.77,1
1097,3299,2026-05-01,"Signature","Ontario","Search",23.46,0
1098,1051,2026-06-29,"Discovery","Ontario","Retail_partner",34.39,0
1099,1914,2026-02-19,"Standard","Atlantic","Organic",18.04,0
1100,2714,2026-04-16,"Standard","Atlantic","Organic",18.39,0
1101,1561,2026-06-19,"Discovery","Atlantic","Social",34.57,1
1102,2630,2026-01-18,"Standard","Atlantic","Organic",15.41,1
1103,3781,2026-01-24,"Standard","Ontario","Search",14.39,0
1104,1628,2026-05-24,"Signature","Atlantic","Search",24.76,0
1105,1610,2026-03-13,"Standard","Atlantic","Organic",17.78,0
1106,423,2026-05-17,"Standard","Atlantic","Search",13.57,0
1107,870,2026-04-28,"Standard","Ontario","Organic",14.96,0
1108,1433,2026-01-21,"Discovery","Atlantic","Organic",27.12,0
1109,661,2026-03-14,"Signature","Atlantic","Search",21.31,0
1110,2905,2026-01-14,"Standard","Atlantic","Referral",11.15,0
1111,2806,2026-03-01,"Standard","Atlantic","Referral",14.23,0
1112,2977,2026-04-13,"Standard","Atlantic","Search",9.36,0
1113,1076,2026-06-09,"Signature","Atlantic","Organic",20.07,1
1114,463,2026-06-12,"Discovery","Atlantic","Organic",30.11,0
1115,1159,2026-04-28,"Signature","Atlantic","Referral",17.31,0
1116,3966,2026-01-21,"Standard","Ontario","Referral",15.63,0
1117,1239,2026-04-07,"Standard","Ontario","Organic",20.23,0
1118,3150,2026-05-04,"Standard","Atlantic","Referral",15.83,1
1119,1992,2026-01-14,"Standard","Atlantic","Search",17.42,1
1120,1454,2026-03-24,"Standard","Atlantic","Organic",10.71,0
1121,1533,2026-01-13,"Signature","Atlantic","Referral",20.65,1
1122,3211,2026-02-25,"Standard","Atlantic","Organic",13.28,1
1123,1480,2026-01-14,"Signature","Atlantic","Organic",25.07,0
1124,809,2026-06-25,"Signature","Atlantic","Social",21.16,1
1125,2832,2026-02-04,"Standard","Ontario","Social",11.81,1
1126,3924,2026-03-18,"Standard","Atlantic","Social",17.66,0
1127,253,2026-04-11,"Signature","Ontario","Organic",18.68,1
1128,1044,2026-06-18,"Signature","Atlantic","Retail_partner",20.71,0
1129,1818,2026-02-18,"Standard","Atlantic","Social",19.77,0
1130,2332,2026-01-23,"Signature","Atlantic","Search",21.39,0
1131,1185,2026-04-07,"Standard","Ontario","Referral",13.32,0
1132,1048,2026-06-14,"Standard","Atlantic","Organic",12.5,1
1133,1442,2026-06-21,"Standard","Ontario","Organic",19.89,0
1134,3940,2026-02-21,"Signature","Ontario","Referral",22.66,0
1135,2009,2026-06-29,"Discovery","Atlantic","Search",33.01,0
1136,757,2026-02-08,"Standard","Atlantic","Referral",14.63,1
1137,999,2026-04-06,"Standard","Ontario","Social",15.26,0
1138,2678,2026-01-03,"Standard","Ontario","Organic",14.11,1
1139,1275,2026-05-05,"Standard","Ontario","Referral",15.55,1
1140,2077,2026-04-25,"Discovery","Atlantic","Social",27.69,0
1141,1519,2026-03-17,"Standard","Atlantic","Referral",14.79,0
1142,2696,2026-02-13,"Signature","Atlantic","Referral",22.44,1
1143,1121,2026-01-13,"Signature","Atlantic","Organic",22.86,0
1144,1970,2026-04-01,"Standard","Ontario","Referral",16.63,1
1145,1316,2026-04-30,"Standard","Atlantic","Organic",13.57,0
1146,525,2026-06-29,"Standard","Ontario","Search",13.25,0
1147,1320,2026-05-03,"Standard","Ontario","Referral",19.16,0
1148,3346,2026-06-28,"Signature","Atlantic","Organic",25.24,0
1149,2127,2026-01-05,"Discovery","Atlantic","Search",30.83,0
1150,2544,2026-02-25,"Standard","Ontario","Organic",17.99,0
1151,682,2026-01-10,"Standard","Atlantic","Organic",13.56,0
1152,469,2026-03-22,"Signature","Atlantic","Search",28.39,0
1153,1849,2026-02-07,"Signature","Atlantic","Search",26.6,0
1154,1760,2026-01-21,"Standard","Ontario","Organic",15.28,0
1155,3592,2026-01-04,"Signature","Atlantic","Organic",24.12,0
1156,2582,2026-05-18,"Standard","Atlantic","Social",14.69,0
1157,1454,2026-04-10,"Standard","Atlantic","Organic",20.07,1
1158,940,2026-01-12,"Discovery","Atlantic","Retail_partner",32.32,0
1159,3100,2026-04-04,"Discovery","Atlantic","Referral",29.28,0
1160,1833,2026-03-02,"Standard","Atlantic","Search",13.28,0
1161,977,2026-04-29,"Signature","Atlantic","Organic",18.4,1
1162,1225,2026-04-23,"Signature","Atlantic","Organic",26.24,0
1163,980,2026-01-17,"Standard","Ontario","Search",16.68,0
1164,3671,2026-06-26,"Signature","Ontario","Organic",24.14,0
1165,1759,2026-04-26,"Standard","Atlantic","Organic",18.37,1
1166,1325,2026-02-04,"Standard","Atlantic","Search",17.6,0
1167,2217,2026-05-05,"Signature","Atlantic","Social",28.22,0
1168,1829,2026-04-04,"Signature","Atlantic","Search",20.7,0
1169,1158,2026-02-01,"Discovery","Atlantic","Social",29.68,0
1170,2438,2026-06-17,"Standard","Ontario","Social",13.82,0
1171,325,2026-03-07,"Standard","Ontario","Organic",16.98,0
1172,3406,2026-05-10,"Standard","Atlantic","Search",15.78,0
1173,3593,2026-03-28,"Standard","Atlantic","Search",18.78,0
1174,1436,2026-01-17,"Standard","Atlantic","Referral",10.1,0
1175,853,2026-06-23,"Signature","Atlantic","Social",18.91,0
1176,2719,2026-05-11,"Standard","Atlantic","Organic",13.08,0
1177,3567,2026-04-23,"Standard","Atlantic","Organic",13.77,0
1178,1712,2026-05-18,"Standard","Atlantic","Social",13.37,0
1179,347,2026-03-27,"Signature","Atlantic","Referral",24.4,0
1180,2063,2026-04-16,"Standard","Atlantic","Organic",14.06,0
1181,2663,2026-01-12,"Standard","Atlantic","Search",16.19,0
1182,1583,2026-02-23,"Standard","Atlantic","Organic",14.78,1
1183,2148,2026-02-19,"Standard","Atlantic","Search",16.46,0
1184,21,2026-01-08,"Signature","Atlantic","Social",17.89,0
1185,3786,2026-02-27,"Signature","Atlantic","Organic",24.03,0
1186,1492,2026-06-28,"Standard","Atlantic","Retail_partner",14.02,0
1187,1866,2026-01-22,"Standard","Atlantic","Organic",17.74,1
1188,2339,2026-03-30,"Discovery","Ontario","Social",30.86,1
1189,3654,2026-03-10,"Signature","Atlantic","Organic",22.72,1
1190,3216,2026-02-14,"Standard","Ontario","Organic",18.28,1
1191,2630,2026-03-25,"Signature","Atlantic","Search",21.38,0
1192,845,2026-05-19,"Signature","Atlantic","Organic",22.29,0
1193,2357,2026-05-30,"Standard","Atlantic","Organic",13.97,0
1194,1185,2026-05-17,"Signature","Atlantic","Search",27.36,0
1195,78,2026-01-14,"Standard","Atlantic","Referral",14.94,0
1196,2241,2026-02-25,"Standard","Ontario","Organic",15.27,1
1197,1723,2026-04-23,"Signature","Atlantic","Organic",17.39,0
1198,2615,2026-04-21,"Signature","Atlantic","Social",27.69,1
1199,3591,2026-03-08,"Standard","Atlantic","Retail_partner",15.69,0
1200,1348,2026-01-06,"Standard","Atlantic","Referral",18.54,1
1201,2396,2026-05-25,"Signature","Ontario","Search",21.05,0
1202,405,2026-03-24,"Signature","Atlantic","Search",24.73,0
1203,2502,2026-01-25,"Standard","Atlantic","Social",16.95,1
1204,3042,2026-04-05,"Standard","Atlantic","Search",14.72,1
1205,1102,2026-03-11,"Standard","Ontario","Referral",14.42,0
1206,3607,2026-02-26,"Signature","Atlantic","Organic",26.05,0
1207,3725,2026-02-02,"Signature","Atlantic","Organic",23.49,0
1208,466,2026-05-11,"Standard","Atlantic","Social",15.19,1
1209,1343,2026-01-04,"Signature","Atlantic","Search",23.55,0
1210,3642,2026-06-10,"Standard","Atlantic","Referral",17.3,0
1211,2507,2026-01-30,"Signature","Atlantic","Organic",23.77,0
1212,2973,2026-06-13,"Discovery","Atlantic","Retail_partner",28.41,0
1213,3780,2026-03-01,"Standard","Atlantic","Referral",15.86,0
1214,1350,2026-02-27,"Standard","Atlantic","Social",10.58,1
1215,166,2026-02-21,"Signature","Atlantic","Search",23.16,0
1216,1107,2026-06-18,"Standard","Atlantic","Organic",13.01,0
1217,1706,2026-02-07,"Discovery","Atlantic","Retail_partner",31.31,0
1218,1748,2026-05-23,"Standard","Atlantic","Organic",14.03,0
1219,1563,2026-04-04,"Standard","Atlantic","Retail_partner",15.18,0
1220,592,2026-02-16,"Signature","Atlantic","Search",23.44,1
1221,3463,2026-01-23,"Signature","Ontario","Retail_partner",25.89,0
1222,7,2026-03-23,"Signature","Ontario","Search",17.69,1
1223,2527,2026-06-09,"Standard","Atlantic","Referral",11.19,1
1224,2741,2026-03-19,"Discovery","Atlantic","Retail_partner",32.97,0
1225,2656,2026-03-23,"Signature","Atlantic","Referral",23.82,0
1226,429,2026-01-03,"Signature","Atlantic","Organic",23.91,1
1227,1698,2026-03-07,"Signature","Ontario","Organic",24.74,0
1228,606,2026-03-21,"Standard","Atlantic","Search",16.17,0
1229,2417,2026-05-05,"Standard","Atlantic","Referral",18.68,1
1230,2794,2026-03-13,"Standard","Atlantic","Retail_partner",15.06,0
1231,3154,2026-06-20,"Standard","Ontario","Social",20.21,0
1232,3611,2026-03-12,"Signature","Ontario","Social",23.7,0
1233,199,2026-05-01,"Standard","Atlantic","Organic",17.2,0
1234,3534,2026-04-14,"Standard","Ontario","Search",18.87,1
1235,1612,2026-04-13,"Discovery","Ontario","Referral",32.18,0
1236,296,2026-06-21,"Standard","Atlantic","Organic",18.64,0
1237,3080,2026-06-13,"Standard","Atlantic","Retail_partner",12.27,0
1238,353,2026-05-25,"Standard","Atlantic","Referral",15.97,1
1239,1440,2026-01-25,"Signature","Atlantic","Social",21.1,0
1240,2177,2026-06-08,"Signature","Ontario","Referral",23.79,1
1241,578,2026-06-16,"Standard","Atlantic","Organic",12.44,0
1242,2725,2026-05-07,"Signature","Ontario","Referral",22.4,0
1243,3105,2026-01-02,"Standard","Ontario","Search",19.17,0
1244,821,2026-04-19,"Standard","Atlantic","Organic",14.47,1
1245,3941,2026-01-08,"Signature","Atlantic","Search",25.16,0
1246,918,2026-05-16,"Signature","Atlantic","Organic",13.88,0
1247,3557,2026-01-05,"Signature","Atlantic","Referral",27.36,0
1248,1391,2026-03-11,"Discovery","Atlantic","Retail_partner",34.08,1
1249,206,2026-03-19,"Standard","Atlantic","Organic",14.49,1
1250,1871,2026-06-26,"Signature","Atlantic","Social",21.02,1
1251,2826,2026-06-09,"Signature","Atlantic","Social",23.51,0
1252,517,2026-03-29,"Standard","Ontario","Organic",15.16,0
1253,3087,2026-02-09,"Standard","Atlantic","Referral",15.03,0
1254,3522,2026-06-16,"Standard","Atlantic","Referral",14.52,0
1255,2351,2026-03-28,"Standard","Atlantic","Organic",15.87,0
1256,3835,2026-02-01,"Discovery","Atlantic","Organic",31.98,0
1257,1964,2026-01-28,"Signature","Atlantic","Referral",22.97,1
1258,3936,2026-04-10,"Discovery","Atlantic","Referral",33.04,0
1259,3190,2026-04-23,"Standard","Atlantic","Search",12.95,1
1260,350,2026-02-27,"Standard","Atlantic","Search",18.97,0
1261,1491,2026-06-21,"Standard","Atlantic","Organic",19.07,0
1262,91,2026-03-13,"Standard","Ontario","Organic",16.99,1
1263,3866,2026-05-26,"Signature","Atlantic","Referral",17.56,0
1264,1254,2026-03-03,"Signature","Atlantic","Search",24.08,0
1265,2899,2026-05-15,"Signature","Atlantic","Referral",23.41,0
1266,226,2026-03-06,"Discovery","Ontario","Organic",27.22,0
1267,19,2026-04-18,"Signature","Atlantic","Organic",21.1,0
1268,2142,2026-03-18,"Signature","Atlantic","Social",19.21,0
1269,3510,2026-03-31,"Standard","Atlantic","Organic",16.36,0
1270,3830,2026-05-24,"Standard","Atlantic","Retail_partner",15.96,1
1271,3082,2026-01-21,"Discovery","Ontario","Social",36.12,0
1272,3342,2026-06-16,"Standard","Ontario","Search",22.22,0
1273,1999,2026-05-13,"Standard","Atlantic","Social",16.2,0
1274,662,2026-04-30,"Signature","Atlantic","Referral",27.07,0
1275,3882,2026-03-17,"Standard","Atlantic","Social",17.09,0
1276,610,2026-03-16,"Standard","Atlantic","Social",12.92,0
1277,2476,2026-05-23,"Signature","Atlantic","Organic",19.64,0
1278,852,2026-05-31,"Standard","Atlantic","Organic",17.66,1
1279,3487,2026-04-10,"Signature","Ontario","Search",25.29,0
1280,3102,2026-06-03,"Standard","Atlantic","Organic",13.05,0
1281,242,2026-02-01,"Signature","Atlantic","Organic",25.15,1
1282,912,2026-01-30,"Standard","Atlantic","Social",15.9,1
1283,2365,2026-03-24,"Signature","Atlantic","Social",23.07,0
1284,2159,2026-05-07,"Standard","Atlantic","Organic",14.52,0
1285,325,2026-06-22,"Standard","Atlantic","Retail_partner",12.71,0
1286,2652,2026-04-03,"Signature","Atlantic","Retail_partner",22.13,0
1287,85,2026-04-16,"Discovery","Atlantic","Search",32.49,0
1288,2262,2026-06-21,"Signature","Atlantic","Search",21.53,0
1289,3302,2026-02-25,"Signature","Atlantic","Search",22.9,0
1290,622,2026-04-17,"Standard","Atlantic","Retail_partner",17.73,1
1291,1846,2026-05-31,"Standard","Ontario","Organic",19.96,0
1292,3349,2026-02-09,"Standard","Atlantic","Retail_partner",13.39,0
1293,105,2026-04-28,"Signature","Ontario","Social",26.45,0
1294,925,2026-01-14,"Standard","Atlantic","Organic",13.65,0
1295,3277,2026-01-26,"Standard","Atlantic","Referral",15.48,0
1296,3606,2026-05-28,"Standard","Atlantic","Search",12.16,0
1297,2289,2026-05-26,"Standard","Atlantic","Organic",16.11,0
1298,140,2026-05-14,"Standard","Ontario","Retail_partner",19.49,0
1299,3895,2026-02-21,"Signature","Atlantic","Search",25.2,0
1300,2250,2026-03-14,"Standard","Atlantic","Organic",15.19,0
1301,3490,2026-05-14,"Signature","Ontario","Organic",21.98,0
1302,91,2026-02-27,"Standard","Ontario","Organic",15.49,0
1303,2855,2026-03-10,"Signature","Atlantic","Organic",20.74,0
1304,153,2026-01-12,"Standard","Atlantic","Search",18.14,0
1305,837,2026-06-14,"Signature","Atlantic","Referral",24.35,0
1306,326,2026-01-13,"Standard","Atlantic","Social",19.44,1
1307,3048,2026-01-22,"Standard","Atlantic","Retail_partner",16.82,0
1308,3859,2026-06-10,"Signature","Atlantic","Social",26.15,0
1309,442,2026-06-28,"Standard","Atlantic","Retail_partner",14.39,0
1310,971,2026-01-13,"Signature","Ontario","Organic",27.01,0
1311,105,2026-01-31,"Signature","Atlantic","Organic",22.72,0
1312,1886,2026-02-18,"Standard","Atlantic","Social",14.44,1
1313,785,2026-02-05,"Standard","Atlantic","Retail_partner",12.79,0
1314,2456,2026-03-02,"Discovery","Atlantic","Organic",31.77,0
1315,3534,2026-03-03,"Discovery","Ontario","Organic",29.91,0
1316,1427,2026-02-28,"Signature","Atlantic","Retail_partner",22.17,0
1317,2292,2026-02-15,"Discovery","Atlantic","Social",34.57,0
1318,1237,2026-06-10,"Signature","Atlantic","Organic",22.65,0
1319,1670,2026-01-11,"Discovery","Atlantic","Social",30.95,0
1320,1520,2026-03-19,"Standard","Atlantic","Referral",12.85,0
1321,2330,2026-01-21,"Standard","Atlantic","Organic",13.49,1
1322,1874,2026-03-05,"Standard","Ontario","Organic",19.36,0
1323,2892,2026-01-31,"Standard","Atlantic","Referral",13.62,1
1324,1534,2026-03-01,"Signature","Atlantic","Referral",26.31,0
1325,2453,2026-03-25,"Standard","Atlantic","Search",10.6,1
1326,3922,2026-01-31,"Standard","Atlantic","Organic",18.97,0
1327,332,2026-02-16,"Signature","Atlantic","Organic",23.31,0
1328,693,2026-05-04,"Standard","Atlantic","Organic",15.18,1
1329,665,2026-06-02,"Standard","Atlantic","Retail_partner",16.71,0
1330,184,2026-06-10,"Standard","Atlantic","Organic",18.57,0
1331,1056,2026-02-14,"Signature","Ontario","Search",23.08,0
1332,2082,2026-04-19,"Standard","Ontario","Social",14.43,1
1333,3185,2026-04-15,"Standard","Atlantic","Referral",10.14,1
1334,3674,2026-06-26,"Discovery","Atlantic","Organic",34.04,0
1335,3016,2026-04-16,"Signature","Ontario","Retail_partner",20.12,0
1336,3154,2026-01-16,"Standard","Ontario","Organic",13.29,0
1337,2981,2026-02-24,"Discovery","Ontario","Organic",30.23,1
1338,3393,2026-05-30,"Signature","Atlantic","Search",20.81,0
1339,1253,2026-06-11,"Standard","Ontario","Search",15.88,0
1340,2360,2026-02-13,"Standard","Atlantic","Search",15.13,1
1341,3040,2026-04-16,"Discovery","Ontario","Organic",35.86,0
1342,3047,2026-06-11,"Signature","Atlantic","Referral",19.99,0
1343,1444,2026-02-08,"Signature","Atlantic","Search",18.95,0
1344,2971,2026-05-12,"Discovery","Ontario","Retail_partner",33.02,0
1345,2752,2026-03-19,"Standard","Atlantic","Search",13.55,0
1346,624,2026-04-29,"Standard","Atlantic","Referral",13.12,0
1347,1481,2026-06-17,"Standard","Atlantic","Referral",15.3,1
1348,2291,2026-05-31,"Standard","Atlantic","Search",15.23,1
1349,2448,2026-05-23,"Discovery","Atlantic","Referral",34.21,0
1350,3821,2026-01-01,"Standard","Atlantic","Organic",15.92,0
1351,2094,2026-02-27,"Standard","Atlantic","Social",16.57,0
1352,195,2026-03-31,"Signature","Atlantic","Organic",24.53,1
1353,3859,2026-05-30,"Signature","Atlantic","Social",22.08,0
1354,1370,2026-03-05,"Standard","Atlantic","Organic",16.79,0
1355,1001,2026-03-20,"Signature","Atlantic","Organic",22.47,0
1356,3759,2026-04-10,"Standard","Ontario","Search",16.02,0
1357,2319,2026-02-25,"Standard","Atlantic","Social",14.58,0
1358,3013,2026-04-13,"Standard","Atlantic","Social",19.18,0
1359,2695,2026-03-03,"Standard","Atlantic","Retail_partner",17.04,0
1360,169,2026-04-30,"Standard","Atlantic","Retail_partner",16.07,0
1361,2245,2026-05-17,"Standard","Atlantic","Organic",16.81,1
1362,3097,2026-01-24,"Standard","Atlantic","Search",14.69,0
1363,1414,2026-01-07,"Signature","Ontario","Search",19.09,1
1364,3689,2026-01-08,"Standard","Atlantic","Search",11.38,0
1365,3060,2026-05-25,"Discovery","Ontario","Search",34.61,0
1366,2999,2026-01-20,"Standard","Atlantic","Social",19.78,1
1367,3497,2026-02-18,"Standard","Atlantic","Organic",17.3,1
1368,417,2026-03-08,"Signature","Atlantic","Organic",25.77,0
1369,307,2026-04-07,"Signature","Ontario","Organic",19.62,0
1370,465,2026-04-06,"Signature","Atlantic","Organic",26.74,0
1371,2506,2026-01-31,"Standard","Ontario","Organic",13.62,0
1372,1764,2026-01-27,"Discovery","Ontario","Search",31.19,0
1373,3458,2026-04-14,"Standard","Atlantic","Referral",12.64,0
1374,51,2026-01-10,"Standard","Atlantic","Organic",9.2,1
1375,1991,2026-04-10,"Standard","Ontario","Search",14.62,1
1376,3301,2026-03-17,"Standard","Atlantic","Retail_partner",12.24,1
1377,2767,2026-01-23,"Signature","Atlantic","Organic",22.81,0
1378,1209,2026-05-16,"Standard","Ontario","Organic",21.69,1
1379,26,2026-01-12,"Signature","Atlantic","Referral",22.78,0
1380,1143,2026-03-16,"Standard","Ontario","Search",19.25,0
1381,2332,2026-02-26,"Standard","Atlantic","Search",13.5,0
1382,3321,2026-06-25,"Standard","Atlantic","Referral",18.58,1
1383,3281,2026-03-26,"Standard","Atlantic","Search",17.27,0
1384,1639,2026-02-06,"Signature","Atlantic","Retail_partner",22.18,0
1385,539,2026-02-19,"Standard","Ontario","Search",18.06,0
1386,1269,2026-05-30,"Discovery","Atlantic","Retail_partner",32.97,0
1387,2418,2026-01-30,"Standard","Atlantic","Organic",13.43,1
1388,932,2026-06-05,"Standard","Ontario","Retail_partner",14.4,0
1389,2649,2026-05-11,"Standard","Atlantic","Search",13.73,0
1390,3693,2026-02-10,"Standard","Atlantic","Search",18.86,0
1391,291,2026-03-31,"Standard","Ontario","Search",12.73,0
1392,2455,2026-04-29,"Signature","Atlantic","Organic",21.7,0
1393,3606,2026-05-28,"Signature","Atlantic","Organic",23.93,0
1394,1070,2026-04-22,"Standard","Ontario","Social",15.71,1
1395,1866,2026-06-15,"Standard","Atlantic","Social",15.57,0
1396,3737,2026-06-16,"Standard","Atlantic","Social",15.55,1
1397,1038,2026-04-22,"Discovery","Atlantic","Retail_partner",29.79,0
1398,1180,2026-05-27,"Discovery","Atlantic","Retail_partner",29.63,0
1399,2464,2026-03-12,"Discovery","Ontario","Organic",33.22,0
1400,1714,2026-04-01,"Signature","Ontario","Social",29.15,0
1401,862,2026-01-01,"Standard","Atlantic","Social",16.14,0
1402,3766,2026-02-15,"Signature","Ontario","Search",20.83,0
1403,3152,2026-03-28,"Standard","Atlantic","Search",13.68,0
1404,1069,2026-05-31,"Signature","Ontario","Referral",19.22,0
1405,531,2026-02-19,"Signature","Atlantic","Search",24.26,0
1406,722,2026-05-14,"Discovery","Atlantic","Social",31.99,0
1407,17,2026-01-06,"Standard","Atlantic","Organic",14.47,0
1408,1897,2026-01-02,"Standard","Atlantic","Referral",15.46,1
1409,573,2026-02-18,"Discovery","Atlantic","Retail_partner",27.28,0
1410,408,2026-01-05,"Signature","Atlantic","Social",22.85,0
1411,1015,2026-05-19,"Signature","Atlantic","Referral",21.3,0
1412,26,2026-06-05,"Signature","Atlantic","Organic",24.56,0
1413,1556,2026-02-08,"Standard","Ontario","Social",14.94,0
1414,1912,2026-01-01,"Standard","Atlantic","Organic",11.2,0
1415,2192,2026-04-09,"Standard","Atlantic","Social",11.48,0
1416,3435,2026-01-02,"Standard","Atlantic","Organic",15.09,0
1417,2530,2026-07-01,"Standard","Ontario","Social",18.07,0
1418,1577,2026-05-15,"Signature","Atlantic","Retail_partner",22.26,0
1419,2714,2026-04-15,"Standard","Atlantic","Search",13.95,1
1420,2205,2026-05-12,"Signature","Atlantic","Organic",22.83,0
1421,3259,2026-02-16,"Signature","Atlantic","Referral",20.83,1
1422,3119,2026-04-12,"Signature","Atlantic","Organic",22.46,0
1423,1679,2026-06-01,"Standard","Ontario","Search",14.52,0
1424,648,2026-01-05,"Standard","Atlantic","Organic",14.46,1
1425,2785,2026-06-30,"Standard","Atlantic","Referral",16.78,0
1426,2645,2026-03-12,"Signature","Atlantic","Social",21.43,0
1427,960,2026-03-21,"Standard","Ontario","Organic",15.36,0
1428,3998,2026-06-05,"Standard","Ontario","Search",14.47,1
1429,280,2026-02-05,"Signature","Atlantic","Organic",22.38,0
1430,2310,2026-06-17,"Signature","Ontario","Search",20.97,0
1431,1742,2026-04-13,"Discovery","Ontario","Social",29.34,1
1432,3090,2026-03-24,"Signature","Ontario","Organic",25.94,0
1433,1185,2026-04-07,"Signature","Atlantic","Organic",20.54,0
1434,3107,2026-02-24,"Signature","Ontario","Social",24.11,0
1435,728,2026-07-01,"Signature","Atlantic","Search",22.56,0
1436,3286,2026-05-10,"Discovery","Atlantic","Search",32.56,0
1437,1321,2026-03-03,"Standard","Atlantic","Organic",7.23,0
1438,1697,2026-03-25,"Standard","Atlantic","Referral",12.37,0
1439,2551,2026-02-07,"Standard","Atlantic","Retail_partner",19.02,0
1440,1870,2026-03-19,"Signature","Atlantic","Organic",23.36,0
1441,3031,2026-06-17,"Standard","Atlantic","Organic",10.97,0
1442,2129,2026-04-10,"Standard","Atlantic","Referral",14.53,0
1443,1923,2026-05-03,"Standard","Atlantic","Search",20.23,0
1444,3788,2026-06-27,"Signature","Atlantic","Referral",24.03,0
1445,2923,2026-04-21,"Signature","Atlantic","Retail_partner",22.85,0
1446,2969,2026-01-06,"Standard","Atlantic","Social",16.34,0
1447,3389,2026-02-20,"Signature","Atlantic","Retail_partner",22.05,0
1448,1063,2026-06-12,"Signature","Atlantic","Retail_partner",19.47,0
1449,911,2026-01-16,"Signature","Ontario","Social",20.15,0
1450,2347,2026-04-10,"Standard","Atlantic","Social",17.92,0
1451,362,2026-01-16,"Discovery","Atlantic","Search",28.1,0
1452,185,2026-02-01,"Standard","Ontario","Search",15.04,0
1453,3425,2026-03-06,"Signature","Atlantic","Referral",21.35,1
1454,668,2026-02-16,"Standard","Atlantic","Social",13.75,1
1455,860,2026-04-03,"Discovery","Atlantic","Organic",28.81,0
1456,3694,2026-06-01,"Standard","Atlantic","Search",16.48,0
1457,94,2026-01-12,"Discovery","Atlantic","Organic",31.23,0
1458,546,2026-02-07,"Discovery","Atlantic","Social",30.37,0
1459,516,2026-03-15,"Signature","Atlantic","Social",28.66,0
1460,271,2026-06-15,"Standard","Atlantic","Search",10.53,1
1461,2393,2026-04-03,"Standard","Atlantic","Social",18.5,0
1462,1966,2026-03-01,"Discovery","Atlantic","Retail_partner",32.87,0
1463,1030,2026-06-17,"Standard","Atlantic","Referral",19.16,1
1464,1539,2026-02-22,"Standard","Atlantic","Retail_partner",16.32,0
1465,671,2026-05-07,"Signature","Atlantic","Referral",25.21,0
1466,679,2026-05-15,"Standard","Ontario","Social",15.52,0
1467,1782,2026-06-13,"Standard","Atlantic","Organic",16.13,0
1468,1975,2026-05-15,"Standard","Ontario","Social",14.74,0
1469,858,2026-01-31,"Signature","Atlantic","Organic",20.34,1
1470,131,2026-01-01,"Standard","Atlantic","Retail_partner",13.26,0
1471,2304,2026-05-20,"Discovery","Atlantic","Search",35.21,0
1472,519,2026-01-07,"Standard","Atlantic","Social",19.35,0
1473,2462,2026-05-17,"Signature","Ontario","Search",23.08,1
1474,3638,2026-06-27,"Standard","Atlantic","Social",16.27,0
1475,2881,2026-05-19,"Signature","Atlantic","Search",24.24,1
1476,2333,2026-01-16,"Standard","Atlantic","Organic",10.13,1
1477,1064,2026-01-13,"Standard","Atlantic","Organic",17.25,1
1478,881,2026-04-02,"Standard","Atlantic","Organic",12.08,0
1479,2218,2026-04-03,"Standard","Atlantic","Organic",11.95,0
1480,2284,2026-06-26,"Discovery","Atlantic","Organic",34.11,1
1481,3612,2026-06-24,"Standard","Atlantic","Organic",12.28,0
1482,3191,2026-05-13,"Signature","Atlantic","Search",19.43,0
1483,3185,2026-06-19,"Standard","Atlantic","Organic",18.06,0
1484,212,2026-02-07,"Signature","Atlantic","Search",24.76,0
1485,3411,2026-04-08,"Discovery","Atlantic","Social",28.34,0
1486,92,2026-06-11,"Standard","Atlantic","Referral",17.02,0
1487,1792,2026-04-25,"Signature","Atlantic","Social",25.02,0
1488,3777,2026-04-13,"Discovery","Ontario","Search",35.82,0
1489,1032,2026-01-13,"Discovery","Atlantic","Referral",30.95,0
1490,520,2026-06-10,"Signature","Atlantic","Social",22.08,0
1491,196,2026-01-29,"Standard","Atlantic","Organic",9.13,1
1492,262,2026-04-16,"Discovery","Atlantic","Social",32.56,0
1493,3515,2026-02-13,"Discovery","Ontario","Social",36.88,0
1494,1941,2026-06-18,"Signature","Atlantic","Organic",20.43,0
1495,175,2026-04-22,"Standard","Atlantic","Search",16.56,1
1496,3579,2026-02-04,"Standard","Ontario","Search",11.35,0
1497,3720,2026-06-04,"Signature","Atlantic","Retail_partner",17.9,0
1498,19,2026-01-19,"Signature","Atlantic","Social",29.31,0
1499,3964,2026-03-09,"Standard","Atlantic","Organic",12.62,0
1500,2205,2026-02-18,"Signature","Atlantic","Social",22.19,1
1501,2013,2026-01-27,"Signature","Atlantic","Retail_partner",25.83,0
1502,3903,2026-03-17,"Standard","Atlantic","Organic",18.75,0
1503,734,2026-03-25,"Standard","Atlantic","Organic",12.68,1
1504,3203,2026-03-19,"Standard","Atlantic","Search",13.76,0
1505,1361,2026-02-05,"Standard","Atlantic","Referral",16.34,1
1506,1379,2026-06-28,"Standard","Atlantic","Retail_partner",16.57,0
1507,1146,2026-05-02,"Discovery","Atlantic","Organic",32.84,0
1508,474,2026-06-23,"Standard","Ontario","Social",16.11,0
1509,67,2026-05-03,"Signature","Ontario","Organic",23.32,0
1510,1354,2026-05-18,"Standard","Atlantic","Retail_partner",15.07,0
1511,2985,2026-05-20,"Standard","Atlantic","Retail_partner",9.97,0
1512,2239,2026-05-19,"Standard","Ontario","Organic",12.29,0
1513,3580,2026-01-26,"Standard","Atlantic","Retail_partner",11.43,0
1514,1375,2026-01-10,"Signature","Ontario","Organic",22.85,1
1515,3439,2026-06-21,"Standard","Atlantic","Organic",15.6,1
1516,3292,2026-06-24,"Signature","Ontario","Referral",22.74,0
1517,1706,2026-03-31,"Standard","Atlantic","Search",11.64,0
1518,1449,2026-04-28,"Discovery","Atlantic","Search",30.78,0
1519,3358,2026-04-19,"Standard","Atlantic","Organic",16.69,0
1520,2682,2026-04-18,"Standard","Atlantic","Organic",14.28,0
1521,1249,2026-02-02,"Standard","Atlantic","Search",13.69,0
1522,2540,2026-02-17,"Standard","Ontario","Social",14.92,0
1523,3266,2026-01-14,"Signature","Atlantic","Retail_partner",20.12,0
1524,1240,2026-02-03,"Standard","Ontario","Organic",12.9,0
1525,190,2026-04-02,"Signature","Atlantic","Search",21.57,0
1526,7,2026-04-22,"Discovery","Atlantic","Organic",32.17,0
1527,143,2026-03-10,"Standard","Atlantic","Referral",11.08,0
1528,1315,2026-01-10,"Standard","Atlantic","Social",13.98,1
1529,923,2026-04-03,"Signature","Atlantic","Search",21.03,0
1530,489,2026-01-28,"Signature","Atlantic","Organic",22.4,0
1531,563,2026-05-14,"Standard","Ontario","Organic",12.87,1
1532,1418,2026-02-04,"Signature","Atlantic","Search",22.05,1
1533,796,2026-03-07,"Standard","Atlantic","Referral",16.07,0
1534,687,2026-05-15,"Standard","Atlantic","Retail_partner",16.75,0
1535,3697,2026-06-03,"Signature","Atlantic","Organic",25.27,0
1536,1454,2026-02-05,"Standard","Atlantic","Organic",13.7,1
1537,1621,2026-01-01,"Signature","Ontario","Referral",22.3,0
1538,171,2026-03-17,"Signature","Atlantic","Social",21.45,0
1539,1415,2026-03-31,"Standard","Atlantic","Organic",12.37,0
1540,3452,2026-03-24,"Signature","Atlantic","Organic",24.58,0
1541,3083,2026-02-01,"Standard","Atlantic","Organic",13.95,1
1542,1631,2026-05-30,"Standard","Atlantic","Referral",12.95,0
1543,222,2026-05-09,"Signature","Atlantic","Organic",21.02,1
1544,937,2026-06-16,"Standard","Ontario","Retail_partner",16.92,1
1545,2081,2026-04-07,"Standard","Atlantic","Referral",16.26,0
1546,2473,2026-01-14,"Standard","Atlantic","Organic",14.48,0
1547,1293,2026-06-05,"Standard","Ontario","Organic",17.2,0
1548,3034,2026-05-27,"Discovery","Atlantic","Referral",34.3,0
1549,2665,2026-04-07,"Standard","Atlantic","Social",11.59,0
1550,3740,2026-02-24,"Signature","Atlantic","Search",16.68,0
1551,1722,2026-04-06,"Standard","Atlantic","Organic",14.95,1
1552,2266,2026-01-19,"Signature","Atlantic","Search",25.59,1
1553,2613,2026-03-29,"Standard","Ontario","Social",13.31,0
1554,1175,2026-02-18,"Standard","Atlantic","Search",14.1,0
1555,3648,2026-03-22,"Signature","Atlantic","Organic",22.1,0
1556,576,2026-01-29,"Standard","Atlantic","Retail_partner",14.01,0
1557,1783,2026-02-21,"Standard","Atlantic","Search",19.26,0
1558,2646,2026-03-26,"Standard","Atlantic","Referral",11.46,1
1559,2392,2026-03-24,"Standard","Atlantic","Organic",15.45,0
1560,120,2026-04-03,"Standard","Atlantic","Retail_partner",17.05,1
1561,3983,2026-05-29,"Standard","Atlantic","Social",11.32,1
1562,268,2026-01-02,"Discovery","Atlantic","Search",31.15,0
1563,852,2026-02-13,"Signature","Ontario","Organic",28.74,1
1564,1253,2026-01-26,"Signature","Atlantic","Retail_partner",25.01,0
1565,3425,2026-03-09,"Standard","Atlantic","Organic",15.87,0
1566,2639,2026-06-30,"Signature","Atlantic","Social",25.91,0
1567,3365,2026-06-16,"Discovery","Atlantic","Organic",31.64,1
1568,1475,2026-05-06,"Discovery","Atlantic","Organic",35.01,0
1569,547,2026-03-28,"Standard","Atlantic","Social",19.03,1
1570,447,2026-02-17,"Discovery","Atlantic","Organic",29.13,0
1571,228,2026-06-24,"Signature","Ontario","Referral",21.59,0
1572,1315,2026-05-01,"Signature","Atlantic","Retail_partner",23.26,0
1573,706,2026-06-26,"Standard","Atlantic","Social",17.14,0
1574,826,2026-03-16,"Standard","Atlantic","Organic",12.48,0
1575,615,2026-06-16,"Signature","Ontario","Organic",22.19,0
1576,1317,2026-06-10,"Discovery","Atlantic","Social",29.29,0
1577,1838,2026-04-13,"Signature","Atlantic","Search",18.08,0
1578,2859,2026-06-14,"Standard","Atlantic","Organic",15.11,1
1579,1824,2026-05-14,"Signature","Atlantic","Organic",26.72,0
1580,1415,2026-03-03,"Standard","Ontario","Organic",19.99,0
1581,1201,2026-05-11,"Signature","Atlantic","Retail_partner",21.51,0
1582,793,2026-06-19,"Standard","Atlantic","Social",22.07,0
1583,882,2026-02-23,"Signature","Atlantic","Organic",19.89,0
1584,662,2026-06-11,"Standard","Ontario","Organic",11.84,0
1585,609,2026-05-03,"Standard","Atlantic","Referral",19.01,1
1586,2887,2026-01-15,"Standard","Atlantic","Search",16.31,0
1587,3859,2026-01-08,"Signature","Atlantic","Organic",22.57,0
1588,3184,2026-01-01,"Standard","Atlantic","Referral",14.06,0
1589,3238,2026-05-11,"Standard","Atlantic","Social",13.47,0
1590,3268,2026-06-29,"Signature","Atlantic","Referral",22.8,1
1591,283,2026-01-14,"Standard","Ontario","Social",11.37,0
1592,1615,2026-01-13,"Signature","Atlantic","Organic",24.36,0
1593,2491,2026-06-23,"Discovery","Atlantic","Retail_partner",31.95,0
1594,3877,2026-04-14,"Discovery","Atlantic","Organic",31.92,0
1595,2568,2026-05-16,"Standard","Atlantic","Organic",12.81,0
1596,3369,2026-04-09,"Standard","Atlantic","Organic",16.1,0
1597,1837,2026-04-29,"Standard","Ontario","Referral",18.73,0
1598,3514,2026-04-15,"Standard","Atlantic","Retail_partner",18.4,0
1599,372,2026-03-22,"Standard","Atlantic","Referral",14.01,0
1600,457,2026-05-02,"Standard","Atlantic","Retail_partner",14.89,0
1601,3370,2026-01-24,"Signature","Atlantic","Organic",26.94,0
1602,1616,2026-04-17,"Standard","Ontario","Social",11.68,0
1603,384,2026-05-06,"Discovery","Atlantic","Organic",32.04,0
1604,177,2026-03-24,"Standard","Ontario","Referral",17.26,0
1605,401,2026-05-27,"Standard","Atlantic","Organic",11.04,1
1606,692,2026-05-26,"Standard","Atlantic","Retail_partner",13.72,0
1607,3341,2026-01-22,"Standard","Ontario","Social",12.07,0
1608,2998,2026-05-05,"Standard","Atlantic","Search",14.05,1
1609,2140,2026-04-14,"Signature","Atlantic","Organic",23.71,1
1610,83,2026-01-08,"Discovery","Atlantic","Social",31.84,0
1611,1825,2026-01-18,"Standard","Atlantic","Social",10.97,0
1612,3616,2026-04-25,"Standard","Atlantic","Organic",15.49,1
1613,2689,2026-01-04,"Standard","Ontario","Referral",17.2,1
1614,1265,2026-03-10,"Standard","Ontario","Social",18.85,1
1615,3526,2026-03-15,"Standard","Atlantic","Social",14.3,0
1616,1967,2026-04-02,"Signature","Atlantic","Referral",22.88,0
1617,336,2026-03-10,"Signature","Atlantic","Social",26.68,0
1618,127,2026-01-27,"Standard","Atlantic","Organic",14.95,0
1619,412,2026-01-09,"Standard","Ontario","Social",16.25,1
1620,205,2026-04-28,"Signature","Atlantic","Organic",21.56,0
1621,3151,2026-05-03,"Standard","Ontario","Search",16.29,1
1622,2794,2026-04-24,"Discovery","Atlantic","Retail_partner",32.35,1
1623,449,2026-04-05,"Standard","Atlantic","Organic",16.76,1
1624,35,2026-03-06,"Standard","Ontario","Search",15.2,0
1625,3481,2026-05-20,"Standard","Ontario","Organic",17.53,0
1626,3408,2026-01-31,"Standard","Ontario","Organic",16.74,1
1627,828,2026-01-02,"Standard","Atlantic","Social",16.96,0
1628,2808,2026-04-28,"Signature","Atlantic","Organic",26,0
1629,2854,2026-04-03,"Standard","Atlantic","Organic",11.61,0
1630,2562,2026-03-17,"Standard","Atlantic","Search",17.98,0
1631,3893,2026-05-08,"Signature","Atlantic","Organic",18.24,0
1632,2529,2026-01-16,"Standard","Atlantic","Organic",15.88,0
1633,2777,2026-04-05,"Discovery","Atlantic","Retail_partner",33.87,0
1634,2854,2026-05-15,"Standard","Atlantic","Social",14.88,0
1635,352,2026-02-11,"Signature","Atlantic","Search",16.15,0
1636,1748,2026-01-01,"Signature","Atlantic","Search",17.68,0
1637,1487,2026-06-20,"Signature","Atlantic","Organic",21.08,1
1638,901,2026-06-03,"Standard","Atlantic","Referral",14.31,0
1639,2075,2026-01-23,"Standard","Atlantic","Referral",11.57,0
1640,2922,2026-04-10,"Signature","Atlantic","Organic",19.7,0
1641,408,2026-02-11,"Standard","Atlantic","Retail_partner",13.07,0
1642,3240,2026-02-17,"Standard","Atlantic","Search",20.93,0
1643,2482,2026-02-14,"Standard","Ontario","Organic",12.62,0
1644,3844,2026-01-21,"Standard","Atlantic","Organic",14.32,0
1645,1686,2026-04-10,"Standard","Atlantic","Referral",18.6,0
1646,3539,2026-02-04,"Standard","Atlantic","Retail_partner",16.38,1
1647,1752,2026-06-09,"Standard","Ontario","Retail_partner",15.83,1
1648,2771,2026-04-28,"Standard","Ontario","Search",19.55,0
1649,2138,2026-04-24,"Signature","Atlantic","Referral",22.42,0
1650,3515,2026-05-25,"Standard","Atlantic","Search",17.25,0
1651,1494,2026-01-05,"Standard","Atlantic","Organic",16,1
1652,3212,2026-04-02,"Standard","Atlantic","Organic",18.87,0
1653,2729,2026-05-07,"Standard","Ontario","Social",11.81,0
1654,3827,2026-05-14,"Standard","Ontario","Referral",10.4,0
1655,3530,2026-05-29,"Standard","Atlantic","Organic",11.19,1
1656,1349,2026-03-18,"Discovery","Atlantic","Search",32.04,0
1657,105,2026-03-09,"Standard","Atlantic","Social",13.22,0
1658,3005,2026-03-28,"Standard","Atlantic","Search",14.96,1
1659,3410,2026-05-21,"Signature","Atlantic","Search",19.49,0
1660,3470,2026-01-07,"Standard","Ontario","Referral",15.54,1
1661,2253,2026-01-19,"Standard","Atlantic","Referral",14.72,1
1662,1019,2026-06-11,"Standard","Atlantic","Organic",12.49,0
1663,3299,2026-02-02,"Signature","Atlantic","Social",21.14,0
1664,2010,2026-01-09,"Standard","Ontario","Retail_partner",14.92,0
1665,3375,2026-06-23,"Standard","Atlantic","Organic",10.1,0
1666,2081,2026-04-30,"Standard","Atlantic","Organic",19.41,1
1667,2297,2026-04-30,"Standard","Atlantic","Organic",14.37,0
1668,3119,2026-05-17,"Standard","Atlantic","Social",15.63,1
1669,1838,2026-04-16,"Standard","Ontario","Referral",11.66,0
1670,2919,2026-02-12,"Standard","Atlantic","Organic",13.56,1
1671,1340,2026-03-23,"Standard","Atlantic","Search",18.26,0
1672,2399,2026-01-24,"Discovery","Atlantic","Organic",32.46,0
1673,604,2026-02-28,"Discovery","Atlantic","Search",32.73,0
1674,2338,2026-06-05,"Standard","Atlantic","Search",16.35,0
1675,3843,2026-02-12,"Signature","Ontario","Search",20.21,0
1676,3257,2026-02-09,"Standard","Atlantic","Organic",18.12,0
1677,185,2026-06-16,"Standard","Atlantic","Organic",18.27,0
1678,1465,2026-05-31,"Standard","Ontario","Search",16.83,0
1679,3373,2026-01-30,"Standard","Atlantic","Retail_partner",15.03,0
1680,2821,2026-05-15,"Standard","Atlantic","Referral",12.72,1
1681,1701,2026-04-08,"Discovery","Atlantic","Organic",32.52,1
1682,3941,2026-02-11,"Standard","Atlantic","Retail_partner",11.7,0
1683,3035,2026-02-05,"Standard","Atlantic","Social",12.1,0
1684,2518,2026-02-28,"Signature","Atlantic","Referral",22.66,0
1685,3424,2026-04-03,"Standard","Atlantic","Search",13.56,1
1686,1668,2026-01-15,"Discovery","Atlantic","Social",34.92,0
1687,1414,2026-05-24,"Signature","Atlantic","Retail_partner",18.64,0
1688,964,2026-03-01,"Signature","Atlantic","Social",26.54,1
1689,2332,2026-02-04,"Standard","Ontario","Referral",18.06,0
1690,3378,2026-05-28,"Standard","Atlantic","Organic",17.05,0
1691,3014,2026-02-06,"Signature","Ontario","Social",21.77,0
1692,540,2026-06-28,"Discovery","Atlantic","Organic",31.34,0
1693,1611,2026-02-16,"Standard","Ontario","Social",13.51,0
1694,2651,2026-03-12,"Signature","Atlantic","Search",23.32,0
1695,3072,2026-06-13,"Standard","Ontario","Search",17.48,0
1696,1405,2026-03-22,"Discovery","Atlantic","Social",33.83,1
1697,3066,2026-02-09,"Standard","Atlantic","Organic",13.14,0
1698,1420,2026-04-18,"Standard","Atlantic","Search",10.81,0
1699,60,2026-01-03,"Standard","Ontario","Organic",22.8,0
1700,3766,2026-02-07,"Discovery","Atlantic","Retail_partner",32.09,0
1701,1465,2026-02-22,"Signature","Atlantic","Organic",23.59,0
1702,915,2026-04-07,"Standard","Atlantic","Organic",11.96,0
1703,983,2026-06-10,"Signature","Atlantic","Organic",27.28,0
1704,3041,2026-02-12,"Signature","Ontario","Search",24.68,0
1705,2992,2026-05-27,"Discovery","Atlantic","Search",29.63,0
1706,3666,2026-05-01,"Standard","Atlantic","Organic",15.71,1
1707,3056,2026-03-08,"Standard","Atlantic","Social",13.22,1
1708,2696,2026-06-01,"Standard","Ontario","Search",19.07,0
1709,3872,2026-06-18,"Signature","Atlantic","Organic",24.29,1
1710,3754,2026-06-20,"Standard","Atlantic","Organic",12.19,0
1711,3049,2026-04-08,"Standard","Atlantic","Organic",11.09,1
1712,1305,2026-03-14,"Discovery","Ontario","Search",34.14,0
1713,3998,2026-03-05,"Standard","Ontario","Search",14.3,1
1714,2713,2026-05-31,"Signature","Ontario","Referral",16.52,0
1715,3732,2026-03-30,"Signature","Ontario","Organic",26.93,1
1716,1067,2026-06-23,"Signature","Atlantic","Search",17.71,0
1717,2387,2026-05-27,"Standard","Atlantic","Referral",14.39,0
1718,241,2026-01-22,"Discovery","Atlantic","Search",32.81,0
1719,801,2026-06-16,"Discovery","Atlantic","Organic",33.97,0
1720,3445,2026-06-02,"Signature","Ontario","Search",26.07,1
1721,1262,2026-03-07,"Signature","Atlantic","Search",21.22,0
1722,2448,2026-03-07,"Standard","Atlantic","Referral",16.99,0
1723,1400,2026-01-29,"Standard","Atlantic","Organic",13.24,0
1724,3735,2026-06-24,"Standard","Atlantic","Organic",12.59,0
1725,3978,2026-02-13,"Standard","Atlantic","Social",16.63,1
1726,1956,2026-03-27,"Signature","Ontario","Organic",24.35,0
1727,668,2026-05-02,"Standard","Ontario","Organic",12.04,1
1728,882,2026-06-12,"Standard","Atlantic","Search",14.08,0
1729,1314,2026-03-22,"Signature","Atlantic","Organic",20.13,0
1730,2785,2026-03-23,"Signature","Atlantic","Retail_partner",20.84,0
1731,3222,2026-01-21,"Standard","Ontario","Social",14.64,1
1732,2633,2026-02-21,"Signature","Atlantic","Social",19.37,0
1733,3912,2026-06-16,"Discovery","Ontario","Search",32.95,0
1734,1388,2026-04-14,"Standard","Ontario","Retail_partner",16.7,0
1735,1468,2026-01-10,"Standard","Atlantic","Search",15.47,0
1736,1645,2026-05-20,"Standard","Atlantic","Social",12.14,0
1737,710,2026-05-02,"Standard","Atlantic","Referral",17.5,0
1738,2954,2026-05-23,"Signature","Atlantic","Organic",24.33,0
1739,1394,2026-03-29,"Discovery","Ontario","Search",32.6,0
1740,2387,2026-02-18,"Discovery","Atlantic","Social",29.85,0
1741,1163,2026-02-17,"Discovery","Ontario","Retail_partner",35.41,0
1742,307,2026-02-17,"Standard","Atlantic","Retail_partner",9.28,0
1743,3907,2026-02-15,"Standard","Atlantic","Retail_partner",15.62,0
1744,568,2026-01-30,"Signature","Atlantic","Referral",20.45,0
1745,2309,2026-05-26,"Standard","Atlantic","Organic",19.98,0
1746,3308,2026-03-27,"Signature","Atlantic","Social",23.14,1
1747,2729,2026-01-17,"Signature","Atlantic","Search",21.82,1
1748,1133,2026-02-14,"Signature","Atlantic","Referral",19.52,1
1749,190,2026-05-26,"Standard","Ontario","Search",16.3,0
1750,1347,2026-03-17,"Signature","Atlantic","Organic",26.53,1
1751,3009,2026-05-22,"Standard","Ontario","Organic",18.74,0
1752,35,2026-05-22,"Standard","Ontario","Search",18.06,0
1753,3374,2026-03-04,"Standard","Atlantic","Social",10.56,0
1754,1324,2026-03-23,"Standard","Ontario","Social",13.96,0
1755,103,2026-01-02,"Signature","Atlantic","Social",22.37,0
1756,578,2026-04-29,"Signature","Atlantic","Organic",23.11,0
1757,2275,2026-02-20,"Standard","Atlantic","Search",15.9,0
1758,3877,2026-02-11,"Signature","Atlantic","Organic",24.61,0
1759,2385,2026-03-26,"Standard","Atlantic","Search",18.1,0
1760,3560,2026-06-26,"Standard","Atlantic","Search",17.11,0
1761,1008,2026-06-26,"Signature","Ontario","Search",24.68,0
1762,1562,2026-03-06,"Discovery","Ontario","Organic",34.37,1
1763,614,2026-06-25,"Discovery","Atlantic","Social",33.93,0
1764,1829,2026-07-01,"Standard","Ontario","Search",16.43,0
1765,2272,2026-04-09,"Standard","Atlantic","Retail_partner",10.81,0
1766,2189,2026-05-14,"Signature","Atlantic","Organic",22.45,0
1767,1685,2026-05-01,"Standard","Atlantic","Social",18.13,0
1768,3510,2026-05-04,"Standard","Atlantic","Search",13.01,0
1769,2380,2026-06-06,"Standard","Ontario","Organic",14.91,0
1770,2792,2026-02-20,"Standard","Atlantic","Organic",11.09,0
1771,187,2026-05-10,"Signature","Atlantic","Social",18.57,0
1772,737,2026-06-20,"Standard","Atlantic","Search",17.78,0
1773,1463,2026-05-23,"Standard","Atlantic","Organic",16.49,0
1774,826,2026-05-11,"Signature","Ontario","Organic",24.74,0
1775,2439,2026-01-04,"Discovery","Atlantic","Referral",28.86,0
1776,61,2026-05-29,"Signature","Ontario","Organic",20.79,0
1777,3520,2026-02-28,"Signature","Atlantic","Organic",26.71,1
1778,707,2026-01-07,"Signature","Atlantic","Search",23.51,0
1779,3515,2026-02-14,"Standard","Atlantic","Retail_partner",16.37,0
1780,980,2026-03-24,"Signature","Atlantic","Organic",23.79,0
1781,3729,2026-02-14,"Discovery","Atlantic","Organic",32.59,1
1782,145,2026-06-07,"Standard","Atlantic","Organic",15.06,0
1783,1360,2026-02-15,"Standard","Atlantic","Retail_partner",14.63,0
1784,2152,2026-01-13,"Standard","Atlantic","Organic",11.33,0
1785,3842,2026-02-05,"Standard","Atlantic","Social",16.49,0
1786,677,2026-02-24,"Signature","Atlantic","Organic",21.45,0
1787,2514,2026-03-18,"Signature","Atlantic","Organic",25.83,0
1788,1977,2026-03-02,"Discovery","Atlantic","Retail_partner",28.71,0
1789,1425,2026-01-19,"Signature","Ontario","Social",22.42,1
1790,1029,2026-03-28,"Standard","Atlantic","Organic",15.03,0
1791,3556,2026-04-09,"Signature","Atlantic","Referral",23.09,1
1792,309,2026-04-27,"Standard","Atlantic","Organic",16.31,0
1793,311,2026-05-18,"Standard","Atlantic","Referral",16.75,0
1794,121,2026-02-13,"Signature","Atlantic","Retail_partner",24.71,0
1795,3300,2026-04-30,"Discovery","Atlantic","Social",31.68,0
1796,3931,2026-02-12,"Standard","Ontario","Social",19.06,0
1797,33,2026-04-17,"Standard","Atlantic","Social",9.84,0
1798,900,2026-05-18,"Signature","Atlantic","Organic",20.4,0
1799,1507,2026-02-23,"Standard","Atlantic","Search",11.96,0
1800,725,2026-04-11,"Signature","Ontario","Search",25.92,0
1801,3053,2026-01-14,"Standard","Atlantic","Search",16.81,0
1802,52,2026-01-23,"Signature","Atlantic","Social",22.64,0
1803,2946,2026-02-05,"Standard","Ontario","Referral",15.93,0
1804,935,2026-05-18,"Standard","Ontario","Retail_partner",14.43,0
1805,1585,2026-05-09,"Signature","Atlantic","Search",21.36,0
1806,3709,2026-06-06,"Standard","Atlantic","Social",16.79,1
1807,1359,2026-04-07,"Standard","Atlantic","Search",14.54,1
1808,2055,2026-06-30,"Signature","Ontario","Organic",21.22,0
1809,674,2026-01-12,"Standard","Atlantic","Organic",14.95,1
1810,3513,2026-05-23,"Discovery","Atlantic","Social",31.12,0
1811,385,2026-06-09,"Standard","Atlantic","Search",14.87,0
1812,3927,2026-01-18,"Signature","Ontario","Referral",22.57,0
1813,804,2026-03-12,"Standard","Atlantic","Social",9.65,0
1814,3726,2026-04-26,"Signature","Atlantic","Organic",23.94,0
1815,2633,2026-02-08,"Signature","Atlantic","Organic",25.46,0
1816,1638,2026-01-31,"Signature","Ontario","Search",24.41,1
1817,1740,2026-05-10,"Signature","Ontario","Organic",22.28,1
1818,1635,2026-05-29,"Signature","Atlantic","Organic",25.01,0
1819,801,2026-06-24,"Standard","Atlantic","Referral",16.57,0
1820,3751,2026-06-21,"Standard","Ontario","Search",14.65,0
1821,3469,2026-02-23,"Signature","Atlantic","Search",23.14,0
1822,1062,2026-06-19,"Signature","Atlantic","Organic",21.89,0
1823,2998,2026-03-22,"Standard","Ontario","Retail_partner",18.22,0
1824,861,2026-06-20,"Signature","Atlantic","Search",24.65,1
1825,3494,2026-06-15,"Signature","Atlantic","Organic",21.69,0
1826,2104,2026-03-07,"Signature","Ontario","Organic",25.41,0
1827,2709,2026-04-06,"Standard","Atlantic","Organic",13.41,1
1828,3428,2026-01-02,"Standard","Atlantic","Organic",11.14,0
1829,2032,2026-01-23,"Standard","Atlantic","Organic",11.03,1
1830,887,2026-02-15,"Signature","Ontario","Organic",24.18,0
1831,1443,2026-01-23,"Standard","Atlantic","Organic",11.67,1
1832,248,2026-02-18,"Standard","Atlantic","Social",13.55,0
1833,43,2026-06-03,"Standard","Atlantic","Social",16.16,1
1834,1628,2026-02-09,"Standard","Atlantic","Organic",12.09,0
1835,2639,2026-02-24,"Standard","Atlantic","Search",15.1,0
1836,3427,2026-05-22,"Discovery","Atlantic","Organic",30.47,0
1837,3956,2026-02-26,"Standard","Atlantic","Organic",20.08,1
1838,2223,2026-06-16,"Discovery","Atlantic","Retail_partner",29.68,0
1839,235,2026-05-24,"Signature","Atlantic","Search",24.07,0
1840,777,2026-03-05,"Signature","Atlantic","Search",20.73,0
1841,558,2026-06-24,"Discovery","Atlantic","Referral",27.76,0
1842,974,2026-01-28,"Standard","Atlantic","Search",14.09,1
1843,334,2026-05-26,"Standard","Atlantic","Search",15.24,0
1844,955,2026-01-02,"Signature","Atlantic","Referral",20.19,1
1845,2481,2026-04-14,"Signature","Atlantic","Organic",23.82,0
1846,1986,2026-05-07,"Standard","Atlantic","Search",13.25,0
1847,492,2026-01-29,"Signature","Atlantic","Social",24.1,0
1848,3195,2026-02-27,"Standard","Atlantic","Social",17.64,0
1849,7,2026-04-14,"Signature","Ontario","Search",23.2,0
1850,682,2026-02-06,"Standard","Atlantic","Search",14.98,0
1851,3115,2026-04-09,"Standard","Atlantic","Organic",15.79,1
1852,2089,2026-04-05,"Standard","Ontario","Organic",15.92,1
1853,2238,2026-05-14,"Standard","Atlantic","Organic",9.51,0
1854,96,2026-05-07,"Standard","Atlantic","Organic",17.32,1
1855,369,2026-02-06,"Signature","Atlantic","Search",23.16,0
1856,3074,2026-04-11,"Signature","Atlantic","Referral",18.42,0
1857,2909,2026-04-18,"Standard","Ontario","Organic",13.62,0
1858,334,2026-01-26,"Standard","Atlantic","Referral",14.98,0
1859,71,2026-04-24,"Standard","Ontario","Organic",12.99,1
1860,1068,2026-03-24,"Standard","Atlantic","Search",11.89,0
1861,2209,2026-05-05,"Discovery","Atlantic","Search",31.18,0
1862,650,2026-04-13,"Standard","Atlantic","Search",16.29,0
1863,3647,2026-04-30,"Standard","Atlantic","Organic",15.27,0
1864,2154,2026-02-09,"Standard","Atlantic","Organic",13.72,0
1865,2334,2026-02-07,"Standard","Atlantic","Organic",12.43,0
1866,1701,2026-01-30,"Signature","Atlantic","Organic",22.67,0
1867,3982,2026-01-06,"Standard","Atlantic","Organic",19.67,0
1868,2257,2026-05-13,"Standard","Atlantic","Retail_partner",15.5,0
1869,3025,2026-01-04,"Standard","Atlantic","Social",20.51,0
1870,970,2026-04-28,"Signature","Atlantic","Organic",20.09,0
1871,627,2026-04-04,"Signature","Ontario","Retail_partner",24.02,1
1872,1430,2026-04-03,"Standard","Atlantic","Search",16.63,1
1873,3675,2026-04-25,"Standard","Atlantic","Social",9.91,0
1874,3771,2026-04-11,"Signature","Ontario","Search",22.29,0
1875,3004,2026-07-01,"Discovery","Atlantic","Social",30.98,0
1876,2647,2026-05-16,"Standard","Atlantic","Retail_partner",13.95,0
1877,3710,2026-06-05,"Standard","Atlantic","Search",18.58,1
1878,640,2026-07-01,"Standard","Atlantic","Organic",9.76,0
1879,1891,2026-01-07,"Signature","Ontario","Organic",25.82,0
1880,1025,2026-03-02,"Standard","Atlantic","Referral",11.32,0
1881,849,2026-05-21,"Standard","Atlantic","Referral",15.11,0
1882,2858,2026-01-21,"Signature","Atlantic","Organic",25.58,0
1883,905,2026-05-01,"Standard","Ontario","Search",18.95,0
1884,3422,2026-01-21,"Standard","Atlantic","Referral",19.64,0
1885,469,2026-03-19,"Signature","Atlantic","Social",20.28,1
1886,729,2026-06-11,"Discovery","Atlantic","Referral",28.83,0
1887,3864,2026-03-18,"Signature","Ontario","Organic",24.71,0
1888,2021,2026-04-12,"Discovery","Atlantic","Organic",30.3,1
1889,2454,2026-02-02,"Signature","Ontario","Retail_partner",18.86,0
1890,1314,2026-06-28,"Standard","Atlantic","Retail_partner",14.49,0
1891,2043,2026-06-11,"Discovery","Atlantic","Retail_partner",30.11,0
1892,3014,2026-06-03,"Signature","Atlantic","Organic",21.88,0
1893,678,2026-05-27,"Discovery","Atlantic","Referral",32.87,0
1894,661,2026-02-21,"Standard","Ontario","Search",16.09,1
1895,3774,2026-04-01,"Standard","Ontario","Search",17.06,0
1896,3732,2026-01-07,"Discovery","Atlantic","Organic",37.86,0
1897,3835,2026-03-23,"Discovery","Atlantic","Organic",34.25,0
1898,623,2026-05-01,"Standard","Ontario","Social",14.58,0
1899,1442,2026-04-11,"Standard","Ontario","Retail_partner",15.3,1
1900,170,2026-06-06,"Standard","Ontario","Organic",17.28,0
1901,2117,2026-06-17,"Signature","Atlantic","Social",24.77,0
1902,3104,2026-01-01,"Standard","Atlantic","Organic",18.46,0
1903,3514,2026-02-04,"Standard","Atlantic","Referral",16.72,0
1904,310,2026-03-27,"Discovery","Atlantic","Organic",33.61,1
1905,2371,2026-03-07,"Discovery","Atlantic","Referral",30.8,0
1906,1518,2026-01-15,"Standard","Atlantic","Search",10.04,0
1907,2701,2026-04-11,"Standard","Atlantic","Search",15.51,0
1908,8,2026-03-14,"Signature","Atlantic","Organic",21.97,0
1909,895,2026-05-14,"Standard","Atlantic","Social",19.25,1
1910,3504,2026-02-07,"Signature","Ontario","Organic",26.16,1
1911,1772,2026-02-28,"Standard","Ontario","Search",15.09,0
1912,3160,2026-03-11,"Standard","Atlantic","Search",13.36,1
1913,1733,2026-03-16,"Standard","Atlantic","Social",13.45,0
1914,45,2026-05-06,"Standard","Atlantic","Social",9.94,0
1915,348,2026-02-03,"Standard","Ontario","Organic",16.72,0
1916,3671,2026-01-17,"Signature","Ontario","Search",25.48,0
1917,1114,2026-06-22,"Signature","Atlantic","Referral",19.58,0
1918,1017,2026-03-16,"Signature","Atlantic","Search",22.16,0
1919,3653,2026-04-06,"Standard","Atlantic","Organic",16.26,0
1920,1201,2026-05-09,"Standard","Atlantic","Retail_partner",17.31,1
1921,201,2026-05-01,"Signature","Atlantic","Organic",24.17,0
1922,1865,2026-06-05,"Signature","Ontario","Retail_partner",26.86,0
1923,1360,2026-05-28,"Standard","Atlantic","Search",18.87,0
1924,2203,2026-04-13,"Standard","Atlantic","Referral",14.45,0
1925,2989,2026-03-24,"Standard","Ontario","Social",16.89,1
1926,135,2026-03-02,"Standard","Ontario","Referral",15.14,0
1927,3400,2026-02-04,"Discovery","Atlantic","Referral",29.35,0
1928,3454,2026-01-17,"Signature","Atlantic","Search",25.45,0
1929,1086,2026-02-01,"Standard","Atlantic","Referral",18.47,0
1930,3292,2026-02-13,"Standard","Atlantic","Retail_partner",13.52,1
1931,2431,2026-01-19,"Signature","Atlantic","Organic",24.77,0
1932,964,2026-05-02,"Standard","Atlantic","Social",20.13,0
1933,357,2026-05-17,"Discovery","Atlantic","Referral",30.94,0
1934,533,2026-04-26,"Standard","Atlantic","Referral",11.66,0
1935,586,2026-01-24,"Discovery","Atlantic","Organic",30.69,0
1936,3476,2026-03-23,"Standard","Atlantic","Search",10.7,1
1937,2228,2026-04-18,"Signature","Atlantic","Referral",25.26,0
1938,3337,2026-05-04,"Standard","Atlantic","Referral",14.81,0
1939,1748,2026-06-04,"Standard","Atlantic","Organic",16.17,0
1940,421,2026-02-20,"Standard","Atlantic","Referral",13.58,1
1941,941,2026-05-06,"Standard","Ontario","Referral",7.21,0
1942,2450,2026-01-09,"Standard","Ontario","Retail_partner",16.87,1
1943,2707,2026-03-17,"Signature","Atlantic","Social",19.19,0
1944,2133,2026-05-30,"Signature","Atlantic","Organic",19.19,1
1945,625,2026-01-31,"Standard","Ontario","Organic",15.99,1
1946,3267,2026-06-05,"Standard","Atlantic","Organic",13.18,0
1947,2066,2026-03-13,"Standard","Atlantic","Social",12.44,0
1948,3698,2026-05-16,"Discovery","Atlantic","Organic",32.25,0
1949,371,2026-04-09,"Signature","Atlantic","Social",24.07,0
1950,2398,2026-04-03,"Standard","Ontario","Referral",15.96,0
1951,1039,2026-05-11,"Signature","Atlantic","Search",22.07,0
1952,1434,2026-05-01,"Standard","Atlantic","Organic",9.22,0
1953,2380,2026-05-26,"Discovery","Atlantic","Search",28.92,0
1954,1199,2026-04-25,"Standard","Atlantic","Search",18.29,1
1955,3868,2026-06-03,"Signature","Atlantic","Organic",25.55,0
1956,1298,2026-04-03,"Signature","Atlantic","Search",19.81,0
1957,1481,2026-06-07,"Standard","Atlantic","Social",16.87,0
1958,2547,2026-05-21,"Standard","Atlantic","Organic",14.88,0
1959,1938,2026-05-06,"Signature","Atlantic","Organic",17.91,1
1960,2189,2026-06-25,"Discovery","Atlantic","Referral",29.67,0
1961,1055,2026-06-08,"Signature","Ontario","Organic",24.45,0
1962,2885,2026-03-18,"Standard","Atlantic","Search",11.47,0
1963,322,2026-04-13,"Signature","Atlantic","Social",24,0
1964,1292,2026-02-07,"Standard","Ontario","Organic",13.39,0
1965,2172,2026-04-19,"Standard","Atlantic","Referral",15.18,0
1966,1824,2026-01-29,"Signature","Ontario","Social",21.48,0
1967,3298,2026-02-07,"Standard","Atlantic","Organic",13.26,1
1968,2147,2026-02-08,"Signature","Atlantic","Social",22.91,0
1969,89,2026-02-28,"Discovery","Ontario","Social",37.12,1
1970,591,2026-04-14,"Standard","Ontario","Search",15.94,0
1971,2856,2026-06-21,"Standard","Atlantic","Organic",18.86,0
1972,3196,2026-04-10,"Standard","Atlantic","Referral",18.49,1
1973,1367,2026-04-05,"Signature","Ontario","Organic",25,0
1974,2157,2026-07-01,"Standard","Atlantic","Social",13.93,1
1975,1898,2026-01-18,"Signature","Atlantic","Organic",24.34,0
1976,679,2026-02-13,"Signature","Atlantic","Search",24.38,0
1977,3860,2026-02-03,"Signature","Ontario","Search",21.69,0
1978,2569,2026-03-10,"Standard","Ontario","Retail_partner",15.68,1
1979,2867,2026-01-23,"Signature","Atlantic","Organic",22.87,1
1980,1096,2026-05-29,"Signature","Ontario","Social",24.48,0
1981,1693,2026-01-20,"Standard","Atlantic","Organic",13.24,0
1982,2890,2026-04-08,"Standard","Atlantic","Organic",13.6,0
1983,587,2026-05-16,"Standard","Atlantic","Retail_partner",14.58,0
1984,80,2026-04-10,"Standard","Atlantic","Organic",15.43,0
1985,2576,2026-03-22,"Standard","Ontario","Social",15.26,0
1986,3343,2026-03-06,"Signature","Atlantic","Social",26.33,0
1987,3317,2026-06-25,"Standard","Atlantic","Organic",18.42,1
1988,3732,2026-05-05,"Signature","Atlantic","Organic",22.56,0
1989,3252,2026-06-01,"Discovery","Atlantic","Social",29.71,0
1990,1366,2026-05-01,"Signature","Atlantic","Organic",20.62,0
1991,1302,2026-01-19,"Discovery","Atlantic","Referral",32.81,0
1992,1411,2026-06-20,"Signature","Atlantic","Organic",21.19,0
1993,2981,2026-04-24,"Signature","Atlantic","Search",18.17,0
1994,3601,2026-01-03,"Standard","Atlantic","Organic",16.06,0
1995,2041,2026-06-22,"Signature","Atlantic","Referral",22.57,0
1996,1239,2026-04-17,"Discovery","Atlantic","Referral",31.93,0
1997,2314,2026-05-28,"Standard","Atlantic","Organic",11.25,1
1998,3015,2026-01-11,"Standard","Atlantic","Search",18.61,1
1999,1933,2026-02-09,"Standard","Atlantic","Organic",13.94,0
2000,854,2026-02-03,"Standard","Atlantic","Retail_partner",16.88,0
2001,1026,2026-05-17,"Discovery","Atlantic","Referral",37.47,1
2002,1450,2026-02-06,"Signature","Atlantic","Referral",25.27,0
2003,1509,2026-05-31,"Signature","Ontario","Social",24.83,1
2004,1407,2026-06-19,"Standard","Atlantic","Retail_partner",19.11,0
2005,1656,2026-01-15,"Signature","Atlantic","Referral",26.39,0
2006,2641,2026-04-25,"Standard","Atlantic","Search",15,1
2007,1519,2026-06-19,"Standard","Atlantic","Search",17.21,0
2008,3994,2026-05-16,"Signature","Atlantic","Referral",24.31,1
2009,313,2026-03-16,"Standard","Ontario","Search",16.82,1
2010,638,2026-03-05,"Standard","Atlantic","Social",15.89,1
2011,2052,2026-03-04,"Discovery","Atlantic","Organic",33.83,0
2012,2696,2026-04-08,"Standard","Ontario","Referral",18.47,1
2013,1547,2026-05-30,"Standard","Atlantic","Organic",13.69,1
2014,2542,2026-04-09,"Signature","Ontario","Social",21.58,0
2015,593,2026-01-07,"Signature","Atlantic","Social",25.42,0
2016,3428,2026-04-29,"Standard","Atlantic","Organic",11.24,0
2017,2899,2026-01-19,"Signature","Atlantic","Search",20.04,0
2018,3346,2026-03-20,"Standard","Atlantic","Organic",16.12,0
2019,224,2026-05-17,"Discovery","Atlantic","Organic",32.15,0
2020,837,2026-06-28,"Discovery","Atlantic","Search",30.9,0
2021,653,2026-05-12,"Standard","Ontario","Referral",13.7,0
2022,1570,2026-02-24,"Standard","Ontario","Organic",14.83,0
2023,2388,2026-03-31,"Standard","Ontario","Search",15.9,0
2024,2602,2026-06-27,"Discovery","Atlantic","Referral",30.95,0
2025,341,2026-02-15,"Standard","Atlantic","Social",19.48,0
2026,829,2026-02-16,"Signature","Atlantic","Organic",18.05,1
2027,2348,2026-04-01,"Standard","Atlantic","Social",16.42,0
2028,3165,2026-04-02,"Standard","Atlantic","Search",16.12,0
2029,367,2026-02-08,"Signature","Atlantic","Retail_partner",23.55,1
2030,851,2026-03-25,"Standard","Ontario","Organic",15.42,0
2031,3514,2026-06-06,"Signature","Atlantic","Organic",21.38,0
2032,613,2026-04-28,"Discovery","Atlantic","Social",30.72,0
2033,2533,2026-04-15,"Standard","Atlantic","Referral",15.84,0
2034,1999,2026-02-27,"Standard","Ontario","Organic",11.73,0
2035,1931,2026-03-26,"Standard","Atlantic","Referral",12.76,0
2036,3468,2026-06-08,"Discovery","Atlantic","Retail_partner",31.81,0
2037,1115,2026-05-26,"Standard","Atlantic","Social",10.31,1
2038,1253,2026-06-16,"Standard","Atlantic","Organic",14.01,0
2039,829,2026-02-02,"Standard","Atlantic","Organic",8.24,1
2040,1707,2026-04-21,"Discovery","Atlantic","Organic",31.88,0
2041,2839,2026-02-16,"Signature","Atlantic","Organic",21.3,0
2042,969,2026-06-13,"Signature","Atlantic","Referral",25.14,0
2043,3930,2026-04-06,"Standard","Atlantic","Referral",17.51,0
2044,26,2026-04-14,"Signature","Atlantic","Search",21.81,1
2045,1281,2026-05-30,"Discovery","Atlantic","Search",32.1,0
2046,3288,2026-02-18,"Discovery","Ontario","Organic",32.76,0
2047,3932,2026-01-29,"Standard","Atlantic","Retail_partner",16.63,0
2048,657,2026-02-06,"Standard","Atlantic","Organic",15.87,0
2049,2741,2026-02-08,"Signature","Ontario","Social",25.93,0
2050,612,2026-02-08,"Discovery","Atlantic","Referral",27.3,0
2051,935,2026-05-25,"Signature","Ontario","Organic",16.15,0
2052,2568,2026-05-24,"Discovery","Atlantic","Organic",28.98,0
2053,3425,2026-02-17,"Signature","Ontario","Social",25.51,0
2054,34,2026-03-11,"Standard","Ontario","Social",18.96,1
2055,367,2026-06-21,"Signature","Atlantic","Organic",19.45,1
2056,3399,2026-01-11,"Standard","Ontario","Social",16.6,1
2057,542,2026-01-08,"Standard","Atlantic","Search",14.87,0
2058,889,2026-04-26,"Standard","Atlantic","Retail_partner",15.3,1
2059,2887,2026-03-01,"Signature","Atlantic","Retail_partner",23.75,0
2060,360,2026-05-18,"Standard","Ontario","Retail_partner",17.57,0
2061,1335,2026-02-01,"Standard","Ontario","Social",18.85,0
2062,271,2026-02-11,"Discovery","Atlantic","Organic",31.83,0
2063,632,2026-02-21,"Standard","Atlantic","Referral",10.7,0
2064,683,2026-01-24,"Standard","Atlantic","Organic",15.06,0
2065,1328,2026-04-29,"Standard","Atlantic","Referral",16.29,0
2066,1492,2026-03-30,"Standard","Atlantic","Social",17.39,0
2067,1935,2026-04-01,"Standard","Atlantic","Social",18.95,1
2068,2707,2026-06-19,"Discovery","Atlantic","Social",31.24,0
2069,2984,2026-01-06,"Standard","Atlantic","Organic",16.81,0
2070,2646,2026-06-08,"Standard","Atlantic","Organic",17.42,0
2071,3828,2026-03-10,"Standard","Atlantic","Social",12.19,0
2072,2560,2026-05-06,"Signature","Atlantic","Social",21.98,0
2073,1227,2026-03-14,"Standard","Atlantic","Organic",17.41,0
2074,3428,2026-04-17,"Standard","Atlantic","Organic",16.87,0
2075,1317,2026-01-20,"Standard","Ontario","Organic",15.01,1
2076,44,2026-03-08,"Standard","Atlantic","Search",13.99,0
2077,3616,2026-01-10,"Signature","Atlantic","Retail_partner",23.33,0
2078,104,2026-01-03,"Signature","Atlantic","Organic",21.52,1
2079,3295,2026-05-11,"Standard","Atlantic","Organic",13.94,0
2080,3653,2026-01-12,"Standard","Atlantic","Organic",18.39,1
2081,393,2026-03-13,"Standard","Atlantic","Organic",13.87,1
2082,173,2026-06-11,"Standard","Atlantic","Search",13.42,0
2083,2936,2026-03-09,"Standard","Atlantic","Organic",14.77,1
2084,3464,2026-02-21,"Signature","Atlantic","Organic",26.19,1
2085,3898,2026-06-11,"Discovery","Atlantic","Search",30.91,0
2086,392,2026-06-19,"Standard","Atlantic","Referral",12.09,1
2087,3159,2026-06-23,"Standard","Atlantic","Organic",14.35,1
2088,3264,2026-01-07,"Signature","Atlantic","Social",22.5,0
2089,1869,2026-05-29,"Standard","Atlantic","Organic",15.02,1
2090,1796,2026-01-06,"Standard","Ontario","Social",15.96,0
2091,390,2026-01-26,"Signature","Ontario","Referral",26.59,0
2092,3732,2026-06-10,"Signature","Atlantic","Social",20.62,1
2093,1471,2026-03-27,"Signature","Atlantic","Social",25,0
2094,1162,2026-03-06,"Signature","Atlantic","Organic",24.01,0
2095,2795,2026-03-25,"Signature","Atlantic","Referral",27.03,0
2096,3336,2026-01-12,"Standard","Atlantic","Retail_partner",14.87,0
2097,1672,2026-01-26,"Discovery","Atlantic","Social",33.08,0
2098,376,2026-01-27,"Signature","Atlantic","Organic",20.58,1
2099,3443,2026-05-11,"Standard","Atlantic","Referral",11.7,0
2100,729,2026-02-23,"Standard","Atlantic","Social",15.66,0
2101,2798,2026-01-15,"Signature","Ontario","Referral",25.67,0
2102,741,2026-05-08,"Standard","Atlantic","Organic",13,0
2103,935,2026-01-01,"Standard","Atlantic","Social",16.99,0
2104,3831,2026-03-02,"Discovery","Atlantic","Social",31.23,0
2105,2088,2026-01-05,"Standard","Atlantic","Referral",15.87,0
2106,2981,2026-04-03,"Standard","Ontario","Referral",18.26,0
2107,3398,2026-03-10,"Standard","Atlantic","Organic",12.52,1
2108,3835,2026-03-22,"Standard","Atlantic","Organic",15.05,0
2109,3272,2026-04-26,"Discovery","Ontario","Organic",36.87,0
2110,788,2026-05-20,"Standard","Atlantic","Organic",13.47,0
2111,1888,2026-03-22,"Standard","Atlantic","Social",12.18,0
2112,163,2026-01-21,"Standard","Atlantic","Organic",17.75,0
2113,317,2026-01-07,"Signature","Atlantic","Organic",18.58,0
2114,2772,2026-03-08,"Discovery","Atlantic","Organic",31.49,0
2115,1536,2026-02-04,"Discovery","Atlantic","Retail_partner",32.69,0
2116,3492,2026-05-20,"Standard","Ontario","Retail_partner",14.94,1
2117,1873,2026-01-19,"Standard","Atlantic","Referral",15.3,0
2118,2724,2026-05-19,"Standard","Atlantic","Organic",21.39,0
2119,647,2026-06-20,"Standard","Atlantic","Retail_partner",12.72,1
2120,3845,2026-04-10,"Standard","Atlantic","Organic",15.7,0
2121,2931,2026-03-28,"Standard","Atlantic","Search",13.83,0
2122,1766,2026-03-20,"Signature","Atlantic","Organic",23.06,0
2123,3609,2026-01-29,"Signature","Atlantic","Social",21.04,0
2124,2600,2026-03-11,"Signature","Atlantic","Social",24.45,0
2125,3465,2026-06-25,"Standard","Atlantic","Social",17,0
2126,19,2026-02-21,"Signature","Atlantic","Search",22.75,1
2127,1440,2026-05-28,"Standard","Atlantic","Organic",18.97,0
2128,2916,2026-05-02,"Signature","Atlantic","Social",23.04,0
2129,749,2026-06-01,"Standard","Atlantic","Search",17.48,0
2130,2596,2026-01-31,"Discovery","Ontario","Search",39.03,0
2131,2578,2026-03-19,"Signature","Ontario","Referral",23.66,1
2132,282,2026-03-26,"Standard","Atlantic","Referral",9.76,0
2133,1042,2026-03-20,"Standard","Ontario","Search",18.49,0
2134,2184,2026-05-01,"Signature","Atlantic","Search",21.71,1
2135,3614,2026-02-20,"Discovery","Atlantic","Organic",31.01,1
2136,3332,2026-01-06,"Signature","Atlantic","Referral",16.93,0
2137,2522,2026-03-13,"Standard","Atlantic","Organic",16.96,0
2138,3730,2026-05-30,"Signature","Atlantic","Referral",22.78,0
2139,3881,2026-03-03,"Standard","Atlantic","Retail_partner",16.78,0
2140,3178,2026-02-18,"Standard","Ontario","Search",17.5,1
2141,1416,2026-04-01,"Signature","Atlantic","Organic",24.51,0
2142,1709,2026-01-03,"Signature","Atlantic","Organic",25.57,1
2143,112,2026-02-21,"Standard","Atlantic","Retail_partner",17.37,0
2144,1161,2026-01-04,"Signature","Atlantic","Social",23.14,1
2145,3870,2026-05-09,"Standard","Ontario","Organic",14.28,0
2146,3763,2026-05-11,"Discovery","Atlantic","Organic",32.67,0
2147,2718,2026-05-14,"Signature","Atlantic","Social",20.17,0
2148,3760,2026-03-23,"Signature","Atlantic","Social",20.87,0
2149,2074,2026-06-20,"Standard","Ontario","Search",16.08,1
2150,1687,2026-01-12,"Standard","Atlantic","Organic",13.25,1
2151,3056,2026-05-13,"Standard","Atlantic","Search",12.02,0
2152,2788,2026-03-16,"Standard","Atlantic","Retail_partner",13.06,1
2153,3892,2026-03-04,"Standard","Atlantic","Social",17.1,0
2154,638,2026-04-13,"Signature","Atlantic","Referral",24.7,0
2155,1787,2026-06-06,"Signature","Atlantic","Search",24.56,0
2156,3725,2026-06-05,"Signature","Ontario","Social",25.64,0
2157,3753,2026-03-02,"Standard","Ontario","Organic",16.07,1
2158,1663,2026-04-29,"Discovery","Atlantic","Organic",32.42,0
2159,876,2026-01-14,"Discovery","Atlantic","Organic",35.77,0
2160,953,2026-01-01,"Standard","Atlantic","Social",11.05,0
2161,3143,2026-03-27,"Standard","Atlantic","Social",12.99,1
2162,3724,2026-02-25,"Discovery","Ontario","Organic",32.08,0
2163,2825,2026-01-02,"Standard","Atlantic","Search",11.29,1
2164,945,2026-06-12,"Standard","Atlantic","Search",14.84,0
2165,2848,2026-03-02,"Standard","Atlantic","Organic",11.63,1
2166,499,2026-06-06,"Signature","Atlantic","Search",25.53,0
2167,1629,2026-04-17,"Signature","Atlantic","Search",19.04,0
2168,1482,2026-02-04,"Standard","Atlantic","Search",14.72,0
2169,347,2026-02-18,"Signature","Atlantic","Social",22.5,0
2170,2670,2026-01-06,"Discovery","Atlantic","Organic",32.69,0
2171,3751,2026-04-22,"Signature","Ontario","Search",22.11,0
2172,702,2026-05-01,"Signature","Atlantic","Search",22.49,0
2173,2557,2026-06-24,"Standard","Atlantic","Search",14.88,0
2174,2170,2026-03-28,"Standard","Atlantic","Organic",14.41,0
2175,399,2026-01-19,"Signature","Ontario","Search",25.97,0
2176,3363,2026-06-24,"Standard","Atlantic","Retail_partner",16.05,0
2177,2653,2026-02-27,"Discovery","Atlantic","Organic",31.96,0
2178,1508,2026-02-25,"Discovery","Atlantic","Search",34.05,0
2179,3194,2026-02-02,"Standard","Atlantic","Social",10.34,0
2180,2762,2026-04-14,"Standard","Ontario","Search",11.64,0
2181,839,2026-06-13,"Standard","Ontario","Organic",19.39,0
2182,1633,2026-04-15,"Standard","Ontario","Retail_partner",16.48,0
2183,2230,2026-03-20,"Standard","Atlantic","Organic",12.55,0
2184,2813,2026-02-02,"Standard","Atlantic","Referral",14.7,0
2185,402,2026-04-02,"Discovery","Atlantic","Organic",28.29,0
2186,2984,2026-03-19,"Standard","Atlantic","Search",13.75,1
2187,2234,2026-06-13,"Standard","Ontario","Social",11.27,0
2188,770,2026-04-12,"Signature","Atlantic","Organic",22.13,0
2189,2736,2026-01-11,"Standard","Ontario","Social",13.04,0
2190,1279,2026-04-30,"Signature","Atlantic","Organic",22.46,0
2191,832,2026-03-07,"Discovery","Atlantic","Social",32.97,0
2192,3071,2026-01-11,"Signature","Atlantic","Organic",22.22,1
2193,1742,2026-03-22,"Signature","Ontario","Organic",24.61,0
2194,2518,2026-01-28,"Standard","Atlantic","Organic",14.66,1
2195,46,2026-06-02,"Signature","Atlantic","Social",19.82,0
2196,1926,2026-03-19,"Standard","Atlantic","Referral",12.3,0
2197,1739,2026-02-27,"Signature","Atlantic","Organic",19.55,1
2198,1138,2026-01-11,"Standard","Atlantic","Organic",14.79,0
2199,1578,2026-05-06,"Signature","Atlantic","Organic",22.13,1
2200,2269,2026-05-03,"Discovery","Atlantic","Social",30.19,0
2201,766,2026-01-21,"Signature","Atlantic","Organic",18.52,0
2202,899,2026-02-27,"Discovery","Atlantic","Search",34.04,0
2203,1009,2026-06-09,"Signature","Atlantic","Organic",20.41,0
2204,3975,2026-03-09,"Discovery","Atlantic","Social",27.76,0
2205,1970,2026-01-15,"Signature","Atlantic","Social",24.41,1
2206,1163,2026-03-01,"Signature","Ontario","Referral",25.51,0
2207,678,2026-01-28,"Signature","Atlantic","Search",25.82,1
2208,1619,2026-02-21,"Standard","Atlantic","Retail_partner",13.96,1
2209,942,2026-01-20,"Standard","Ontario","Organic",17.52,0
2210,384,2026-04-23,"Standard","Atlantic","Social",10.34,0
2211,1653,2026-06-19,"Standard","Atlantic","Organic",12.37,0
2212,2214,2026-05-22,"Standard","Atlantic","Organic",12.78,1
2213,1171,2026-05-13,"Discovery","Atlantic","Referral",36.21,0
2214,2060,2026-04-23,"Standard","Atlantic","Referral",13.5,0
2215,1885,2026-01-11,"Discovery","Atlantic","Organic",34.69,1
2216,182,2026-06-18,"Discovery","Atlantic","Social",30.42,0
2217,2111,2026-05-20,"Discovery","Atlantic","Organic",29.52,0
2218,2952,2026-06-12,"Standard","Ontario","Search",13.26,0
2219,2569,2026-05-31,"Discovery","Ontario","Organic",34.24,0
2220,2002,2026-05-10,"Standard","Atlantic","Organic",15.66,0
2221,2865,2026-05-01,"Signature","Atlantic","Retail_partner",22.28,1
2222,3155,2026-06-08,"Signature","Atlantic","Search",21.49,0
2223,1560,2026-04-09,"Standard","Atlantic","Social",14.9,0
2224,2789,2026-06-10,"Standard","Atlantic","Organic",16.11,0
2225,2073,2026-03-28,"Signature","Ontario","Referral",20.58,0
2226,2820,2026-05-19,"Signature","Ontario","Social",19.4,0
2227,3549,2026-03-25,"Discovery","Atlantic","Organic",32.42,0
2228,240,2026-06-20,"Standard","Atlantic","Organic",8.56,0
2229,2156,2026-04-03,"Signature","Atlantic","Social",21.2,1
2230,103,2026-01-16,"Discovery","Atlantic","Organic",32.01,0
2231,3239,2026-01-30,"Standard","Atlantic","Organic",17.46,0
2232,2007,2026-01-21,"Standard","Atlantic","Social",13.3,0
2233,3195,2026-03-27,"Signature","Atlantic","Organic",20.66,1
2234,3808,2026-02-15,"Standard","Atlantic","Search",14.2,0
2235,3806,2026-06-05,"Signature","Atlantic","Search",20.47,0
2236,1062,2026-02-22,"Signature","Atlantic","Retail_partner",20.81,0
2237,567,2026-03-14,"Standard","Atlantic","Social",21.23,0
2238,223,2026-03-03,"Signature","Atlantic","Social",19.94,0
2239,1652,2026-05-03,"Signature","Atlantic","Organic",19.76,0
2240,1836,2026-01-01,"Standard","Atlantic","Search",13.41,0
2241,3233,2026-02-16,"Standard","Ontario","Search",17.2,0
2242,13,2026-05-12,"Standard","Atlantic","Organic",14.93,1
2243,1140,2026-04-10,"Discovery","Atlantic","Social",31.77,0
2244,1914,2026-01-30,"Signature","Ontario","Search",17.91,0
2245,3869,2026-06-06,"Standard","Atlantic","Organic",12.01,0
2246,1217,2026-01-26,"Signature","Atlantic","Social",20.24,0
2247,1939,2026-06-03,"Discovery","Atlantic","Organic",33.43,0
2248,3729,2026-06-02,"Discovery","Atlantic","Search",31.59,0
2249,2048,2026-02-02,"Standard","Atlantic","Referral",11.25,0
2250,3592,2026-01-08,"Discovery","Ontario","Referral",32.37,0
2251,698,2026-05-13,"Signature","Ontario","Organic",21.07,0
2252,1643,2026-03-30,"Standard","Ontario","Organic",17.57,0
2253,1354,2026-06-10,"Standard","Atlantic","Referral",16.59,1
2254,1321,2026-03-20,"Standard","Atlantic","Search",14.31,1
2255,818,2026-02-04,"Standard","Atlantic","Organic",13.7,1
2256,2645,2026-04-08,"Standard","Atlantic","Retail_partner",13.38,0
2257,1412,2026-06-14,"Standard","Atlantic","Organic",14.37,1
2258,2273,2026-06-16,"Standard","Atlantic","Referral",15.79,0
2259,251,2026-05-30,"Discovery","Atlantic","Social",31.48,0
2260,2519,2026-05-04,"Standard","Atlantic","Social",16.64,0
2261,2315,2026-04-26,"Discovery","Atlantic","Social",33.59,0
2262,3307,2026-06-19,"Signature","Atlantic","Referral",24.89,1
2263,1066,2026-03-24,"Standard","Atlantic","Retail_partner",15.76,0
2264,1715,2026-02-08,"Discovery","Ontario","Search",28.89,0
2265,388,2026-01-30,"Standard","Ontario","Search",17.55,0
2266,3797,2026-02-22,"Discovery","Atlantic","Organic",33.55,0
2267,2533,2026-06-26,"Signature","Atlantic","Social",17.8,1
2268,3953,2026-05-03,"Signature","Atlantic","Search",24.82,0
2269,2630,2026-01-12,"Standard","Atlantic","Social",15.55,0
2270,942,2026-06-18,"Standard","Atlantic","Organic",15.33,0
2271,3307,2026-02-04,"Standard","Atlantic","Organic",14.24,0
2272,1970,2026-04-06,"Signature","Ontario","Search",25.55,0
2273,3448,2026-03-09,"Discovery","Atlantic","Referral",32.07,0
2274,3944,2026-04-06,"Standard","Atlantic","Retail_partner",15.66,0
2275,1210,2026-05-29,"Standard","Atlantic","Organic",13.84,0
2276,853,2026-05-17,"Standard","Atlantic","Organic",14.82,0
2277,1046,2026-06-17,"Signature","Atlantic","Social",22.31,0
2278,2125,2026-02-15,"Signature","Ontario","Organic",23.07,0
2279,2820,2026-06-14,"Standard","Atlantic","Social",13.52,0
2280,3987,2026-05-06,"Signature","Atlantic","Social",25.53,0
2281,1529,2026-01-10,"Discovery","Atlantic","Social",32.28,0
2282,2447,2026-02-11,"Signature","Atlantic","Search",25.28,1
2283,1648,2026-06-14,"Standard","Ontario","Social",19.2,0
2284,2739,2026-01-16,"Signature","Atlantic","Referral",22.91,0
2285,3011,2026-01-16,"Standard","Atlantic","Referral",14.21,0
2286,1157,2026-03-20,"Standard","Ontario","Social",17.44,0
2287,2723,2026-02-27,"Standard","Atlantic","Social",16.44,0
2288,2166,2026-06-24,"Standard","Atlantic","Organic",13.1,1
2289,2175,2026-01-31,"Signature","Ontario","Referral",23.42,1
2290,1191,2026-02-28,"Signature","Atlantic","Referral",20.73,0
2291,2903,2026-01-07,"Standard","Atlantic","Referral",17.18,0
2292,2473,2026-01-10,"Standard","Ontario","Social",14.66,0
2293,1008,2026-03-03,"Signature","Atlantic","Organic",28.57,0
2294,3901,2026-01-19,"Discovery","Ontario","Retail_partner",35.6,0
2295,2404,2026-05-05,"Standard","Atlantic","Retail_partner",10.85,0
2296,300,2026-04-04,"Standard","Atlantic","Organic",15.23,0
2297,1907,2026-05-20,"Standard","Atlantic","Search",13.7,0
2298,3867,2026-04-06,"Standard","Atlantic","Organic",13.43,0
2299,1765,2026-05-27,"Standard","Atlantic","Organic",12.03,0
2300,2893,2026-06-25,"Signature","Atlantic","Social",19.65,0
2301,1389,2026-05-22,"Standard","Atlantic","Social",10.47,0
2302,3385,2026-01-16,"Discovery","Ontario","Referral",28.74,1
2303,3468,2026-05-09,"Signature","Atlantic","Social",26.06,0
2304,1038,2026-02-08,"Standard","Atlantic","Organic",15.56,0
2305,3434,2026-05-16,"Standard","Ontario","Search",11.87,1
2306,3411,2026-06-14,"Signature","Atlantic","Search",26.06,0
2307,1959,2026-04-11,"Discovery","Ontario","Organic",37.24,0
2308,3248,2026-01-31,"Standard","Atlantic","Search",16.2,1
2309,1091,2026-03-16,"Standard","Atlantic","Search",15.46,0
2310,1722,2026-05-18,"Standard","Atlantic","Referral",15.6,0
2311,3639,2026-01-28,"Standard","Ontario","Search",12.83,0
2312,2778,2026-01-19,"Standard","Atlantic","Search",16.63,0
2313,2870,2026-04-10,"Standard","Atlantic","Organic",17.1,0
2314,3853,2026-07-01,"Discovery","Ontario","Search",29.2,0
2315,2341,2026-04-30,"Standard","Atlantic","Social",18.45,0
2316,3601,2026-06-04,"Standard","Ontario","Social",19.68,0
2317,3953,2026-06-21,"Standard","Atlantic","Organic",17.35,1
2318,403,2026-05-16,"Standard","Ontario","Retail_partner",15.41,0
2319,496,2026-03-28,"Signature","Atlantic","Organic",18.62,0
2320,3989,2026-04-29,"Standard","Atlantic","Organic",14.38,0
2321,455,2026-04-05,"Signature","Ontario","Referral",26.31,1
2322,3428,2026-02-24,"Standard","Atlantic","Social",12.26,0
2323,2646,2026-02-14,"Standard","Atlantic","Retail_partner",15.69,0
2324,3975,2026-01-30,"Signature","Atlantic","Organic",22.98,0
2325,842,2026-04-11,"Standard","Atlantic","Search",18.04,0
2326,3407,2026-06-04,"Standard","Atlantic","Organic",15.97,1
2327,3926,2026-02-14,"Signature","Ontario","Search",25.1,0
2328,2450,2026-06-19,"Discovery","Atlantic","Organic",31.67,0
2329,545,2026-05-08,"Standard","Atlantic","Organic",10.36,1
2330,3926,2026-03-22,"Discovery","Atlantic","Retail_partner",32.33,0
2331,2173,2026-05-04,"Standard","Atlantic","Referral",13.63,0
2332,3475,2026-05-16,"Standard","Atlantic","Referral",18.05,0
2333,456,2026-05-06,"Standard","Atlantic","Referral",11.06,0
2334,1879,2026-05-15,"Signature","Atlantic","Social",21.93,1
2335,2324,2026-04-11,"Discovery","Atlantic","Search",32.56,0
2336,1861,2026-03-30,"Signature","Atlantic","Retail_partner",24.99,0
2337,568,2026-01-20,"Standard","Atlantic","Referral",19,0
2338,114,2026-03-18,"Standard","Atlantic","Social",15.14,0
2339,820,2026-02-02,"Standard","Atlantic","Referral",14.58,0
2340,2120,2026-06-17,"Signature","Atlantic","Organic",20.27,0
2341,312,2026-01-09,"Standard","Atlantic","Social",17.66,0
2342,1077,2026-06-27,"Standard","Atlantic","Social",14.21,0
2343,3289,2026-02-05,"Signature","Ontario","Social",22.03,0
2344,1831,2026-04-09,"Standard","Atlantic","Organic",17.02,0
2345,2522,2026-01-16,"Standard","Atlantic","Social",15.5,1
2346,1115,2026-02-01,"Standard","Atlantic","Social",15.21,0
2347,1260,2026-05-10,"Standard","Ontario","Social",17.22,0
2348,281,2026-01-12,"Standard","Atlantic","Social",15.28,1
2349,329,2026-04-13,"Signature","Atlantic","Search",21.17,0
2350,2229,2026-05-30,"Signature","Atlantic","Referral",21.37,0
2351,3605,2026-03-15,"Discovery","Atlantic","Search",31.61,0
2352,1795,2026-02-28,"Signature","Atlantic","Referral",22.69,0
2353,576,2026-01-24,"Standard","Ontario","Retail_partner",14.58,1
2354,164,2026-05-08,"Standard","Atlantic","Organic",8.6,1
2355,1482,2026-05-22,"Signature","Atlantic","Retail_partner",23.37,0
2356,1711,2026-05-16,"Standard","Atlantic","Search",15.08,0
2357,1548,2026-05-18,"Signature","Atlantic","Organic",22.92,0
2358,2238,2026-05-31,"Standard","Ontario","Organic",19.34,0
2359,3600,2026-01-14,"Standard","Ontario","Organic",12.5,0
2360,1696,2026-02-11,"Standard","Atlantic","Search",13.29,1
2361,153,2026-03-29,"Signature","Atlantic","Retail_partner",26.57,1
2362,3942,2026-05-30,"Signature","Atlantic","Retail_partner",19.54,0
2363,828,2026-04-27,"Standard","Atlantic","Organic",11.68,0
2364,3999,2026-02-26,"Signature","Ontario","Organic",25.41,0
2365,2592,2026-01-04,"Signature","Atlantic","Referral",26.21,0
2366,3184,2026-06-10,"Standard","Ontario","Search",18.11,0
2367,1184,2026-05-03,"Signature","Atlantic","Organic",19.59,0
2368,1925,2026-05-03,"Standard","Atlantic","Organic",16.85,0
2369,3052,2026-05-11,"Standard","Atlantic","Social",18.02,0
2370,161,2026-04-06,"Signature","Atlantic","Organic",23.01,0
2371,1728,2026-05-13,"Signature","Atlantic","Organic",22.35,0
2372,1103,2026-03-10,"Signature","Atlantic","Organic",24.06,1
2373,570,2026-01-09,"Standard","Atlantic","Search",15.66,0
2374,3173,2026-02-15,"Standard","Atlantic","Organic",22.89,1
2375,1220,2026-05-08,"Discovery","Ontario","Social",32.41,0
2376,2228,2026-06-25,"Standard","Atlantic","Retail_partner",14.68,1
2377,3508,2026-04-15,"Standard","Ontario","Retail_partner",19.02,0
2378,3334,2026-01-30,"Discovery","Atlantic","Organic",35.99,1
2379,3392,2026-01-30,"Standard","Ontario","Referral",17.33,0
2380,1215,2026-01-12,"Standard","Atlantic","Social",11.21,0
2381,871,2026-01-22,"Standard","Atlantic","Social",12.98,0
2382,747,2026-06-09,"Standard","Atlantic","Social",15.07,1
2383,195,2026-03-11,"Standard","Atlantic","Social",19.98,0
2384,280,2026-06-25,"Standard","Atlantic","Search",11.61,0
2385,540,2026-02-15,"Standard","Atlantic","Social",15.15,0
2386,3106,2026-04-24,"Standard","Atlantic","Organic",18.14,0
2387,870,2026-04-18,"Standard","Atlantic","Search",16.97,0
2388,1105,2026-03-25,"Standard","Atlantic","Organic",13.26,0
2389,347,2026-01-01,"Discovery","Atlantic","Organic",32.19,0
2390,1633,2026-05-08,"Standard","Atlantic","Social",12.72,0
2391,1055,2026-01-02,"Standard","Ontario","Social",16.61,0
2392,520,2026-03-03,"Standard","Atlantic","Referral",15.34,1
2393,896,2026-04-09,"Standard","Atlantic","Organic",15.35,0
2394,1898,2026-04-18,"Discovery","Ontario","Organic",36.05,1
2395,1811,2026-02-10,"Standard","Atlantic","Organic",16.42,0
2396,794,2026-05-04,"Standard","Atlantic","Organic",14.65,0
2397,1325,2026-01-22,"Standard","Atlantic","Organic",12.84,1
2398,898,2026-01-03,"Signature","Atlantic","Organic",21.24,0
2399,1454,2026-05-17,"Standard","Atlantic","Organic",16.11,0
2400,1454,2026-03-07,"Standard","Atlantic","Organic",10.55,0
2401,1802,2026-05-11,"Signature","Atlantic","Referral",20.79,0
2402,2255,2026-03-19,"Signature","Atlantic","Search",24.07,1
2403,1256,2026-06-17,"Standard","Atlantic","Organic",14.12,1
2404,1145,2026-06-25,"Signature","Atlantic","Referral",22.09,0
2405,2514,2026-06-19,"Standard","Ontario","Organic",14.63,0
2406,975,2026-05-17,"Signature","Ontario","Search",21.82,0
2407,220,2026-01-13,"Signature","Atlantic","Organic",21.7,0
2408,199,2026-05-15,"Standard","Atlantic","Organic",13.08,0
2409,1647,2026-02-12,"Standard","Ontario","Referral",16.98,0
2410,196,2026-05-14,"Standard","Atlantic","Retail_partner",12.86,0
2411,1122,2026-03-28,"Standard","Atlantic","Social",13.88,0
2412,1320,2026-06-26,"Discovery","Atlantic","Search",32.66,0
2413,3254,2026-06-08,"Standard","Atlantic","Organic",17.83,0
2414,2549,2026-04-29,"Signature","Atlantic","Organic",23.36,0
2415,2632,2026-02-14,"Standard","Atlantic","Organic",16.95,0
2416,1962,2026-02-01,"Standard","Atlantic","Search",16.75,1
2417,367,2026-05-14,"Signature","Atlantic","Social",19.76,0
2418,1011,2026-06-11,"Signature","Atlantic","Search",24.38,0
2419,187,2026-03-10,"Signature","Atlantic","Social",19.68,1
2420,3154,2026-06-09,"Signature","Atlantic","Organic",22.42,0
2421,3369,2026-04-07,"Standard","Atlantic","Social",16.76,0
2422,604,2026-05-15,"Standard","Atlantic","Social",14.1,1
2423,3092,2026-02-16,"Discovery","Atlantic","Search",31.42,0
2424,1183,2026-05-20,"Standard","Atlantic","Social",15.22,0
2425,1621,2026-03-10,"Signature","Atlantic","Social",22.85,1
2426,212,2026-05-16,"Standard","Atlantic","Organic",13.43,0
2427,618,2026-03-26,"Discovery","Atlantic","Organic",31.19,0
2428,909,2026-06-20,"Signature","Atlantic","Social",20.94,0
2429,1763,2026-03-14,"Standard","Atlantic","Organic",15,0
2430,1706,2026-06-16,"Signature","Atlantic","Referral",21.75,0
2431,655,2026-05-01,"Signature","Atlantic","Organic",23.87,0
2432,3231,2026-01-20,"Signature","Atlantic","Retail_partner",22.95,0
2433,3532,2026-05-18,"Standard","Atlantic","Social",12.66,0
2434,3968,2026-02-20,"Discovery","Atlantic","Referral",31.66,0
2435,3650,2026-03-27,"Signature","Atlantic","Organic",22.88,0
2436,621,2026-05-05,"Standard","Atlantic","Retail_partner",13.47,0
2437,2539,2026-03-27,"Signature","Atlantic","Referral",20.9,0
2438,2912,2026-02-27,"Standard","Atlantic","Search",16.02,0
2439,3480,2026-05-14,"Signature","Atlantic","Organic",26.66,1
2440,2024,2026-03-14,"Standard","Atlantic","Organic",14.7,0
2441,272,2026-01-08,"Signature","Atlantic","Organic",22.92,1
2442,2572,2026-06-18,"Signature","Atlantic","Organic",21.53,0
2443,438,2026-02-23,"Standard","Atlantic","Social",14.23,1
2444,3103,2026-05-02,"Signature","Atlantic","Organic",22.38,0
2445,289,2026-03-13,"Signature","Atlantic","Search",22.06,0
2446,1149,2026-05-23,"Standard","Atlantic","Social",12.9,0
2447,3285,2026-01-13,"Signature","Atlantic","Social",24.19,0
2448,287,2026-06-19,"Discovery","Atlantic","Organic",31.06,0
2449,3304,2026-02-16,"Standard","Atlantic","Search",12.27,1
2450,2359,2026-03-20,"Signature","Ontario","Social",19.65,0
2451,1224,2026-02-07,"Standard","Ontario","Retail_partner",20.23,0
2452,2799,2026-06-14,"Discovery","Atlantic","Search",34.44,0
2453,3665,2026-05-11,"Standard","Atlantic","Social",19.81,0
2454,3384,2026-04-30,"Signature","Atlantic","Organic",26.26,0
2455,2034,2026-01-22,"Signature","Atlantic","Organic",20.03,0
2456,3474,2026-05-23,"Discovery","Atlantic","Social",36.91,0
2457,582,2026-04-29,"Standard","Ontario","Organic",16.22,0
2458,1144,2026-03-01,"Standard","Ontario","Organic",15.2,0
2459,2173,2026-06-07,"Standard","Atlantic","Social",16.24,0
2460,2061,2026-01-12,"Standard","Ontario","Search",13.62,0
2461,3703,2026-04-07,"Signature","Atlantic","Retail_partner",21.25,1
2462,2837,2026-05-16,"Standard","Atlantic","Organic",13.26,1
2463,3283,2026-01-07,"Standard","Atlantic","Social",15,0
2464,656,2026-05-05,"Signature","Ontario","Search",22.53,0
2465,1259,2026-04-17,"Standard","Atlantic","Retail_partner",14.27,0
2466,1634,2026-01-15,"Discovery","Atlantic","Retail_partner",33.59,0
2467,1018,2026-04-05,"Standard","Atlantic","Social",13.17,1
2468,3195,2026-02-09,"Signature","Atlantic","Search",19.69,1
2469,2651,2026-03-04,"Signature","Atlantic","Social",23.6,0
2470,664,2026-02-03,"Standard","Atlantic","Social",7.44,0
2471,1353,2026-05-03,"Standard","Atlantic","Organic",12.59,0
2472,288,2026-03-06,"Standard","Atlantic","Social",16.28,0
2473,33,2026-01-18,"Standard","Atlantic","Organic",18.37,0
2474,1400,2026-05-17,"Discovery","Atlantic","Retail_partner",35.08,0
2475,3606,2026-03-06,"Signature","Atlantic","Social",22.81,0
2476,3589,2026-06-14,"Standard","Atlantic","Retail_partner",15.16,0
2477,1931,2026-05-02,"Standard","Ontario","Organic",11.45,0
2478,496,2026-04-25,"Standard","Atlantic","Organic",14.68,0
2479,3657,2026-06-30,"Standard","Atlantic","Retail_partner",16.49,0
2480,1104,2026-01-11,"Signature","Ontario","Organic",21.25,0
2481,3784,2026-06-20,"Standard","Atlantic","Referral",12.99,0
2482,3549,2026-02-12,"Standard","Ontario","Organic",15.58,0
2483,3489,2026-03-09,"Discovery","Atlantic","Organic",28.13,0
2484,394,2026-01-13,"Standard","Ontario","Retail_partner",12.91,0
2485,3623,2026-03-21,"Discovery","Atlantic","Organic",33.91,0
2486,1498,2026-04-10,"Standard","Atlantic","Search",15.38,1
2487,193,2026-01-26,"Standard","Atlantic","Referral",15.29,0
2488,2393,2026-04-19,"Standard","Atlantic","Referral",15.18,0
2489,1900,2026-04-30,"Standard","Ontario","Organic",20.42,1
2490,2802,2026-03-26,"Standard","Atlantic","Retail_partner",16.23,0
2491,1308,2026-05-29,"Standard","Atlantic","Social",17.82,0
2492,1081,2026-04-10,"Standard","Atlantic","Organic",12.74,1
2493,480,2026-01-12,"Signature","Ontario","Search",25.66,0
2494,3479,2026-05-23,"Signature","Atlantic","Search",17.66,1
2495,942,2026-05-16,"Standard","Atlantic","Social",13.9,1
2496,836,2026-02-26,"Discovery","Atlantic","Referral",30.21,1
2497,3656,2026-02-09,"Signature","Atlantic","Organic",23.68,0
2498,3700,2026-05-01,"Standard","Atlantic","Social",14.33,0
2499,1544,2026-05-12,"Discovery","Ontario","Search",30.81,0
2500,2736,2026-05-17,"Standard","Atlantic","Organic",11.61,0
2501,557,2026-04-01,"Signature","Atlantic","Referral",23.05,0
2502,2430,2026-03-10,"Discovery","Ontario","Search",35.68,1
2503,3931,2026-03-31,"Standard","Atlantic","Referral",8.74,1
2504,3187,2026-05-03,"Signature","Ontario","Organic",22.24,0
2505,85,2026-06-22,"Standard","Atlantic","Search",13.11,0
2506,3387,2026-04-24,"Standard","Atlantic","Social",16.27,0
2507,3271,2026-05-27,"Signature","Atlantic","Organic",22.64,0
2508,110,2026-04-19,"Standard","Atlantic","Social",15.76,1
2509,3950,2026-02-28,"Discovery","Atlantic","Retail_partner",33.89,0
2510,3405,2026-06-12,"Standard","Atlantic","Search",17.03,0
2511,237,2026-01-03,"Standard","Atlantic","Referral",19.08,0
2512,2493,2026-01-10,"Signature","Atlantic","Search",24.22,0
2513,3859,2026-06-27,"Signature","Atlantic","Organic",20.18,0
2514,1513,2026-03-28,"Signature","Atlantic","Retail_partner",18.89,1
2515,1306,2026-05-28,"Signature","Atlantic","Social",23.01,0
2516,3163,2026-06-07,"Standard","Atlantic","Referral",10.03,0
2517,2265,2026-02-18,"Standard","Atlantic","Referral",15.6,0
2518,971,2026-01-06,"Signature","Atlantic","Social",21.63,0
2519,2249,2026-06-12,"Standard","Atlantic","Organic",11.85,0
2520,1302,2026-06-16,"Signature","Atlantic","Social",22.01,0
2521,816,2026-05-02,"Standard","Atlantic","Social",17.28,1
2522,2062,2026-03-04,"Standard","Atlantic","Social",11.52,0
2523,3548,2026-01-30,"Standard","Atlantic","Organic",16.03,0
2524,310,2026-03-17,"Standard","Atlantic","Referral",12.64,0
2525,3478,2026-04-05,"Standard","Ontario","Organic",15.56,1
2526,3321,2026-06-19,"Standard","Atlantic","Referral",14.5,1
2527,2270,2026-01-15,"Signature","Atlantic","Organic",23.26,1
2528,1277,2026-01-08,"Signature","Atlantic","Referral",19.16,1
2529,2246,2026-04-03,"Discovery","Atlantic","Social",31.75,1
2530,1396,2026-05-07,"Signature","Atlantic","Organic",20.37,0
2531,629,2026-01-30,"Signature","Ontario","Organic",28.16,0
2532,3675,2026-03-16,"Standard","Atlantic","Organic",16.35,0
2533,3179,2026-05-20,"Discovery","Atlantic","Search",28.91,0
2534,3691,2026-02-05,"Signature","Atlantic","Search",25.96,0
2535,2317,2026-03-18,"Discovery","Atlantic","Social",33.16,0
2536,2769,2026-02-11,"Signature","Ontario","Referral",25.7,0
2537,824,2026-04-11,"Signature","Atlantic","Search",27.53,0
2538,3064,2026-03-07,"Signature","Atlantic","Search",21.71,0
2539,718,2026-03-06,"Discovery","Atlantic","Social",32.11,0
2540,855,2026-01-25,"Standard","Ontario","Search",14.9,1
2541,854,2026-01-23,"Discovery","Atlantic","Search",36.21,1
2542,3215,2026-03-17,"Signature","Ontario","Organic",22.58,0
2543,3430,2026-01-14,"Signature","Atlantic","Organic",24.84,0
2544,2717,2026-05-07,"Standard","Ontario","Referral",15.92,0
2545,2888,2026-04-29,"Signature","Atlantic","Retail_partner",19.53,0
2546,1717,2026-03-27,"Standard","Ontario","Organic",17.14,1
2547,2708,2026-04-30,"Standard","Ontario","Search",14.16,1
2548,3117,2026-05-29,"Standard","Atlantic","Referral",18.01,1
2549,1062,2026-06-23,"Standard","Ontario","Organic",16.13,1
2550,2380,2026-04-27,"Signature","Atlantic","Organic",26.76,0
2551,1255,2026-04-24,"Standard","Atlantic","Search",13.77,0
2552,2784,2026-02-10,"Standard","Ontario","Organic",18.19,0
2553,1788,2026-04-26,"Standard","Atlantic","Organic",14.33,0
2554,2256,2026-03-15,"Signature","Atlantic","Organic",21.49,0
2555,1359,2026-02-24,"Signature","Atlantic","Search",19.72,0
2556,2772,2026-05-17,"Discovery","Ontario","Social",34.68,0
2557,2132,2026-05-09,"Discovery","Atlantic","Organic",32.99,1
2558,2235,2026-04-03,"Discovery","Ontario","Search",33.31,0
2559,2134,2026-03-15,"Discovery","Atlantic","Search",33,0
2560,3067,2026-01-23,"Standard","Ontario","Search",14.11,1
2561,1805,2026-04-24,"Signature","Atlantic","Organic",22.51,0
2562,3643,2026-06-13,"Standard","Atlantic","Organic",19.99,1
2563,1874,2026-05-24,"Discovery","Atlantic","Organic",36.27,0
2564,3686,2026-04-18,"Standard","Ontario","Organic",18.75,1
2565,738,2026-05-17,"Standard","Ontario","Search",14.39,1
2566,944,2026-01-20,"Standard","Ontario","Referral",14.34,1
2567,2868,2026-03-27,"Standard","Ontario","Referral",13.04,1
2568,2340,2026-02-07,"Standard","Atlantic","Organic",15.46,0
2569,3290,2026-05-25,"Standard","Ontario","Organic",16.34,0
2570,1366,2026-05-24,"Standard","Atlantic","Search",13.23,0
2571,1736,2026-04-11,"Standard","Atlantic","Social",19.16,0
2572,664,2026-01-04,"Standard","Atlantic","Organic",11.88,0
2573,2795,2026-01-31,"Standard","Atlantic","Search",17.75,0
2574,1670,2026-05-09,"Discovery","Ontario","Organic",32.84,0
2575,230,2026-04-06,"Standard","Atlantic","Organic",13.58,0
2576,2830,2026-01-11,"Standard","Atlantic","Referral",16.21,0
2577,2417,2026-03-24,"Signature","Atlantic","Referral",22.33,0
2578,3470,2026-03-04,"Signature","Atlantic","Organic",29.35,0
2579,1602,2026-06-14,"Standard","Atlantic","Organic",17.12,0
2580,1051,2026-05-20,"Standard","Atlantic","Referral",16.99,0
2581,1536,2026-06-28,"Standard","Atlantic","Retail_partner",16.73,0
2582,3118,2026-03-15,"Signature","Ontario","Organic",22.38,0
2583,765,2026-05-04,"Discovery","Atlantic","Social",30.92,0
2584,1450,2026-03-08,"Discovery","Ontario","Referral",36.2,0
2585,3639,2026-06-28,"Standard","Atlantic","Search",18.98,0
2586,2192,2026-05-15,"Signature","Ontario","Organic",23.41,0
2587,1492,2026-05-01,"Standard","Atlantic","Organic",16.62,0
2588,3539,2026-05-26,"Discovery","Atlantic","Referral",29.36,0
2589,1007,2026-01-12,"Standard","Atlantic","Organic",12.83,0
2590,879,2026-03-06,"Standard","Ontario","Social",10.39,0
2591,2182,2026-05-10,"Standard","Atlantic","Retail_partner",14.92,0
2592,1382,2026-06-15,"Standard","Atlantic","Search",15.29,1
2593,2497,2026-04-20,"Standard","Atlantic","Referral",13.3,0
2594,1808,2026-03-31,"Standard","Atlantic","Referral",15.4,0
2595,3800,2026-04-13,"Standard","Atlantic","Social",16,0
2596,1609,2026-04-13,"Standard","Atlantic","Social",12.29,0
2597,3391,2026-04-06,"Standard","Ontario","Organic",18.55,0
2598,1095,2026-04-13,"Signature","Atlantic","Social",20.69,0
2599,2154,2026-04-01,"Standard","Atlantic","Search",17,0
2600,1809,2026-02-25,"Standard","Ontario","Organic",13.92,1
2601,684,2026-05-12,"Standard","Atlantic","Search",16.69,0
2602,2032,2026-06-17,"Signature","Atlantic","Search",28.21,0
2603,2831,2026-03-23,"Standard","Atlantic","Organic",17.33,0
2604,2270,2026-04-16,"Signature","Atlantic","Search",19.62,1
2605,3,2026-05-05,"Discovery","Ontario","Organic",32.72,1
2606,1987,2026-05-20,"Standard","Ontario","Organic",17.91,0
2607,1568,2026-04-22,"Standard","Atlantic","Referral",14.33,1
2608,2407,2026-05-05,"Standard","Ontario","Organic",15.72,0
2609,2380,2026-01-17,"Standard","Atlantic","Social",17.19,0
2610,1484,2026-06-09,"Signature","Atlantic","Search",23.45,0
2611,3227,2026-01-13,"Standard","Atlantic","Referral",15.55,0
2612,3358,2026-07-01,"Standard","Atlantic","Organic",17.75,0
2613,397,2026-03-13,"Signature","Atlantic","Organic",23.65,0
2614,1588,2026-01-20,"Standard","Ontario","Search",15.7,0
2615,2683,2026-03-26,"Standard","Atlantic","Referral",16.18,1
2616,3608,2026-03-24,"Standard","Atlantic","Search",12.05,0
2617,810,2026-01-01,"Standard","Atlantic","Search",20.15,0
2618,1704,2026-01-15,"Discovery","Atlantic","Retail_partner",31.64,0
2619,802,2026-01-30,"Discovery","Atlantic","Organic",32.46,0
2620,2009,2026-04-08,"Signature","Atlantic","Organic",22.22,0
2621,2467,2026-06-11,"Discovery","Atlantic","Social",31.79,0
2622,1949,2026-05-20,"Standard","Atlantic","Organic",14.8,0
2623,2272,2026-05-09,"Discovery","Atlantic","Search",33.72,0
2624,1844,2026-05-16,"Discovery","Atlantic","Organic",31.75,1
2625,3256,2026-01-28,"Standard","Atlantic","Social",14.17,0
2626,3664,2026-02-27,"Standard","Atlantic","Referral",14.91,0
2627,1062,2026-01-24,"Discovery","Atlantic","Social",30.1,0
2628,1627,2026-03-05,"Standard","Atlantic","Referral",12.06,0
2629,3714,2026-02-21,"Standard","Atlantic","Social",20.31,0
2630,1678,2026-06-30,"Standard","Atlantic","Organic",15.52,0
2631,2013,2026-05-09,"Signature","Atlantic","Referral",21.6,0
2632,2418,2026-02-05,"Standard","Atlantic","Search",16.8,1
2633,2201,2026-01-29,"Standard","Ontario","Social",15.18,0
2634,3358,2026-05-29,"Discovery","Atlantic","Social",35.66,0
2635,2933,2026-02-08,"Discovery","Atlantic","Search",34.67,0
2636,2026,2026-05-12,"Standard","Ontario","Organic",16.7,0
2637,2692,2026-05-26,"Discovery","Atlantic","Search",33.72,0
2638,3496,2026-01-22,"Discovery","Atlantic","Social",30.79,0
2639,2950,2026-03-04,"Signature","Atlantic","Organic",25.75,0
2640,629,2026-04-02,"Standard","Atlantic","Organic",14.97,0
2641,3255,2026-01-30,"Standard","Atlantic","Social",14.02,1
2642,3552,2026-02-02,"Discovery","Atlantic","Retail_partner",32.29,0
2643,3649,2026-05-07,"Standard","Ontario","Retail_partner",22.09,0
2644,2442,2026-05-11,"Standard","Atlantic","Referral",12.56,0
2645,751,2026-02-25,"Signature","Atlantic","Organic",23.63,0
2646,687,2026-02-21,"Signature","Atlantic","Organic",17.5,0
2647,2694,2026-06-25,"Standard","Ontario","Social",14.07,1
2648,372,2026-02-26,"Standard","Atlantic","Referral",13.33,1
2649,3848,2026-05-14,"Discovery","Ontario","Referral",32.25,0
2650,3683,2026-07-01,"Signature","Atlantic","Organic",22.13,0
2651,370,2026-05-02,"Signature","Atlantic","Search",20.63,0
2652,1335,2026-03-28,"Signature","Atlantic","Organic",18.67,0
2653,2119,2026-06-28,"Signature","Atlantic","Social",19.96,0
2654,3047,2026-03-27,"Standard","Atlantic","Social",12.73,0
2655,159,2026-03-19,"Standard","Ontario","Social",15.09,0
2656,3061,2026-04-04,"Standard","Atlantic","Organic",12.2,1
2657,3878,2026-01-21,"Signature","Atlantic","Referral",20.16,0
2658,3307,2026-01-17,"Standard","Atlantic","Search",17.26,0
2659,2860,2026-01-07,"Standard","Atlantic","Organic",17.26,0
2660,1975,2026-01-21,"Standard","Atlantic","Organic",13.26,0
2661,2109,2026-04-18,"Signature","Atlantic","Social",21.57,0
2662,3859,2026-05-14,"Standard","Atlantic","Search",12.6,0
2663,93,2026-01-03,"Standard","Atlantic","Social",19.27,1
2664,2199,2026-06-05,"Standard","Atlantic","Search",16.55,1
2665,2730,2026-06-23,"Signature","Ontario","Social",22.92,0
2666,1219,2026-05-01,"Standard","Atlantic","Social",15.96,0
2667,2258,2026-06-30,"Signature","Atlantic","Organic",21.5,0
2668,929,2026-05-03,"Signature","Atlantic","Organic",26.87,0
2669,700,2026-05-05,"Signature","Atlantic","Social",18.79,0
2670,3973,2026-04-02,"Signature","Atlantic","Organic",21.36,1
2671,3461,2026-02-05,"Signature","Atlantic","Social",23.33,0
2672,3103,2026-04-10,"Discovery","Atlantic","Social",34.12,0
2673,3711,2026-02-07,"Standard","Ontario","Search",12.42,0
2674,255,2026-02-14,"Standard","Ontario","Referral",19.93,0
2675,3854,2026-04-09,"Standard","Atlantic","Organic",18.88,0
2676,1611,2026-05-03,"Signature","Atlantic","Referral",23.29,0
2677,388,2026-03-20,"Discovery","Ontario","Social",39.08,1
2678,3075,2026-01-25,"Discovery","Atlantic","Social",32.28,0
2679,673,2026-04-24,"Signature","Atlantic","Organic",26.86,0
2680,3339,2026-03-03,"Discovery","Atlantic","Search",28.65,0
2681,1591,2026-01-15,"Standard","Atlantic","Referral",16.01,0
2682,3272,2026-01-20,"Discovery","Atlantic","Organic",30.28,0
2683,1869,2026-04-26,"Signature","Ontario","Social",23.13,0
2684,3539,2026-03-23,"Standard","Atlantic","Organic",13.22,1
2685,1523,2026-02-02,"Standard","Atlantic","Social",14.51,0
2686,2138,2026-05-01,"Standard","Atlantic","Organic",15.84,0
2687,537,2026-01-13,"Signature","Ontario","Social",22.53,0
2688,3738,2026-03-06,"Discovery","Atlantic","Organic",31.82,0
2689,2543,2026-06-15,"Standard","Atlantic","Search",15.49,0
2690,956,2026-05-09,"Standard","Ontario","Social",12.79,0
2691,1838,2026-04-18,"Signature","Atlantic","Retail_partner",20.82,1
2692,1699,2026-06-22,"Signature","Atlantic","Social",22.61,0
2693,1277,2026-04-16,"Standard","Atlantic","Search",12.54,1
2694,3228,2026-06-15,"Standard","Atlantic","Search",14.43,0
2695,2137,2026-05-26,"Standard","Ontario","Referral",18.71,0
2696,1774,2026-02-27,"Discovery","Atlantic","Organic",36.81,1
2697,551,2026-01-24,"Signature","Atlantic","Organic",25.87,0
2698,3201,2026-02-26,"Signature","Atlantic","Search",20.56,0
2699,2399,2026-04-20,"Standard","Atlantic","Retail_partner",15.91,0
2700,3895,2026-03-11,"Standard","Atlantic","Search",14.16,0
2701,1816,2026-06-07,"Discovery","Atlantic","Organic",31.98,1
2702,605,2026-06-15,"Standard","Ontario","Organic",14.35,0
2703,274,2026-06-02,"Standard","Atlantic","Organic",13.58,0
2704,321,2026-04-06,"Standard","Atlantic","Retail_partner",13.71,0
2705,67,2026-03-18,"Signature","Atlantic","Search",18.18,0
2706,3055,2026-01-24,"Discovery","Atlantic","Search",30.36,0
2707,3235,2026-02-17,"Standard","Atlantic","Search",16.16,0
2708,73,2026-05-23,"Standard","Atlantic","Organic",15.17,0
2709,2425,2026-01-18,"Standard","Ontario","Organic",17.88,1
2710,2562,2026-06-19,"Standard","Atlantic","Organic",14.88,0
2711,3680,2026-05-02,"Standard","Atlantic","Organic",13.35,0
2712,2619,2026-01-10,"Standard","Atlantic","Referral",15.14,0
2713,2445,2026-03-12,"Standard","Atlantic","Search",14.45,1
2714,3083,2026-03-14,"Standard","Atlantic","Organic",15.64,0
2715,1774,2026-03-04,"Standard","Ontario","Search",16.36,0
2716,364,2026-02-17,"Discovery","Atlantic","Organic",32.61,0
2717,867,2026-02-19,"Standard","Atlantic","Organic",14.8,0
2718,1490,2026-05-07,"Discovery","Atlantic","Organic",29.98,0
2719,2848,2026-01-05,"Standard","Atlantic","Organic",15.89,0
2720,1895,2026-06-24,"Signature","Ontario","Organic",24.95,0
2721,1459,2026-04-10,"Standard","Atlantic","Social",18.13,0
2722,3084,2026-04-29,"Discovery","Atlantic","Search",32.51,1
2723,3572,2026-02-02,"Standard","Atlantic","Social",17.7,0
2724,3849,2026-02-01,"Standard","Atlantic","Organic",14.7,0
2725,701,2026-06-20,"Signature","Ontario","Organic",24.53,0
2726,1727,2026-06-08,"Discovery","Atlantic","Organic",30.9,0
2727,651,2026-04-07,"Signature","Ontario","Social",24.45,0
2728,2966,2026-06-18,"Discovery","Atlantic","Social",28.32,0
2729,1093,2026-02-16,"Discovery","Atlantic","Retail_partner",32.39,0
2730,2761,2026-04-25,"Signature","Atlantic","Search",23.66,0
2731,3921,2026-01-03,"Standard","Atlantic","Organic",16.66,0
2732,2540,2026-05-25,"Signature","Atlantic","Organic",25.43,0
2733,601,2026-03-16,"Signature","Atlantic","Search",21.56,0
2734,955,2026-06-03,"Signature","Ontario","Organic",22.33,1
2735,782,2026-01-16,"Signature","Atlantic","Social",25.92,0
2736,470,2026-01-15,"Signature","Ontario","Social",20.7,0
2737,1377,2026-05-08,"Signature","Atlantic","Organic",19.18,0
2738,2929,2026-05-09,"Signature","Atlantic","Referral",20.69,0
2739,3157,2026-06-10,"Standard","Atlantic","Referral",19.6,0
2740,1069,2026-06-22,"Standard","Atlantic","Social",15.47,1
2741,437,2026-02-27,"Signature","Atlantic","Search",21.55,0
2742,3101,2026-05-03,"Signature","Atlantic","Search",21.04,0
2743,3820,2026-05-04,"Signature","Ontario","Search",22.63,0
2744,3150,2026-06-20,"Standard","Atlantic","Social",13.51,0
2745,898,2026-05-29,"Standard","Atlantic","Organic",15.14,0
2746,2663,2026-02-13,"Signature","Ontario","Search",23.82,0
2747,2237,2026-04-21,"Standard","Atlantic","Search",12.61,0
2748,2125,2026-02-18,"Standard","Atlantic","Referral",16.75,0
2749,2421,2026-05-29,"Signature","Atlantic","Organic",24.77,0
2750,2438,2026-03-04,"Standard","Atlantic","Organic",11.34,0
2751,707,2026-02-23,"Standard","Atlantic","Social",16.72,1
2752,1207,2026-06-26,"Discovery","Atlantic","Organic",32.58,0
2753,749,2026-06-18,"Signature","Atlantic","Search",21.48,0
2754,1263,2026-05-13,"Standard","Atlantic","Social",11.8,0
2755,2806,2026-03-11,"Signature","Atlantic","Search",21.14,1
2756,2179,2026-04-20,"Signature","Atlantic","Organic",18.37,1
2757,2195,2026-03-11,"Standard","Atlantic","Social",18.09,0
2758,2739,2026-05-16,"Signature","Atlantic","Organic",26.8,0
2759,1611,2026-05-22,"Standard","Ontario","Referral",15.1,0
2760,2257,2026-01-18,"Discovery","Ontario","Search",36.6,0
2761,236,2026-06-14,"Discovery","Atlantic","Social",32.48,0
2762,176,2026-02-12,"Standard","Atlantic","Social",16.39,0
2763,3600,2026-03-29,"Standard","Ontario","Organic",14.71,0
2764,3708,2026-06-18,"Discovery","Atlantic","Referral",30.51,0
2765,3399,2026-06-13,"Standard","Atlantic","Search",12.38,1
2766,216,2026-02-04,"Signature","Atlantic","Referral",20.72,0
2767,1057,2026-01-12,"Standard","Atlantic","Organic",12.89,0
2768,1165,2026-03-22,"Standard","Atlantic","Search",10.58,0
2769,2964,2026-05-14,"Standard","Atlantic","Referral",12.23,1
2770,1117,2026-04-07,"Standard","Ontario","Organic",16.93,0
2771,2419,2026-04-08,"Signature","Atlantic","Retail_partner",24.45,0
2772,208,2026-04-09,"Standard","Ontario","Referral",11.47,0
2773,1962,2026-06-28,"Standard","Atlantic","Retail_partner",13.77,0
2774,2754,2026-05-09,"Signature","Atlantic","Organic",20.86,0
2775,1375,2026-01-05,"Standard","Ontario","Social",17.03,0
2776,1164,2026-04-16,"Standard","Atlantic","Social",19.46,0
2777,115,2026-01-31,"Signature","Atlantic","Referral",20.1,0
2778,1401,2026-01-19,"Signature","Atlantic","Organic",23.68,0
2779,2763,2026-01-13,"Signature","Ontario","Social",24.34,0
2780,1179,2026-06-17,"Standard","Atlantic","Organic",15.21,0
2781,897,2026-07-01,"Standard","Ontario","Organic",16.67,1
2782,1657,2026-03-29,"Discovery","Atlantic","Search",33.78,0
2783,450,2026-01-26,"Standard","Atlantic","Social",12.19,0
2784,1039,2026-04-29,"Signature","Atlantic","Organic",18.46,0
2785,1950,2026-04-25,"Standard","Atlantic","Organic",14.8,0
2786,3123,2026-02-23,"Signature","Atlantic","Retail_partner",19.16,0
2787,2715,2026-03-14,"Standard","Atlantic","Retail_partner",12.68,0
2788,579,2026-01-22,"Signature","Atlantic","Organic",23.02,0
2789,3474,2026-01-01,"Standard","Atlantic","Search",13.76,0
2790,3008,2026-03-12,"Discovery","Ontario","Social",32.92,0
2791,500,2026-04-13,"Signature","Ontario","Referral",26.98,0
2792,393,2026-05-25,"Signature","Atlantic","Organic",27.62,0
2793,743,2026-04-20,"Standard","Atlantic","Organic",15.08,0
2794,1434,2026-03-11,"Signature","Atlantic","Retail_partner",23.21,0
2795,1336,2026-06-07,"Standard","Ontario","Search",14.11,0
2796,2720,2026-02-26,"Standard","Atlantic","Organic",14.63,0
2797,3590,2026-04-23,"Signature","Atlantic","Referral",23.16,1
2798,81,2026-02-20,"Standard","Atlantic","Social",16.81,0
2799,463,2026-03-06,"Discovery","Atlantic","Organic",32.9,0
2800,1795,2026-04-23,"Standard","Atlantic","Organic",15.58,1
2801,687,2026-04-01,"Standard","Atlantic","Organic",15.65,0
2802,549,2026-01-01,"Discovery","Atlantic","Referral",30.89,0
2803,2137,2026-05-30,"Standard","Atlantic","Organic",17.14,0
2804,197,2026-06-06,"Standard","Atlantic","Organic",17.01,0
2805,3668,2026-02-02,"Standard","Atlantic","Organic",18.51,0
2806,3062,2026-04-19,"Signature","Ontario","Organic",23.07,0
2807,1768,2026-01-20,"Discovery","Atlantic","Retail_partner",31.45,0
2808,2405,2026-03-05,"Signature","Atlantic","Search",21.52,0
2809,307,2026-02-05,"Discovery","Atlantic","Referral",30.55,0
2810,101,2026-04-22,"Discovery","Ontario","Search",32.86,0
2811,1866,2026-03-18,"Standard","Ontario","Organic",17.18,0
2812,1705,2026-01-20,"Standard","Ontario","Retail_partner",16.68,0
2813,2689,2026-04-28,"Standard","Ontario","Organic",11.17,0
2814,3491,2026-05-01,"Signature","Atlantic","Organic",24.73,1
2815,718,2026-06-12,"Discovery","Atlantic","Organic",29.26,1
2816,3160,2026-04-23,"Standard","Atlantic","Organic",15.27,1
2817,971,2026-02-16,"Signature","Atlantic","Social",25.29,1
2818,2909,2026-01-06,"Standard","Atlantic","Retail_partner",16.78,0
2819,193,2026-05-11,"Standard","Atlantic","Social",16.93,0
2820,269,2026-03-06,"Standard","Atlantic","Referral",12.27,0
2821,3829,2026-01-18,"Standard","Atlantic","Retail_partner",16.19,1
2822,2791,2026-06-29,"Signature","Atlantic","Retail_partner",24.58,0
2823,2644,2026-06-03,"Standard","Atlantic","Social",19.79,0
2824,2993,2026-04-21,"Standard","Atlantic","Search",17.87,0
2825,568,2026-06-16,"Standard","Atlantic","Retail_partner",11.85,1
2826,3442,2026-03-24,"Signature","Ontario","Referral",23.43,0
2827,387,2026-01-21,"Standard","Atlantic","Social",11.47,0
2828,1968,2026-01-16,"Standard","Atlantic","Search",11.87,0
2829,635,2026-03-05,"Standard","Atlantic","Search",17.52,0
2830,2485,2026-06-16,"Standard","Ontario","Referral",18.37,0
2831,3628,2026-06-02,"Standard","Atlantic","Search",15.37,0
2832,3515,2026-02-08,"Standard","Ontario","Organic",12.32,0
2833,2599,2026-03-08,"Standard","Atlantic","Organic",12.51,1
2834,3161,2026-03-30,"Standard","Atlantic","Social",13.36,0
2835,338,2026-02-14,"Discovery","Ontario","Retail_partner",37,0
2836,2573,2026-06-24,"Standard","Ontario","Social",16.29,0
2837,406,2026-04-14,"Signature","Ontario","Social",26.28,1
2838,1719,2026-04-01,"Discovery","Atlantic","Search",37.17,0
2839,3006,2026-01-07,"Standard","Ontario","Retail_partner",14.8,0
2840,2374,2026-04-11,"Standard","Atlantic","Retail_partner",12.36,0
2841,1204,2026-01-06,"Signature","Atlantic","Referral",20.38,0
2842,250,2026-02-09,"Standard","Ontario","Social",14.17,0
2843,2669,2026-06-30,"Discovery","Atlantic","Organic",29.58,0
2844,3055,2026-06-18,"Signature","Ontario","Search",23.87,0
2845,17,2026-03-12,"Standard","Atlantic","Search",15.48,1
2846,3994,2026-03-27,"Signature","Atlantic","Referral",18.35,0
2847,2461,2026-03-17,"Standard","Atlantic","Social",16.33,0
2848,632,2026-03-16,"Standard","Atlantic","Organic",12.59,0
2849,1645,2026-02-01,"Signature","Atlantic","Search",21.16,0
2850,1400,2026-04-13,"Standard","Atlantic","Search",16.08,0
2851,686,2026-06-18,"Standard","Atlantic","Organic",18.22,1
2852,2470,2026-05-16,"Standard","Atlantic","Search",15.09,0
2853,2195,2026-03-09,"Standard","Atlantic","Retail_partner",16.08,0
2854,1995,2026-06-10,"Standard","Atlantic","Organic",15.63,0
2855,2928,2026-06-02,"Standard","Atlantic","Social",20.12,0
2856,436,2026-05-16,"Standard","Atlantic","Referral",15.16,0
2857,1548,2026-04-25,"Signature","Atlantic","Organic",27.24,0
2858,1139,2026-03-10,"Signature","Atlantic","Organic",23.27,0
2859,2874,2026-03-08,"Standard","Atlantic","Social",14.61,0
2860,2330,2026-03-26,"Signature","Atlantic","Social",24.93,1
2861,908,2026-01-17,"Standard","Atlantic","Search",14.15,1
2862,451,2026-03-09,"Standard","Ontario","Search",18.03,0
2863,3643,2026-03-07,"Standard","Ontario","Organic",14.64,0
2864,2716,2026-04-24,"Signature","Ontario","Organic",24.67,0
2865,1569,2026-06-10,"Signature","Atlantic","Referral",22.65,0
2866,3250,2026-01-16,"Standard","Atlantic","Organic",12.25,1
2867,2701,2026-05-29,"Signature","Atlantic","Social",20.25,0
2868,2078,2026-01-30,"Signature","Atlantic","Search",26.2,1
2869,291,2026-01-04,"Discovery","Atlantic","Search",34.42,1
2870,1718,2026-01-29,"Signature","Atlantic","Referral",21.59,1
2871,2132,2026-04-01,"Standard","Ontario","Search",15.99,1
2872,3496,2026-04-29,"Standard","Atlantic","Organic",12.22,1
2873,2509,2026-01-21,"Standard","Atlantic","Organic",12.55,1
2874,2922,2026-05-14,"Signature","Atlantic","Organic",20.43,0
2875,1874,2026-04-06,"Standard","Atlantic","Organic",18.47,0
2876,2230,2026-06-29,"Signature","Atlantic","Retail_partner",20.3,0
2877,802,2026-02-16,"Standard","Atlantic","Retail_partner",16.31,0
2878,3961,2026-06-20,"Standard","Atlantic","Search",16.55,0
2879,718,2026-02-19,"Discovery","Ontario","Organic",33.77,0
2880,2944,2026-02-04,"Signature","Atlantic","Organic",21.29,0
2881,1125,2026-06-25,"Standard","Atlantic","Organic",12.57,1
2882,2175,2026-06-25,"Signature","Ontario","Organic",23.94,0
2883,943,2026-05-03,"Standard","Atlantic","Organic",12.62,1
2884,3030,2026-06-04,"Signature","Atlantic","Social",23.65,0
2885,407,2026-06-01,"Discovery","Atlantic","Social",28.31,0
2886,2406,2026-01-02,"Signature","Ontario","Organic",23.7,0
2887,170,2026-01-23,"Standard","Atlantic","Social",18.73,1
2888,416,2026-03-17,"Standard","Atlantic","Social",14.06,0
2889,3326,2026-01-28,"Signature","Atlantic","Search",27.38,0
2890,2753,2026-03-16,"Discovery","Atlantic","Social",26.98,0
2891,1720,2026-05-08,"Discovery","Ontario","Social",31.74,0
2892,1947,2026-02-03,"Standard","Ontario","Search",12.93,1
2893,2354,2026-04-16,"Signature","Ontario","Organic",23,1
2894,509,2026-01-23,"Standard","Atlantic","Retail_partner",15.22,0
2895,3406,2026-02-13,"Standard","Atlantic","Search",18.42,0
2896,1008,2026-02-15,"Standard","Atlantic","Referral",14.27,0
2897,467,2026-06-28,"Standard","Atlantic","Retail_partner",14.02,0
2898,1640,2026-06-03,"Standard","Atlantic","Organic",11.04,0
2899,465,2026-01-13,"Standard","Atlantic","Organic",11.86,0
2900,2393,2026-05-02,"Standard","Atlantic","Organic",17.84,0
2901,1054,2026-01-26,"Standard","Atlantic","Organic",13.77,0
2902,3257,2026-01-14,"Standard","Ontario","Social",16.97,1
2903,3902,2026-06-01,"Standard","Atlantic","Organic",16.57,0
2904,1396,2026-06-26,"Signature","Atlantic","Retail_partner",27.01,0
2905,182,2026-04-06,"Signature","Atlantic","Organic",20.55,0
2906,333,2026-03-30,"Signature","Atlantic","Organic",21.31,0
2907,1638,2026-03-03,"Signature","Atlantic","Organic",20.94,0
2908,2497,2026-06-19,"Standard","Atlantic","Search",11.92,0
2909,1545,2026-06-20,"Standard","Ontario","Social",14.06,0
2910,3918,2026-02-01,"Standard","Ontario","Referral",17.11,0
2911,1766,2026-06-17,"Standard","Atlantic","Search",20.31,0
2912,224,2026-02-18,"Signature","Atlantic","Social",26.24,0
2913,1509,2026-06-11,"Discovery","Atlantic","Organic",34.46,0
2914,1195,2026-02-08,"Standard","Atlantic","Social",15.66,0
2915,1504,2026-05-23,"Standard","Atlantic","Search",11.21,0
2916,2976,2026-03-27,"Standard","Atlantic","Search",12.16,1
2917,3411,2026-06-16,"Discovery","Atlantic","Organic",32.2,0
2918,920,2026-06-04,"Discovery","Atlantic","Search",32.17,0
2919,3842,2026-01-10,"Discovery","Atlantic","Social",30.74,0
2920,13,2026-05-07,"Standard","Atlantic","Organic",15.17,1
2921,2365,2026-04-17,"Standard","Ontario","Social",16.74,0
2922,410,2026-02-09,"Discovery","Atlantic","Organic",32.31,1
2923,97,2026-02-26,"Standard","Atlantic","Referral",12.35,0
2924,2241,2026-01-14,"Standard","Atlantic","Search",14.24,0
2925,2884,2026-05-27,"Signature","Atlantic","Social",24.05,1
2926,1700,2026-01-29,"Standard","Atlantic","Social",16.05,0
2927,787,2026-04-05,"Signature","Atlantic","Organic",24.11,0
2928,1624,2026-04-07,"Standard","Ontario","Organic",15.37,0
2929,1460,2026-03-25,"Signature","Ontario","Search",19.94,0
2930,3806,2026-04-11,"Signature","Ontario","Retail_partner",25.54,0
2931,3111,2026-06-03,"Signature","Atlantic","Retail_partner",23.86,0
2932,2045,2026-02-02,"Standard","Atlantic","Organic",13.5,1
2933,2082,2026-03-17,"Signature","Ontario","Search",25.63,0
2934,1864,2026-03-01,"Standard","Atlantic","Social",13.76,0
2935,3112,2026-04-19,"Standard","Atlantic","Social",18.02,0
2936,1787,2026-05-23,"Standard","Ontario","Search",17.15,0
2937,2586,2026-06-17,"Standard","Atlantic","Search",19.76,0
2938,1836,2026-01-12,"Signature","Atlantic","Social",22.07,0
2939,2198,2026-03-30,"Signature","Atlantic","Retail_partner",22.41,0
2940,403,2026-06-03,"Discovery","Atlantic","Organic",33.73,0
2941,2896,2026-05-08,"Discovery","Ontario","Organic",30.76,0
2942,596,2026-06-01,"Signature","Atlantic","Social",23.84,0
2943,2774,2026-01-27,"Signature","Atlantic","Search",21.33,0
2944,2848,2026-03-08,"Signature","Atlantic","Search",19.17,0
2945,2622,2026-06-01,"Signature","Atlantic","Organic",21.09,0
2946,2559,2026-03-19,"Standard","Atlantic","Search",20.21,0
2947,3464,2026-05-10,"Signature","Atlantic","Social",26.11,0
2948,265,2026-02-24,"Standard","Atlantic","Referral",11.74,0
2949,467,2026-03-23,"Standard","Atlantic","Organic",17.45,0
2950,3464,2026-06-01,"Signature","Ontario","Organic",24.34,1
2951,2871,2026-05-06,"Discovery","Atlantic","Social",31.26,0
2952,582,2026-02-15,"Discovery","Atlantic","Social",29.19,0
2953,1990,2026-06-28,"Standard","Atlantic","Organic",9.34,0
2954,222,2026-01-13,"Signature","Ontario","Search",23.33,0
2955,223,2026-04-12,"Discovery","Atlantic","Referral",37,0
2956,3293,2026-04-16,"Standard","Atlantic","Social",14.08,0
2957,4000,2026-01-22,"Signature","Atlantic","Organic",20.27,0
2958,272,2026-04-12,"Signature","Atlantic","Search",23.33,0
2959,3083,2026-03-27,"Standard","Atlantic","Organic",19.23,1
2960,107,2026-05-28,"Standard","Atlantic","Organic",17.22,0
2961,410,2026-04-28,"Signature","Ontario","Search",23.66,1
2962,800,2026-01-11,"Standard","Atlantic","Search",15.56,0
2963,791,2026-05-15,"Standard","Atlantic","Retail_partner",12.88,0
2964,3411,2026-01-16,"Standard","Atlantic","Referral",17.65,0
2965,23,2026-06-25,"Standard","Atlantic","Organic",13.4,0
2966,76,2026-05-10,"Standard","Atlantic","Referral",15.35,0
2967,3557,2026-05-10,"Discovery","Ontario","Social",33.78,0
2968,1183,2026-03-03,"Standard","Atlantic","Organic",11.49,0
2969,3166,2026-05-19,"Standard","Atlantic","Search",17.86,1
2970,3810,2026-04-19,"Signature","Atlantic","Organic",21.34,0
2971,2053,2026-05-24,"Standard","Atlantic","Referral",12.57,1
2972,918,2026-05-13,"Signature","Atlantic","Search",20.7,0
2973,3020,2026-05-29,"Standard","Atlantic","Referral",16.83,0
2974,3860,2026-01-28,"Standard","Atlantic","Organic",16.79,1
2975,2212,2026-01-16,"Signature","Atlantic","Retail_partner",25.03,1
2976,3665,2026-05-06,"Standard","Atlantic","Organic",14.22,0
2977,1627,2026-04-17,"Standard","Atlantic","Social",17.23,1
2978,542,2026-06-13,"Signature","Atlantic","Retail_partner",23.13,0
2979,2000,2026-04-27,"Standard","Atlantic","Search",17.63,0
2980,252,2026-05-15,"Signature","Atlantic","Search",24.29,0
2981,2458,2026-05-23,"Standard","Atlantic","Social",14.48,1
2982,3428,2026-04-18,"Standard","Atlantic","Organic",13.02,0
2983,1710,2026-02-08,"Discovery","Atlantic","Organic",32.84,0
2984,1085,2026-06-14,"Signature","Atlantic","Referral",23.95,0
2985,1446,2026-02-11,"Standard","Atlantic","Organic",13.83,1
2986,1006,2026-06-14,"Signature","Atlantic","Retail_partner",22.29,0
2987,3427,2026-01-26,"Standard","Ontario","Referral",14.9,1
2988,3191,2026-06-21,"Signature","Atlantic","Retail_partner",24.86,0
2989,127,2026-05-04,"Discovery","Ontario","Organic",35.2,0
2990,2367,2026-04-03,"Standard","Atlantic","Organic",12.4,0
2991,72,2026-03-31,"Standard","Atlantic","Social",13.11,0
2992,3288,2026-01-13,"Standard","Atlantic","Social",15.88,0
2993,942,2026-05-16,"Discovery","Atlantic","Retail_partner",29.01,0
2994,3264,2026-02-10,"Signature","Atlantic","Organic",23.4,0
2995,3380,2026-04-24,"Signature","Atlantic","Search",17.28,0
2996,1283,2026-01-11,"Signature","Atlantic","Organic",19.39,0
2997,3149,2026-03-15,"Signature","Atlantic","Organic",21.7,0
2998,2328,2026-06-24,"Standard","Atlantic","Search",15.63,0
2999,182,2026-05-07,"Standard","Atlantic","Social",19.61,0
3000,1705,2026-03-26,"Signature","Atlantic","Search",25.32,0
3001,3073,2026-05-06,"Standard","Atlantic","Retail_partner",16.77,0
3002,1318,2026-03-27,"Discovery","Atlantic","Search",32.68,0
3003,1623,2026-05-16,"Standard","Atlantic","Referral",8.92,1
3004,2725,2026-05-17,"Standard","Atlantic","Search",17.27,0
3005,3186,2026-03-05,"Standard","Atlantic","Organic",16.81,1
3006,2829,2026-06-13,"Discovery","Atlantic","Organic",26.01,0
3007,802,2026-03-05,"Standard","Ontario","Social",12.44,0
3008,2807,2026-05-02,"Discovery","Atlantic","Organic",31.64,0
3009,3556,2026-01-08,"Standard","Atlantic","Social",15.93,0
3010,3713,2026-02-01,"Standard","Ontario","Organic",12.96,0
3011,1572,2026-05-16,"Standard","Ontario","Search",14.34,0
3012,1283,2026-05-13,"Standard","Atlantic","Search",17.6,0
3013,3762,2026-06-25,"Signature","Atlantic","Organic",26.03,0
3014,1326,2026-04-05,"Standard","Atlantic","Referral",15.8,0
3015,3298,2026-04-17,"Standard","Atlantic","Organic",11.64,1
3016,2988,2026-03-14,"Standard","Atlantic","Retail_partner",11.37,0
3017,2267,2026-06-06,"Signature","Ontario","Organic",22.75,0
3018,1059,2026-05-08,"Standard","Atlantic","Organic",11.46,0
3019,3740,2026-04-16,"Standard","Atlantic","Search",12.34,0
3020,3700,2026-05-13,"Signature","Atlantic","Referral",23.89,0
3021,1553,2026-03-04,"Signature","Atlantic","Search",25.14,0
3022,16,2026-04-19,"Signature","Atlantic","Organic",19.61,0
3023,150,2026-06-14,"Standard","Atlantic","Referral",14.66,0
3024,1849,2026-06-25,"Standard","Atlantic","Search",14.69,0
3025,2186,2026-05-17,"Signature","Ontario","Search",22.03,1
3026,787,2026-02-08,"Signature","Atlantic","Retail_partner",17.22,1
3027,1856,2026-04-15,"Discovery","Ontario","Search",33.26,0
3028,771,2026-01-22,"Standard","Atlantic","Search",17.46,0
3029,3820,2026-06-16,"Discovery","Atlantic","Search",29.59,1
3030,2327,2026-04-12,"Standard","Atlantic","Social",17.94,1
3031,1841,2026-06-21,"Standard","Atlantic","Organic",15.44,0
3032,2928,2026-04-16,"Discovery","Atlantic","Social",36.46,0
3033,3368,2026-06-14,"Discovery","Atlantic","Search",34.38,0
3034,822,2026-04-24,"Standard","Atlantic","Social",15.01,0
3035,1047,2026-04-08,"Standard","Atlantic","Organic",18.15,1
3036,3258,2026-01-30,"Standard","Atlantic","Organic",13.48,1
3037,906,2026-04-19,"Standard","Atlantic","Organic",16.6,1
3038,534,2026-01-16,"Standard","Atlantic","Search",14.36,0
3039,3132,2026-05-02,"Standard","Ontario","Search",15.93,0
3040,2317,2026-05-08,"Standard","Atlantic","Social",12.73,0
3041,433,2026-06-27,"Discovery","Atlantic","Organic",28.82,0
3042,713,2026-03-14,"Signature","Atlantic","Retail_partner",17.57,0
3043,445,2026-02-04,"Standard","Ontario","Referral",12.2,0
3044,2325,2026-01-10,"Standard","Atlantic","Referral",16.03,0
3045,3055,2026-01-20,"Signature","Atlantic","Social",26.29,0
3046,144,2026-05-09,"Discovery","Atlantic","Retail_partner",34.19,0
3047,2465,2026-06-19,"Standard","Atlantic","Search",14.83,0
3048,659,2026-05-04,"Signature","Ontario","Organic",24.37,0
3049,2717,2026-04-06,"Signature","Ontario","Search",22.16,0
3050,2084,2026-04-21,"Standard","Atlantic","Social",15.61,1
3051,535,2026-06-26,"Signature","Atlantic","Organic",25.18,0
3052,2572,2026-04-07,"Standard","Atlantic","Referral",16.97,0
3053,3725,2026-05-31,"Signature","Ontario","Organic",20.74,0
3054,3740,2026-06-13,"Standard","Atlantic","Organic",15.42,1
3055,3235,2026-02-08,"Discovery","Ontario","Retail_partner",35.59,1
3056,2165,2026-02-09,"Standard","Atlantic","Organic",14.93,0
3057,199,2026-02-11,"Standard","Atlantic","Organic",17.58,0
3058,1507,2026-04-21,"Standard","Ontario","Social",17.64,0
3059,358,2026-05-03,"Standard","Atlantic","Social",14.21,0
3060,2408,2026-03-11,"Signature","Atlantic","Social",26.71,1
3061,2465,2026-04-23,"Signature","Atlantic","Organic",25.33,0
3062,3581,2026-06-06,"Standard","Atlantic","Retail_partner",16.71,0
3063,1200,2026-02-24,"Signature","Atlantic","Retail_partner",24.21,0
3064,1314,2026-03-07,"Signature","Atlantic","Retail_partner",26.23,0
3065,3896,2026-02-28,"Standard","Atlantic","Referral",15.87,1
3066,2328,2026-01-27,"Standard","Atlantic","Search",19.45,0
3067,639,2026-01-31,"Standard","Atlantic","Retail_partner",15.44,1
3068,219,2026-03-26,"Discovery","Atlantic","Social",32.45,0
3069,502,2026-05-12,"Signature","Atlantic","Referral",26.21,0
3070,2939,2026-03-28,"Standard","Atlantic","Social",14.9,1
3071,99,2026-01-31,"Signature","Atlantic","Referral",23.15,0
3072,2224,2026-05-15,"Standard","Atlantic","Social",14.09,0
3073,3497,2026-02-27,"Standard","Atlantic","Social",13.55,0
3074,2535,2026-05-10,"Standard","Atlantic","Search",13.8,0
3075,793,2026-04-29,"Discovery","Ontario","Referral",37.24,0
3076,692,2026-04-01,"Standard","Atlantic","Social",10.62,1
3077,1856,2026-03-17,"Standard","Atlantic","Social",16.56,0
3078,1632,2026-04-26,"Standard","Atlantic","Organic",11.64,0
3079,3596,2026-02-28,"Standard","Ontario","Retail_partner",17.61,0
3080,3890,2026-05-23,"Standard","Atlantic","Social",15.88,0
3081,2465,2026-03-24,"Signature","Atlantic","Search",23.69,1
3082,3728,2026-01-11,"Signature","Atlantic","Organic",22.81,0
3083,3056,2026-01-12,"Signature","Atlantic","Organic",23.56,0
3084,863,2026-06-20,"Standard","Atlantic","Social",8.77,1
3085,1027,2026-01-30,"Standard","Atlantic","Search",11.8,0
3086,861,2026-05-12,"Standard","Atlantic","Retail_partner",20.97,0
3087,1291,2026-04-05,"Discovery","Atlantic","Referral",33.23,0
3088,3874,2026-03-14,"Standard","Atlantic","Search",14.38,0
3089,2672,2026-02-09,"Standard","Atlantic","Social",12.24,0
3090,2265,2026-01-05,"Signature","Ontario","Organic",24.97,1
3091,3849,2026-02-28,"Standard","Atlantic","Social",16.09,1
3092,333,2026-03-15,"Signature","Atlantic","Social",26.2,1
3093,3662,2026-03-17,"Standard","Atlantic","Social",16.59,1
3094,2979,2026-01-01,"Standard","Atlantic","Referral",10.74,0
3095,1457,2026-03-30,"Standard","Ontario","Retail_partner",17.74,1
3096,311,2026-05-29,"Signature","Atlantic","Referral",19.58,1
3097,763,2026-06-25,"Standard","Atlantic","Referral",13.46,0
3098,210,2026-03-16,"Standard","Atlantic","Social",16.24,0
3099,2143,2026-05-18,"Discovery","Atlantic","Retail_partner",36.33,0
3100,1435,2026-05-24,"Standard","Atlantic","Search",18.53,0
3101,2077,2026-05-26,"Standard","Atlantic","Social",15.51,0
3102,156,2026-02-28,"Standard","Ontario","Social",17.88,0
3103,1256,2026-02-06,"Signature","Ontario","Organic",24.67,0
3104,245,2026-03-20,"Standard","Ontario","Retail_partner",21.92,0
3105,14,2026-02-02,"Signature","Atlantic","Retail_partner",22.04,1
3106,3922,2026-04-23,"Standard","Ontario","Search",15.34,0
3107,1913,2026-01-14,"Standard","Atlantic","Organic",17.36,0
3108,3170,2026-04-19,"Signature","Atlantic","Search",22.37,0
3109,1091,2026-04-26,"Standard","Ontario","Organic",10.02,0
3110,800,2026-01-27,"Standard","Atlantic","Retail_partner",10.79,0
3111,3958,2026-05-03,"Signature","Atlantic","Organic",21.44,0
3112,1522,2026-05-27,"Standard","Atlantic","Retail_partner",12.57,1
3113,2820,2026-06-02,"Signature","Atlantic","Social",23.97,0
3114,3381,2026-01-01,"Discovery","Atlantic","Organic",34.33,0
3115,2925,2026-05-09,"Standard","Ontario","Organic",21.32,0
3116,277,2026-04-27,"Standard","Atlantic","Retail_partner",16.84,1
3117,2053,2026-07-01,"Standard","Atlantic","Organic",15.29,0
3118,756,2026-02-02,"Signature","Atlantic","Referral",25.91,1
3119,3673,2026-05-20,"Signature","Atlantic","Organic",22.05,0
3120,2675,2026-06-05,"Standard","Atlantic","Social",13.41,0
3121,1543,2026-02-05,"Standard","Ontario","Organic",14.44,0
3122,2610,2026-06-06,"Standard","Atlantic","Organic",17.07,0
3123,2558,2026-03-27,"Discovery","Atlantic","Social",33.97,0
3124,722,2026-03-06,"Standard","Atlantic","Organic",14.97,0
3125,382,2026-02-03,"Signature","Atlantic","Organic",24.88,0
3126,1246,2026-06-01,"Signature","Atlantic","Social",20.1,0
3127,1901,2026-04-24,"Signature","Atlantic","Organic",24.17,0
3128,1199,2026-03-02,"Discovery","Atlantic","Search",31.81,0
3129,394,2026-01-13,"Signature","Atlantic","Search",19.37,1
3130,273,2026-02-01,"Standard","Atlantic","Organic",14.3,0
3131,3114,2026-02-25,"Standard","Atlantic","Referral",17.93,0
3132,1438,2026-02-27,"Discovery","Ontario","Search",33.53,0
3133,2560,2026-03-28,"Standard","Atlantic","Organic",15.04,0
3134,340,2026-01-04,"Discovery","Atlantic","Referral",34.53,0
3135,2327,2026-07-01,"Standard","Atlantic","Retail_partner",14.51,0
3136,462,2026-04-27,"Standard","Atlantic","Retail_partner",17.46,0
3137,936,2026-03-15,"Discovery","Ontario","Social",25.64,0
3138,954,2026-05-30,"Standard","Atlantic","Retail_partner",13.82,0
3139,789,2026-03-27,"Standard","Atlantic","Organic",15.69,1
3140,2833,2026-06-14,"Standard","Atlantic","Social",16.65,0
3141,640,2026-03-29,"Signature","Ontario","Retail_partner",22.57,0
3142,3982,2026-01-15,"Standard","Atlantic","Organic",18.32,1
3143,2028,2026-01-16,"Standard","Atlantic","Social",14.6,1
3144,3975,2026-04-23,"Signature","Atlantic","Social",20.7,0
3145,3549,2026-04-20,"Signature","Atlantic","Social",21.47,1
3146,2903,2026-01-29,"Standard","Ontario","Organic",16.82,0
3147,1139,2026-01-08,"Standard","Atlantic","Organic",12.21,0
3148,1879,2026-03-11,"Standard","Atlantic","Search",9.92,1
3149,3790,2026-05-31,"Signature","Atlantic","Social",22.37,0
3150,2010,2026-04-09,"Standard","Atlantic","Organic",8.96,0
3151,786,2026-04-02,"Discovery","Atlantic","Social",29.3,1
3152,1374,2026-05-22,"Signature","Atlantic","Retail_partner",23.81,1
3153,2463,2026-03-04,"Signature","Atlantic","Organic",18.01,0
3154,3183,2026-01-24,"Signature","Atlantic","Search",18.77,0
3155,3644,2026-02-09,"Standard","Ontario","Social",14.15,0
3156,401,2026-04-08,"Standard","Atlantic","Organic",14.87,0
3157,1296,2026-02-19,"Standard","Ontario","Social",13.99,0
3158,420,2026-05-02,"Signature","Atlantic","Organic",23.17,1
3159,174,2026-02-11,"Discovery","Atlantic","Referral",31.44,0
3160,2859,2026-06-06,"Signature","Ontario","Retail_partner",21.81,0
3161,175,2026-03-07,"Standard","Atlantic","Referral",13.41,0
3162,1665,2026-05-26,"Standard","Atlantic","Organic",13.23,0
3163,2542,2026-06-01,"Signature","Atlantic","Organic",16.98,0
3164,260,2026-05-28,"Signature","Atlantic","Organic",23.4,1
3165,2151,2026-06-17,"Signature","Ontario","Search",20.49,0
3166,57,2026-06-15,"Signature","Atlantic","Search",24,0
3167,2714,2026-01-11,"Standard","Atlantic","Organic",15.16,0
3168,1217,2026-03-20,"Signature","Atlantic","Search",21.23,1
3169,1198,2026-01-10,"Standard","Atlantic","Social",10.48,0
3170,1749,2026-03-07,"Signature","Ontario","Organic",18.31,0
3171,1061,2026-05-19,"Standard","Atlantic","Organic",17.66,0
3172,2150,2026-06-16,"Signature","Atlantic","Social",21.83,1
3173,2901,2026-03-31,"Signature","Atlantic","Retail_partner",18.54,0
3174,1392,2026-02-18,"Signature","Atlantic","Search",23.34,0
3175,2003,2026-05-27,"Discovery","Atlantic","Retail_partner",33.37,0
3176,2182,2026-06-07,"Standard","Atlantic","Search",15.04,0
3177,1260,2026-04-16,"Standard","Atlantic","Organic",14.49,0
3178,2679,2026-03-29,"Signature","Atlantic","Organic",20.09,0
3179,2360,2026-02-21,"Standard","Ontario","Organic",11.51,0
3180,1503,2026-06-14,"Signature","Atlantic","Search",26.99,0
3181,689,2026-02-17,"Signature","Atlantic","Search",24.64,0
3182,1490,2026-06-08,"Standard","Atlantic","Referral",12.12,0
3183,12,2026-04-16,"Signature","Atlantic","Social",20.35,0
3184,159,2026-04-11,"Signature","Atlantic","Referral",16.09,1
3185,2967,2026-01-19,"Standard","Atlantic","Organic",16.18,1
3186,3662,2026-01-04,"Standard","Atlantic","Organic",20.86,0
3187,2104,2026-05-29,"Standard","Atlantic","Referral",15.02,0
3188,3654,2026-04-03,"Standard","Ontario","Search",15.07,0
3189,3141,2026-02-01,"Standard","Ontario","Referral",12.93,0
3190,3732,2026-01-01,"Standard","Atlantic","Search",10.97,0
3191,2763,2026-05-23,"Discovery","Atlantic","Referral",29.38,1
3192,2694,2026-02-20,"Standard","Ontario","Search",18.45,0
3193,1676,2026-03-19,"Standard","Atlantic","Social",11.37,1
3194,3244,2026-06-10,"Standard","Atlantic","Referral",16.89,0
3195,646,2026-06-09,"Standard","Ontario","Social",17.49,0
3196,3977,2026-04-22,"Signature","Atlantic","Organic",22.29,0
3197,2369,2026-04-09,"Standard","Atlantic","Organic",18.8,0
3198,1486,2026-04-07,"Signature","Atlantic","Organic",23.61,0
3199,1129,2026-05-26,"Standard","Ontario","Search",15.62,1
3200,3946,2026-04-29,"Standard","Atlantic","Retail_partner",12.94,0
3201,2484,2026-06-25,"Signature","Atlantic","Search",23.37,0
3202,2180,2026-05-21,"Signature","Atlantic","Social",27.41,0
3203,3183,2026-04-19,"Signature","Ontario","Social",21.41,0
3204,3330,2026-02-20,"Standard","Atlantic","Social",11.91,0
3205,152,2026-01-15,"Standard","Atlantic","Social",16.26,0
3206,1541,2026-03-05,"Standard","Ontario","Search",17.17,0
3207,2662,2026-06-28,"Discovery","Atlantic","Organic",31.57,0
3208,1047,2026-05-26,"Standard","Atlantic","Search",15.54,1
3209,110,2026-06-12,"Standard","Atlantic","Organic",15.76,1
3210,2815,2026-02-11,"Standard","Atlantic","Referral",14.01,0
3211,556,2026-05-05,"Standard","Atlantic","Search",13.53,0
3212,499,2026-06-17,"Standard","Atlantic","Search",14.76,0
3213,3993,2026-01-19,"Standard","Ontario","Organic",15.75,1
3214,2541,2026-02-07,"Standard","Atlantic","Organic",18.66,0
3215,2562,2026-06-22,"Signature","Atlantic","Social",23.74,0
3216,1999,2026-04-18,"Standard","Atlantic","Organic",13.78,0
3217,1990,2026-04-30,"Standard","Atlantic","Referral",14.15,0
3218,1214,2026-04-06,"Standard","Atlantic","Search",12.72,0
3219,1465,2026-01-11,"Standard","Atlantic","Organic",17.58,0
3220,69,2026-02-20,"Signature","Atlantic","Referral",21.95,0
3221,1518,2026-05-12,"Standard","Ontario","Social",17.07,1
3222,470,2026-02-04,"Signature","Ontario","Social",25.63,0
3223,611,2026-01-29,"Discovery","Atlantic","Referral",31.46,1
3224,2437,2026-01-18,"Signature","Atlantic","Organic",27.38,1
3225,3162,2026-03-20,"Standard","Atlantic","Social",11.79,0
3226,631,2026-04-27,"Discovery","Ontario","Search",33.21,0
3227,3912,2026-06-20,"Standard","Atlantic","Referral",18.86,1
3228,997,2026-04-28,"Discovery","Atlantic","Retail_partner",32.11,1
3229,1092,2026-05-29,"Signature","Atlantic","Social",19.83,0
3230,574,2026-05-11,"Standard","Ontario","Search",19.1,0
3231,967,2026-05-31,"Signature","Atlantic","Retail_partner",18.95,0
3232,1785,2026-01-18,"Discovery","Atlantic","Social",32.17,0
3233,2329,2026-06-05,"Discovery","Atlantic","Social",30.73,0
3234,96,2026-05-10,"Signature","Ontario","Search",28.51,0
3235,275,2026-06-01,"Discovery","Atlantic","Organic",26.51,0
3236,3447,2026-05-23,"Discovery","Atlantic","Organic",32.62,1
3237,1157,2026-05-18,"Discovery","Atlantic","Social",36.28,0
3238,457,2026-01-03,"Signature","Atlantic","Social",22.4,0
3239,2700,2026-06-30,"Discovery","Atlantic","Social",31.49,0
3240,2535,2026-04-16,"Signature","Ontario","Organic",24.46,1
3241,3857,2026-06-21,"Standard","Atlantic","Organic",10.18,0
3242,3471,2026-03-16,"Discovery","Atlantic","Referral",34.56,0
3243,3432,2026-05-08,"Standard","Atlantic","Social",14.86,0
3244,2076,2026-06-15,"Standard","Atlantic","Referral",16.93,1
3245,1966,2026-05-01,"Signature","Atlantic","Referral",25.72,0
3246,653,2026-01-25,"Standard","Atlantic","Organic",15.39,0
3247,3986,2026-04-13,"Standard","Ontario","Social",14.84,0
3248,1045,2026-02-28,"Signature","Atlantic","Organic",17.59,0
3249,2520,2026-05-23,"Standard","Atlantic","Social",15.17,0
3250,3019,2026-04-28,"Standard","Atlantic","Social",13.79,0
3251,3583,2026-05-13,"Signature","Atlantic","Organic",16.62,0
3252,1930,2026-03-09,"Standard","Atlantic","Referral",15.83,0
3253,28,2026-05-04,"Standard","Ontario","Social",21.33,0
3254,1150,2026-01-27,"Standard","Atlantic","Referral",12.42,0
3255,2902,2026-04-11,"Signature","Atlantic","Social",19.71,1
3256,3518,2026-01-13,"Signature","Atlantic","Organic",23.84,0
3257,1529,2026-04-29,"Discovery","Atlantic","Search",32.07,0
3258,647,2026-03-06,"Standard","Atlantic","Referral",17.01,0
3259,2401,2026-05-07,"Standard","Ontario","Organic",18.31,0
3260,3620,2026-01-19,"Discovery","Ontario","Referral",36.13,0
3261,3205,2026-02-09,"Standard","Atlantic","Search",14.03,1
3262,1094,2026-05-30,"Signature","Ontario","Referral",21.14,0
3263,2592,2026-06-08,"Discovery","Ontario","Organic",31.32,0
3264,766,2026-05-12,"Standard","Atlantic","Retail_partner",13.14,0
3265,2056,2026-01-15,"Standard","Atlantic","Organic",13.95,0
3266,3010,2026-03-18,"Discovery","Ontario","Search",37.11,0
3267,2666,2026-06-03,"Standard","Ontario","Search",15.58,0
3268,633,2026-02-22,"Signature","Atlantic","Organic",24.46,0
3269,2886,2026-05-02,"Signature","Atlantic","Social",22.96,0
3270,1349,2026-01-24,"Standard","Atlantic","Social",18.22,1
3271,3817,2026-02-25,"Standard","Ontario","Retail_partner",13.86,0
3272,774,2026-02-18,"Standard","Atlantic","Retail_partner",21.39,0
3273,1939,2026-01-17,"Standard","Ontario","Referral",18.58,1
3274,1798,2026-05-07,"Standard","Ontario","Social",15.08,0
3275,2395,2026-02-18,"Signature","Atlantic","Organic",24.22,0
3276,859,2026-04-25,"Standard","Atlantic","Search",14.3,0
3277,3482,2026-01-31,"Standard","Ontario","Referral",16.78,0
3278,1950,2026-05-23,"Signature","Atlantic","Social",18.16,0
3279,1491,2026-02-25,"Standard","Ontario","Search",15.44,1
3280,1824,2026-03-25,"Signature","Atlantic","Search",21.82,1
3281,1720,2026-03-03,"Standard","Atlantic","Search",18.12,0
3282,1739,2026-03-12,"Discovery","Atlantic","Referral",31.34,0
3283,1596,2026-04-26,"Signature","Atlantic","Referral",18.77,0
3284,1643,2026-01-20,"Standard","Atlantic","Social",15.04,0
3285,1337,2026-05-02,"Discovery","Atlantic","Search",27.07,0
3286,1840,2026-03-25,"Signature","Atlantic","Search",18.01,0
3287,1882,2026-05-28,"Signature","Ontario","Organic",27.09,0
3288,3148,2026-06-10,"Standard","Atlantic","Retail_partner",14.19,0
3289,3596,2026-03-14,"Signature","Atlantic","Organic",25.89,0
3290,223,2026-02-09,"Standard","Ontario","Referral",17.13,0
3291,1092,2026-01-13,"Standard","Atlantic","Referral",16.66,0
3292,2768,2026-05-23,"Discovery","Ontario","Organic",37.64,0
3293,3204,2026-04-01,"Standard","Atlantic","Organic",12.57,0
3294,791,2026-06-18,"Standard","Atlantic","Organic",14.11,1
3295,2713,2026-05-13,"Standard","Ontario","Search",13.27,0
3296,3294,2026-02-07,"Standard","Atlantic","Organic",10.6,0
3297,838,2026-06-16,"Discovery","Atlantic","Search",34.43,0
3298,2979,2026-06-05,"Standard","Atlantic","Social",17.37,0
3299,3759,2026-05-02,"Signature","Atlantic","Organic",22.13,1
3300,606,2026-04-02,"Standard","Atlantic","Search",11.96,1
3301,2531,2026-06-05,"Signature","Ontario","Organic",27.61,0
3302,3067,2026-01-03,"Signature","Atlantic","Search",27.47,0
3303,2670,2026-03-24,"Discovery","Atlantic","Referral",30.45,0
3304,259,2026-05-01,"Standard","Atlantic","Organic",12.32,0
3305,1410,2026-06-12,"Signature","Atlantic","Search",19.52,0
3306,124,2026-05-21,"Standard","Atlantic","Referral",15.27,0
3307,3994,2026-02-11,"Standard","Atlantic","Retail_partner",16.14,0
3308,3767,2026-03-12,"Standard","Atlantic","Organic",14.57,0
3309,1173,2026-01-26,"Standard","Atlantic","Search",17.53,0
3310,1006,2026-05-24,"Standard","Ontario","Search",10.2,0
3311,2717,2026-05-22,"Standard","Atlantic","Social",15.51,0
3312,855,2026-06-23,"Standard","Atlantic","Social",10.63,0
3313,3236,2026-02-19,"Discovery","Ontario","Organic",32.68,0
3314,2933,2026-03-29,"Standard","Atlantic","Organic",15.68,0
3315,2333,2026-03-25,"Standard","Atlantic","Organic",22.03,0
3316,1854,2026-06-13,"Standard","Atlantic","Search",11.28,0
3317,1911,2026-02-28,"Standard","Atlantic","Social",14.79,0
3318,3614,2026-02-08,"Standard","Ontario","Search",15.98,1
3319,3762,2026-03-13,"Standard","Atlantic","Search",15.05,0
3320,3612,2026-05-18,"Signature","Atlantic","Organic",19.56,1
3321,1008,2026-04-25,"Signature","Ontario","Organic",26.64,0
3322,1658,2026-03-18,"Standard","Atlantic","Retail_partner",16.65,0
3323,879,2026-06-11,"Standard","Atlantic","Search",15.78,0
3324,855,2026-02-27,"Signature","Atlantic","Referral",22.26,0
3325,2353,2026-02-17,"Standard","Ontario","Organic",17.53,0
3326,1738,2026-05-10,"Signature","Atlantic","Organic",23.12,0
3327,512,2026-03-01,"Standard","Ontario","Organic",14.6,1
3328,2939,2026-03-07,"Signature","Atlantic","Referral",24.72,0
3329,605,2026-06-11,"Standard","Atlantic","Organic",14.18,0
3330,3296,2026-05-05,"Discovery","Atlantic","Organic",32.1,1
3331,154,2026-02-14,"Standard","Atlantic","Organic",12.17,0
3332,2246,2026-05-11,"Signature","Atlantic","Organic",21.12,0
3333,829,2026-02-14,"Signature","Ontario","Organic",21.02,0
3334,1646,2026-02-10,"Signature","Atlantic","Referral",19.13,0
3335,181,2026-05-30,"Standard","Atlantic","Search",16.37,1
3336,18,2026-06-06,"Standard","Atlantic","Organic",15.98,0
3337,3404,2026-03-29,"Discovery","Atlantic","Organic",33.87,0
3338,1878,2026-06-08,"Discovery","Atlantic","Social",32.3,0
3339,131,2026-04-19,"Standard","Atlantic","Retail_partner",18.87,1
3340,2221,2026-06-03,"Standard","Atlantic","Retail_partner",14.33,0
3341,1291,2026-03-19,"Signature","Ontario","Referral",20.25,0
3342,1262,2026-05-20,"Standard","Ontario","Search",13.85,0
3343,628,2026-06-17,"Standard","Atlantic","Organic",17.58,1
3344,2924,2026-07-01,"Standard","Ontario","Referral",14.01,1
3345,3002,2026-03-13,"Signature","Atlantic","Social",19.62,0
3346,3161,2026-02-02,"Signature","Atlantic","Search",24.76,0
3347,3238,2026-02-25,"Standard","Ontario","Social",16.68,0
3348,603,2026-03-22,"Standard","Atlantic","Social",17.69,1
3349,149,2026-06-08,"Standard","Ontario","Social",15.1,0
3350,3900,2026-03-28,"Signature","Atlantic","Retail_partner",20.96,0
3351,1380,2026-01-22,"Signature","Atlantic","Search",22.1,0
3352,2571,2026-04-01,"Signature","Atlantic","Social",24.76,1
3353,3414,2026-01-18,"Standard","Atlantic","Organic",11.59,0
3354,1645,2026-03-31,"Discovery","Atlantic","Organic",33.27,0
3355,3356,2026-06-04,"Standard","Atlantic","Organic",18.1,0
3356,2019,2026-06-02,"Standard","Atlantic","Search",14.09,0
3357,45,2026-01-16,"Standard","Ontario","Search",17.48,0
3358,3054,2026-03-07,"Standard","Atlantic","Referral",19.06,0
3359,1371,2026-06-07,"Discovery","Atlantic","Referral",29.01,0
3360,3102,2026-03-16,"Standard","Ontario","Social",16.68,1
3361,1939,2026-02-11,"Signature","Atlantic","Search",20.77,0
3362,2797,2026-04-03,"Discovery","Atlantic","Organic",32.3,0
3363,1556,2026-06-18,"Standard","Atlantic","Social",17.4,0
3364,3644,2026-06-26,"Signature","Atlantic","Social",26.2,1
3365,2319,2026-03-12,"Discovery","Atlantic","Retail_partner",26.31,1
3366,2561,2026-01-19,"Standard","Atlantic","Organic",14.74,0
3367,3604,2026-03-29,"Standard","Atlantic","Social",16.92,0
3368,662,2026-06-15,"Discovery","Atlantic","Search",30.8,0
3369,3595,2026-05-18,"Signature","Atlantic","Organic",24.24,1
3370,3230,2026-01-15,"Signature","Atlantic","Social",22.76,1
3371,2914,2026-03-16,"Standard","Atlantic","Social",8.3,1
3372,3838,2026-05-17,"Signature","Atlantic","Social",20.11,1
3373,912,2026-05-23,"Standard","Atlantic","Social",11.89,1
3374,852,2026-05-08,"Standard","Atlantic","Search",12.31,0
3375,3767,2026-03-10,"Signature","Atlantic","Organic",22,0
3376,3924,2026-05-23,"Discovery","Atlantic","Search",34.87,0
3377,3841,2026-03-11,"Standard","Atlantic","Social",13.67,0
3378,716,2026-05-04,"Standard","Atlantic","Referral",12.24,0
3379,2288,2026-04-28,"Standard","Atlantic","Search",12.28,1
3380,3969,2026-02-02,"Signature","Atlantic","Search",20.96,1
3381,2541,2026-03-28,"Signature","Atlantic","Organic",24.43,0
3382,1487,2026-05-22,"Standard","Atlantic","Organic",13.93,0
3383,2311,2026-05-16,"Standard","Atlantic","Referral",14.07,0
3384,3423,2026-02-28,"Standard","Atlantic","Social",19.71,0
3385,735,2026-03-30,"Signature","Ontario","Retail_partner",23.64,0
3386,2531,2026-03-01,"Discovery","Atlantic","Organic",32.69,0
3387,694,2026-04-13,"Standard","Atlantic","Organic",17.24,1
3388,2268,2026-05-08,"Standard","Atlantic","Organic",10.08,0
3389,51,2026-04-25,"Signature","Ontario","Referral",22.82,0
3390,1876,2026-03-21,"Standard","Atlantic","Social",17.66,1
3391,1060,2026-01-12,"Discovery","Atlantic","Search",34.03,0
3392,289,2026-05-26,"Discovery","Atlantic","Organic",29.47,1
3393,26,2026-04-15,"Standard","Atlantic","Organic",14.81,0
3394,2116,2026-01-29,"Standard","Atlantic","Organic",14.99,1
3395,1672,2026-05-07,"Standard","Atlantic","Retail_partner",8.39,0
3396,1924,2026-01-28,"Standard","Atlantic","Search",14.68,0
3397,2133,2026-02-12,"Standard","Atlantic","Referral",15.46,0
3398,120,2026-05-15,"Signature","Atlantic","Referral",25.93,0
3399,1288,2026-01-10,"Standard","Atlantic","Organic",12.55,0
3400,1302,2026-06-29,"Standard","Ontario","Organic",18.1,1
3401,82,2026-04-13,"Discovery","Atlantic","Retail_partner",29.68,0
3402,3330,2026-03-06,"Standard","Ontario","Organic",18.71,0
3403,3102,2026-02-21,"Signature","Atlantic","Referral",21.81,0
3404,6,2026-02-07,"Standard","Ontario","Social",17.65,1
3405,3927,2026-05-31,"Signature","Atlantic","Social",20.38,0
3406,2612,2026-04-25,"Signature","Atlantic","Social",23.74,0
3407,1052,2026-03-21,"Standard","Atlantic","Search",16.22,0
3408,795,2026-04-27,"Signature","Atlantic","Referral",27.18,0
3409,3495,2026-02-13,"Standard","Ontario","Organic",13.67,0
3410,1558,2026-05-21,"Discovery","Atlantic","Organic",34.58,0
3411,2560,2026-05-24,"Signature","Atlantic","Referral",24.43,1
3412,1440,2026-02-10,"Discovery","Ontario","Referral",29.46,0
3413,3062,2026-02-03,"Standard","Ontario","Referral",13.89,1
3414,3010,2026-07-01,"Signature","Atlantic","Retail_partner",22.08,0
3415,1437,2026-03-16,"Discovery","Atlantic","Organic",33.92,1
3416,2735,2026-01-01,"Discovery","Atlantic","Referral",29.56,0
3417,2703,2026-01-21,"Standard","Atlantic","Referral",11.96,0
3418,3252,2026-02-22,"Signature","Atlantic","Organic",21.69,0
3419,1905,2026-04-27,"Standard","Ontario","Organic",15.47,0
3420,3910,2026-06-25,"Signature","Ontario","Organic",23.54,0
3421,2578,2026-06-09,"Signature","Atlantic","Social",16.48,0
3422,577,2026-02-23,"Standard","Atlantic","Social",14.07,0
3423,3597,2026-06-15,"Standard","Atlantic","Search",17.72,0
3424,1938,2026-06-17,"Signature","Atlantic","Search",25.52,0
3425,2769,2026-02-02,"Standard","Ontario","Organic",17.82,1
3426,35,2026-03-18,"Standard","Atlantic","Organic",12.04,0
3427,2086,2026-03-11,"Standard","Ontario","Search",15.3,0
3428,1215,2026-06-01,"Standard","Atlantic","Search",16.49,0
3429,3504,2026-03-28,"Standard","Atlantic","Search",13.03,1
3430,1401,2026-02-20,"Standard","Atlantic","Search",18.26,0
3431,107,2026-06-24,"Discovery","Ontario","Organic",36.19,0
3432,1434,2026-01-03,"Standard","Atlantic","Organic",13.32,0
3433,299,2026-06-23,"Standard","Ontario","Social",14.74,1
3434,1141,2026-03-18,"Standard","Atlantic","Search",10.86,0
3435,2611,2026-05-17,"Signature","Atlantic","Organic",25.63,0
3436,247,2026-06-10,"Signature","Ontario","Social",21.77,0
3437,319,2026-05-20,"Signature","Atlantic","Organic",18.91,0
3438,1170,2026-04-11,"Signature","Atlantic","Search",26.43,0
3439,3924,2026-03-14,"Standard","Atlantic","Social",14.22,1
3440,3389,2026-06-29,"Signature","Atlantic","Organic",23.66,0
3441,2924,2026-01-02,"Signature","Atlantic","Social",20.54,0
3442,2894,2026-05-24,"Signature","Atlantic","Organic",21.24,1
3443,2083,2026-02-13,"Signature","Atlantic","Organic",22.21,0
3444,2092,2026-05-27,"Discovery","Ontario","Organic",32.06,0
3445,1326,2026-05-19,"Discovery","Ontario","Search",37.67,0
3446,1591,2026-02-21,"Signature","Atlantic","Organic",26.4,0
3447,3070,2026-02-10,"Standard","Ontario","Search",10.92,0
3448,1739,2026-05-15,"Standard","Atlantic","Social",14.01,0
3449,2691,2026-04-25,"Standard","Atlantic","Social",18.62,0
3450,186,2026-01-20,"Signature","Atlantic","Organic",22.35,0
3451,3649,2026-05-17,"Standard","Atlantic","Retail_partner",14.25,0
3452,1599,2026-04-15,"Standard","Atlantic","Referral",11.46,0
3453,2481,2026-03-27,"Standard","Atlantic","Organic",19.01,0
3454,1429,2026-01-13,"Discovery","Atlantic","Search",30.85,1
3455,2240,2026-03-20,"Standard","Ontario","Organic",13.46,1
3456,3112,2026-01-05,"Signature","Atlantic","Referral",24.62,0
3457,1110,2026-05-09,"Standard","Atlantic","Retail_partner",16.63,0
3458,353,2026-06-01,"Signature","Atlantic","Social",20.28,0
3459,1751,2026-05-25,"Signature","Atlantic","Organic",22.7,1
3460,3612,2026-06-12,"Standard","Atlantic","Referral",17.76,0
3461,79,2026-04-21,"Signature","Atlantic","Organic",20.3,0
3462,1537,2026-05-19,"Standard","Atlantic","Referral",16.37,0
3463,3594,2026-05-02,"Signature","Ontario","Referral",20.48,0
3464,503,2026-02-24,"Signature","Ontario","Search",19.66,0
3465,2552,2026-06-13,"Discovery","Atlantic","Retail_partner",32.47,0
3466,1918,2026-03-19,"Standard","Atlantic","Social",12.27,0
3467,2012,2026-04-04,"Standard","Atlantic","Social",14.05,0
3468,154,2026-05-09,"Standard","Ontario","Organic",18.1,0
3469,333,2026-01-20,"Standard","Atlantic","Organic",9.14,1
3470,20,2026-01-04,"Standard","Atlantic","Organic",15.46,1
3471,2314,2026-06-25,"Standard","Atlantic","Social",16.45,0
3472,1848,2026-05-03,"Standard","Atlantic","Organic",18.99,0
3473,1230,2026-03-06,"Standard","Atlantic","Organic",16.51,0
3474,2566,2026-03-30,"Discovery","Atlantic","Search",33.03,0
3475,2779,2026-04-20,"Standard","Atlantic","Retail_partner",16.97,0
3476,3426,2026-07-01,"Signature","Atlantic","Referral",24.3,0
3477,1328,2026-01-10,"Standard","Atlantic","Social",12.57,0
3478,2814,2026-06-25,"Signature","Atlantic","Organic",21.97,1
3479,1194,2026-01-04,"Signature","Atlantic","Organic",22.61,0
3480,2042,2026-03-17,"Discovery","Atlantic","Search",32.16,1
3481,453,2026-06-20,"Standard","Atlantic","Search",18.26,0
3482,755,2026-01-30,"Signature","Atlantic","Social",20.75,0
3483,474,2026-02-02,"Discovery","Atlantic","Search",30.77,0
3484,3157,2026-02-10,"Standard","Ontario","Retail_partner",13.71,0
3485,2723,2026-05-22,"Discovery","Ontario","Retail_partner",30.44,1
3486,1260,2026-06-18,"Signature","Ontario","Social",25.85,0
3487,162,2026-04-25,"Standard","Atlantic","Referral",14.83,0
3488,2862,2026-04-05,"Signature","Atlantic","Retail_partner",21.13,0
3489,2685,2026-06-30,"Standard","Atlantic","Referral",12.89,1
3490,3114,2026-04-04,"Standard","Ontario","Retail_partner",17.87,1
3491,2139,2026-04-29,"Standard","Atlantic","Organic",11.51,1
3492,3276,2026-06-22,"Discovery","Atlantic","Social",33.51,0
3493,2077,2026-05-30,"Standard","Atlantic","Social",14.83,0
3494,771,2026-06-03,"Standard","Atlantic","Retail_partner",15.86,0
3495,2098,2026-05-12,"Standard","Atlantic","Search",11.76,1
3496,1922,2026-01-03,"Standard","Atlantic","Social",19.22,0
3497,2680,2026-02-08,"Discovery","Atlantic","Organic",33.22,0
3498,2928,2026-06-25,"Discovery","Atlantic","Search",39.36,0
3499,3876,2026-05-24,"Standard","Ontario","Social",14.78,0
3500,3973,2026-01-07,"Signature","Atlantic","Social",22.75,0
3501,2217,2026-04-02,"Standard","Ontario","Organic",16.02,0
3502,2091,2026-03-29,"Standard","Atlantic","Organic",14.15,0
3503,814,2026-06-28,"Standard","Atlantic","Social",11.12,0
3504,1867,2026-04-09,"Standard","Atlantic","Search",15.56,0
3505,3736,2026-01-28,"Standard","Atlantic","Organic",13.53,1
3506,778,2026-06-30,"Standard","Atlantic","Organic",12.49,0
3507,3034,2026-03-07,"Standard","Atlantic","Organic",12.26,0
3508,3922,2026-05-23,"Signature","Atlantic","Referral",21.9,0
3509,2972,2026-05-08,"Standard","Atlantic","Social",14.21,0
3510,1553,2026-03-20,"Discovery","Atlantic","Organic",30.49,0
3511,1057,2026-03-17,"Discovery","Atlantic","Search",33.06,0
3512,1865,2026-03-10,"Discovery","Ontario","Organic",33.73,0
3513,3301,2026-01-02,"Signature","Atlantic","Organic",15.97,0
3514,3320,2026-01-18,"Standard","Atlantic","Social",16.03,0
3515,1212,2026-06-08,"Standard","Atlantic","Search",18.73,1
3516,2160,2026-01-08,"Signature","Ontario","Organic",24.12,0
3517,3974,2026-05-26,"Signature","Atlantic","Search",22.68,0
3518,781,2026-06-02,"Standard","Ontario","Search",14.92,0
3519,3919,2026-02-04,"Standard","Atlantic","Search",16.31,0
3520,2081,2026-05-20,"Standard","Ontario","Social",13.83,0
3521,389,2026-04-05,"Standard","Ontario","Organic",17.42,0
3522,1838,2026-02-02,"Discovery","Ontario","Search",36.19,1
3523,1136,2026-03-08,"Standard","Atlantic","Organic",17.77,1
3524,2250,2026-05-23,"Standard","Atlantic","Retail_partner",14.62,1
3525,1736,2026-06-18,"Signature","Ontario","Referral",23.11,0
3526,675,2026-05-20,"Standard","Ontario","Organic",18.76,0
3527,1680,2026-02-26,"Signature","Atlantic","Organic",18.28,0
3528,3683,2026-02-07,"Standard","Ontario","Search",13.37,0
3529,1251,2026-01-03,"Standard","Atlantic","Organic",14.51,0
3530,151,2026-02-05,"Standard","Atlantic","Search",13.78,1
3531,1738,2026-02-19,"Discovery","Ontario","Organic",30.45,0
3532,3062,2026-02-12,"Discovery","Atlantic","Social",31.97,0
3533,1599,2026-05-13,"Signature","Atlantic","Organic",24.15,0
3534,3979,2026-01-09,"Standard","Ontario","Organic",20.16,0
3535,2,2026-04-06,"Signature","Atlantic","Organic",22.66,0
3536,1480,2026-05-11,"Signature","Atlantic","Organic",23.54,0
3537,3643,2026-06-28,"Discovery","Atlantic","Search",31.17,0
3538,3663,2026-03-18,"Signature","Ontario","Search",24.49,0
3539,3086,2026-02-26,"Standard","Atlantic","Organic",15.24,0
3540,797,2026-04-06,"Standard","Ontario","Referral",16.35,0
3541,1565,2026-04-18,"Standard","Atlantic","Organic",15.98,0
3542,1032,2026-05-30,"Standard","Ontario","Social",13.9,0
3543,3088,2026-05-23,"Discovery","Atlantic","Organic",30.99,0
3544,800,2026-06-24,"Discovery","Atlantic","Referral",30.78,0
3545,255,2026-03-15,"Standard","Atlantic","Organic",14.58,1
3546,3985,2026-06-09,"Standard","Atlantic","Referral",15.01,0
3547,987,2026-04-10,"Signature","Ontario","Organic",22.72,1
3548,2431,2026-04-23,"Signature","Atlantic","Retail_partner",22.84,1
3549,2534,2026-03-28,"Standard","Atlantic","Organic",15.99,0
3550,460,2026-03-16,"Standard","Atlantic","Retail_partner",13.4,0
3551,2923,2026-04-15,"Discovery","Ontario","Retail_partner",32.43,0
3552,914,2026-05-24,"Standard","Atlantic","Social",15.94,0
3553,3744,2026-05-10,"Standard","Atlantic","Organic",14.94,0
3554,3137,2026-06-14,"Signature","Atlantic","Retail_partner",23,0
3555,894,2026-04-08,"Signature","Atlantic","Organic",21.23,0
3556,2518,2026-03-16,"Standard","Atlantic","Organic",11.63,1
3557,585,2026-01-15,"Standard","Atlantic","Organic",18.6,1
3558,2220,2026-03-14,"Signature","Atlantic","Organic",20.63,0
3559,3973,2026-01-17,"Discovery","Ontario","Search",33.94,0
3560,1539,2026-01-09,"Standard","Atlantic","Search",16.59,0
3561,664,2026-06-14,"Standard","Atlantic","Search",16.1,0
3562,3182,2026-04-19,"Standard","Atlantic","Retail_partner",17.85,0
3563,755,2026-03-27,"Standard","Ontario","Search",15.33,1
3564,2036,2026-03-16,"Discovery","Ontario","Organic",35.09,0
3565,1546,2026-02-05,"Standard","Atlantic","Search",15.28,0
3566,1293,2026-03-15,"Standard","Ontario","Search",18.02,0
3567,2212,2026-04-09,"Standard","Ontario","Social",16.61,1
3568,2684,2026-04-27,"Signature","Atlantic","Social",26.15,1
3569,2009,2026-06-16,"Standard","Atlantic","Referral",16.48,0
3570,3862,2026-04-14,"Standard","Atlantic","Search",15.05,0
3571,3888,2026-06-13,"Standard","Atlantic","Social",15.97,1
3572,1812,2026-01-26,"Standard","Atlantic","Retail_partner",16.25,0
3573,894,2026-02-23,"Standard","Atlantic","Social",15.81,0
3574,1303,2026-02-13,"Signature","Ontario","Search",25.42,0
3575,324,2026-01-25,"Standard","Atlantic","Search",15.62,0
3576,1849,2026-05-16,"Discovery","Atlantic","Social",33.6,0
3577,2106,2026-02-25,"Signature","Atlantic","Organic",18.44,1
3578,2321,2026-03-24,"Standard","Ontario","Social",18.24,0
3579,239,2026-05-18,"Standard","Atlantic","Social",17.53,0
3580,904,2026-02-17,"Discovery","Atlantic","Organic",30.86,1
3581,2205,2026-01-27,"Standard","Atlantic","Search",12.28,0
3582,2596,2026-06-21,"Standard","Atlantic","Search",13.84,0
3583,447,2026-02-05,"Standard","Atlantic","Organic",10.84,1
3584,936,2026-02-14,"Standard","Atlantic","Organic",14.77,0
3585,1093,2026-01-06,"Standard","Atlantic","Organic",16.13,1
3586,1789,2026-03-29,"Signature","Atlantic","Organic",14.49,0
3587,680,2026-02-21,"Standard","Atlantic","Retail_partner",16.83,0
3588,90,2026-04-19,"Signature","Atlantic","Social",22.21,0
3589,31,2026-05-21,"Signature","Atlantic","Organic",21.31,0
3590,3115,2026-05-26,"Standard","Atlantic","Social",14.1,0
3591,1935,2026-03-18,"Standard","Atlantic","Referral",13.79,0
3592,2196,2026-03-21,"Signature","Atlantic","Organic",25.68,0
3593,1927,2026-04-27,"Signature","Atlantic","Organic",19.7,0
3594,918,2026-03-07,"Standard","Ontario","Organic",17.39,0
3595,981,2026-03-26,"Standard","Atlantic","Referral",13.25,0
3596,1836,2026-01-08,"Standard","Atlantic","Organic",16.55,1
3597,2633,2026-01-14,"Standard","Atlantic","Social",15.87,1
3598,3865,2026-01-22,"Standard","Atlantic","Retail_partner",19.92,0
3599,3837,2026-01-28,"Standard","Ontario","Retail_partner",18.74,0
3600,1904,2026-02-04,"Signature","Atlantic","Organic",20.48,0
3601,2195,2026-06-30,"Standard","Atlantic","Search",11.98,0
3602,3801,2026-02-09,"Standard","Atlantic","Organic",16.28,1
3603,2353,2026-02-18,"Discovery","Atlantic","Search",30.58,0
3604,769,2026-05-02,"Discovery","Ontario","Referral",34.68,0
3605,326,2026-02-06,"Signature","Ontario","Search",20.95,0
3606,1778,2026-06-18,"Signature","Atlantic","Organic",28.04,0
3607,2172,2026-05-19,"Standard","Atlantic","Social",14.07,0
3608,1445,2026-06-22,"Signature","Ontario","Search",29.08,0
3609,1883,2026-03-25,"Signature","Ontario","Referral",25.05,0
3610,2554,2026-04-24,"Standard","Ontario","Organic",16.57,1
3611,31,2026-01-19,"Standard","Atlantic","Search",9.98,0
3612,1469,2026-06-12,"Discovery","Atlantic","Organic",32.26,0
3613,766,2026-01-04,"Standard","Ontario","Social",17.74,0
3614,789,2026-04-07,"Signature","Atlantic","Organic",23.75,0
3615,1930,2026-03-20,"Standard","Ontario","Organic",14.19,0
3616,1693,2026-04-10,"Discovery","Atlantic","Organic",31.44,0
3617,2869,2026-06-27,"Signature","Atlantic","Retail_partner",22.2,1
3618,3385,2026-03-03,"Standard","Atlantic","Social",14.88,0
3619,2221,2026-04-03,"Standard","Atlantic","Search",16.09,0
3620,1110,2026-01-08,"Discovery","Atlantic","Organic",32,0
3621,623,2026-06-22,"Signature","Atlantic","Social",20.15,0
3622,1704,2026-06-13,"Standard","Atlantic","Social",13.52,0
3623,3149,2026-06-01,"Signature","Atlantic","Organic",24.45,0
3624,2212,2026-06-11,"Signature","Atlantic","Search",23.55,1
3625,3399,2026-03-19,"Signature","Atlantic","Organic",24.81,0
3626,1205,2026-03-25,"Signature","Ontario","Organic",19.34,0
3627,447,2026-03-22,"Discovery","Atlantic","Organic",29.53,0
3628,3935,2026-01-28,"Standard","Atlantic","Organic",14.75,0
3629,907,2026-05-01,"Standard","Atlantic","Organic",17.34,0
3630,3758,2026-01-24,"Signature","Atlantic","Organic",23.16,0
3631,3885,2026-01-24,"Standard","Atlantic","Organic",8.54,1
3632,1424,2026-03-22,"Discovery","Atlantic","Referral",36.78,0
3633,234,2026-03-12,"Standard","Atlantic","Search",16.63,1
3634,214,2026-02-01,"Standard","Atlantic","Referral",15.65,0
3635,2705,2026-02-11,"Signature","Atlantic","Organic",26.1,0
3636,1022,2026-03-20,"Standard","Ontario","Search",13.85,1
3637,2751,2026-05-23,"Standard","Atlantic","Referral",18.12,1
3638,3452,2026-04-23,"Standard","Atlantic","Organic",18.13,0
3639,3492,2026-05-20,"Signature","Ontario","Search",22.98,0
3640,3168,2026-03-26,"Standard","Atlantic","Referral",14.36,0
3641,3425,2026-02-15,"Signature","Atlantic","Search",22.84,0
3642,277,2026-03-21,"Signature","Ontario","Referral",21.35,0
3643,1215,2026-01-03,"Standard","Atlantic","Organic",15.25,1
3644,519,2026-04-08,"Signature","Atlantic","Social",24.93,0
3645,2934,2026-04-30,"Standard","Atlantic","Social",18.69,0
3646,170,2026-01-28,"Standard","Atlantic","Search",14.94,0
3647,1277,2026-03-08,"Standard","Atlantic","Social",17.96,1
3648,666,2026-02-09,"Standard","Atlantic","Social",15.26,0
3649,2587,2026-01-12,"Discovery","Atlantic","Search",32.58,1
3650,2029,2026-06-29,"Standard","Atlantic","Search",15.12,1
3651,1920,2026-02-27,"Standard","Ontario","Retail_partner",16.29,0
3652,3584,2026-02-06,"Standard","Ontario","Organic",13.04,0
3653,3099,2026-01-07,"Signature","Atlantic","Referral",24.6,1
3654,3389,2026-03-04,"Standard","Atlantic","Search",15.62,1
3655,3226,2026-05-14,"Signature","Ontario","Referral",23.18,0
3656,1874,2026-03-05,"Standard","Ontario","Retail_partner",11.7,0
3657,2509,2026-03-11,"Discovery","Atlantic","Referral",30.4,1
3658,3206,2026-05-04,"Signature","Atlantic","Organic",18.7,0
3659,2968,2026-06-26,"Standard","Atlantic","Organic",15.97,0
3660,1235,2026-05-24,"Standard","Ontario","Search",14.8,0
3661,2003,2026-01-02,"Standard","Atlantic","Referral",13.31,0
3662,229,2026-04-06,"Standard","Atlantic","Referral",17.19,1
3663,1380,2026-04-03,"Signature","Atlantic","Retail_partner",22.31,0
3664,925,2026-04-27,"Standard","Atlantic","Organic",14.14,0
3665,3411,2026-01-28,"Standard","Atlantic","Organic",12.79,1
3666,3838,2026-01-07,"Standard","Atlantic","Retail_partner",14.97,0
3667,2246,2026-05-31,"Standard","Ontario","Referral",17.27,0
3668,3602,2026-03-20,"Discovery","Atlantic","Organic",34.98,0
3669,1384,2026-02-22,"Standard","Atlantic","Retail_partner",20.9,0
3670,3083,2026-06-04,"Signature","Ontario","Search",23.3,1
3671,3693,2026-06-10,"Signature","Atlantic","Search",23.31,0
3672,3503,2026-06-28,"Standard","Atlantic","Social",15.54,0
3673,1128,2026-01-11,"Standard","Atlantic","Social",16.91,0
3674,1861,2026-02-05,"Standard","Atlantic","Organic",15.91,1
3675,1539,2026-04-21,"Standard","Atlantic","Referral",18.1,1
3676,3498,2026-03-09,"Discovery","Atlantic","Organic",29.09,0
3677,554,2026-05-21,"Signature","Atlantic","Search",19.49,0
3678,2304,2026-03-07,"Standard","Ontario","Search",19.41,0
3679,486,2026-04-19,"Signature","Atlantic","Search",19.63,1
3680,3435,2026-04-07,"Standard","Atlantic","Organic",19.14,1
3681,1597,2026-06-26,"Discovery","Atlantic","Organic",30.66,0
3682,2713,2026-05-11,"Discovery","Atlantic","Organic",29.97,0
3683,1615,2026-05-25,"Standard","Atlantic","Search",17.17,0
3684,3547,2026-01-29,"Standard","Ontario","Organic",13.47,0
3685,1201,2026-02-10,"Signature","Ontario","Organic",21.78,0
3686,3396,2026-01-14,"Standard","Atlantic","Search",14.42,0
3687,151,2026-04-12,"Standard","Atlantic","Social",14.05,1
3688,2834,2026-01-22,"Discovery","Atlantic","Referral",29.51,0
3689,2732,2026-03-06,"Standard","Atlantic","Retail_partner",11.72,0
3690,1556,2026-01-21,"Discovery","Ontario","Social",35.74,0
3691,808,2026-02-12,"Discovery","Atlantic","Organic",33.1,0
3692,3560,2026-05-17,"Signature","Ontario","Organic",27.98,0
3693,948,2026-05-05,"Discovery","Ontario","Organic",31.88,0
3694,3879,2026-06-17,"Standard","Atlantic","Social",17.94,0
3695,3232,2026-06-02,"Standard","Atlantic","Organic",18.94,0
3696,1619,2026-01-26,"Discovery","Atlantic","Organic",33.93,0
3697,2818,2026-05-27,"Standard","Atlantic","Organic",15.45,0
3698,3377,2026-03-27,"Signature","Ontario","Organic",16.95,0
3699,43,2026-02-01,"Standard","Atlantic","Organic",17.98,1
3700,818,2026-05-02,"Signature","Atlantic","Retail_partner",22.04,0
3701,3618,2026-04-03,"Standard","Atlantic","Organic",17.37,0
3702,3266,2026-04-08,"Discovery","Ontario","Retail_partner",33.56,0
3703,3196,2026-06-28,"Standard","Atlantic","Organic",15.94,1
3704,629,2026-05-27,"Standard","Ontario","Search",11.02,0
3705,3603,2026-04-16,"Standard","Atlantic","Social",18.05,1
3706,945,2026-03-31,"Standard","Atlantic","Organic",18.37,0
3707,2655,2026-05-31,"Signature","Atlantic","Search",25.58,0
3708,652,2026-03-18,"Signature","Atlantic","Retail_partner",25.7,0
3709,2684,2026-02-21,"Standard","Atlantic","Retail_partner",11.69,1
3710,1462,2026-01-04,"Standard","Atlantic","Search",17.67,0
3711,2591,2026-04-08,"Standard","Atlantic","Search",14.61,0
3712,820,2026-02-22,"Standard","Atlantic","Organic",15.65,0
3713,2453,2026-02-11,"Signature","Atlantic","Organic",21.02,0
3714,3553,2026-01-24,"Standard","Atlantic","Organic",18.46,0
3715,168,2026-06-26,"Signature","Ontario","Social",28.57,1
3716,1056,2026-02-27,"Standard","Atlantic","Organic",14.83,1
3717,1869,2026-03-10,"Standard","Atlantic","Search",12.88,0
3718,2750,2026-05-18,"Standard","Atlantic","Organic",15.17,0
3719,1534,2026-05-04,"Standard","Atlantic","Organic",14.46,0
3720,2541,2026-06-24,"Standard","Atlantic","Referral",18.37,0
3721,3370,2026-06-09,"Standard","Atlantic","Retail_partner",13.03,0
3722,2381,2026-02-12,"Standard","Atlantic","Retail_partner",13.35,0
3723,1044,2026-02-03,"Standard","Ontario","Retail_partner",18.47,0
3724,846,2026-02-18,"Discovery","Atlantic","Referral",33.29,0
3725,2522,2026-01-24,"Standard","Atlantic","Referral",14.34,0
3726,1258,2026-01-20,"Signature","Atlantic","Search",22.54,0
3727,2359,2026-05-19,"Standard","Atlantic","Organic",13.63,1
3728,3884,2026-01-31,"Standard","Atlantic","Organic",13,1
3729,1621,2026-05-19,"Standard","Atlantic","Organic",10.76,0
3730,1551,2026-01-13,"Standard","Atlantic","Organic",17.59,0
3731,2559,2026-06-19,"Standard","Atlantic","Search",15.3,0
3732,2227,2026-01-08,"Standard","Atlantic","Organic",12.88,1
3733,3573,2026-04-01,"Standard","Ontario","Social",20.86,0
3734,3787,2026-03-08,"Standard","Atlantic","Social",12.79,0
3735,2164,2026-01-04,"Standard","Atlantic","Retail_partner",19.93,1
3736,1698,2026-01-30,"Standard","Atlantic","Organic",18.52,1
3737,3348,2026-03-28,"Signature","Atlantic","Search",22.75,0
3738,3965,2026-05-06,"Signature","Atlantic","Search",25.92,0
3739,932,2026-04-25,"Standard","Atlantic","Organic",7.64,1
3740,22,2026-05-20,"Signature","Atlantic","Referral",20.39,0
3741,2090,2026-03-31,"Signature","Atlantic","Referral",22.48,0
3742,2486,2026-05-09,"Discovery","Atlantic","Social",33.83,0
3743,3527,2026-04-16,"Standard","Atlantic","Organic",13.83,0
3744,2830,2026-05-07,"Standard","Atlantic","Search",12.44,1
3745,2268,2026-03-18,"Standard","Atlantic","Organic",6.27,0
3746,994,2026-03-09,"Standard","Atlantic","Referral",13.2,0
3747,3357,2026-06-11,"Signature","Atlantic","Organic",19.73,0
3748,1904,2026-03-27,"Signature","Atlantic","Search",24.25,0
3749,1510,2026-01-23,"Discovery","Atlantic","Retail_partner",33.94,1
3750,2382,2026-04-15,"Standard","Atlantic","Organic",11.98,1
3751,3355,2026-05-31,"Signature","Ontario","Social",22.04,1
3752,2457,2026-03-14,"Standard","Atlantic","Social",15.94,0
3753,3720,2026-04-10,"Discovery","Ontario","Referral",34.42,0
3754,64,2026-05-26,"Standard","Atlantic","Search",13.38,0
3755,154,2026-04-28,"Standard","Atlantic","Referral",14.55,0
3756,490,2026-01-22,"Standard","Atlantic","Social",12.99,1
3757,1448,2026-02-10,"Standard","Atlantic","Retail_partner",13.15,0
3758,1868,2026-01-28,"Standard","Atlantic","Search",12.19,0
3759,1535,2026-06-15,"Standard","Atlantic","Retail_partner",15.62,0
3760,1893,2026-06-23,"Standard","Ontario","Social",16.26,0
3761,3887,2026-05-29,"Standard","Ontario","Organic",16.75,0
3762,1863,2026-02-17,"Discovery","Atlantic","Social",31.75,0
3763,369,2026-06-28,"Signature","Atlantic","Referral",25.6,1
3764,1754,2026-03-30,"Discovery","Atlantic","Organic",30.56,0
3765,1792,2026-06-01,"Standard","Atlantic","Referral",15.15,0
3766,2437,2026-05-11,"Standard","Atlantic","Organic",16.97,1
3767,3827,2026-04-08,"Discovery","Atlantic","Organic",33.68,0
3768,3428,2026-06-12,"Standard","Atlantic","Organic",15.05,1
3769,1900,2026-01-05,"Discovery","Atlantic","Referral",33.8,0
3770,2766,2026-06-22,"Standard","Atlantic","Organic",16.7,1
3771,2580,2026-06-14,"Standard","Atlantic","Organic",15.27,1
3772,2712,2026-02-16,"Signature","Atlantic","Retail_partner",19.27,0
3773,2837,2026-03-23,"Standard","Atlantic","Organic",16.11,0
3774,1464,2026-06-02,"Standard","Ontario","Referral",14.54,1
3775,3067,2026-06-03,"Discovery","Atlantic","Social",31.91,0
3776,3790,2026-03-29,"Standard","Atlantic","Organic",9.77,0
3777,2628,2026-01-04,"Discovery","Ontario","Search",31.52,0
3778,2262,2026-02-23,"Standard","Atlantic","Organic",17.94,1
3779,2445,2026-05-27,"Signature","Atlantic","Organic",17.62,1
3780,1396,2026-05-28,"Signature","Ontario","Search",24.62,0
3781,1060,2026-01-21,"Standard","Atlantic","Organic",12.05,0
3782,516,2026-03-18,"Discovery","Atlantic","Organic",33.21,0
3783,812,2026-01-30,"Signature","Atlantic","Social",21.98,0
3784,636,2026-01-20,"Standard","Ontario","Organic",18.56,1
3785,806,2026-05-01,"Standard","Ontario","Referral",20.55,1
3786,858,2026-04-06,"Standard","Atlantic","Social",16.29,0
3787,105,2026-02-12,"Standard","Atlantic","Organic",17.25,0
3788,3266,2026-06-08,"Standard","Atlantic","Search",14.83,0
3789,2138,2026-03-04,"Signature","Atlantic","Search",24.48,0
3790,73,2026-03-25,"Discovery","Atlantic","Social",29.78,0
3791,2171,2026-06-20,"Standard","Atlantic","Search",19.47,0
3792,2470,2026-04-16,"Standard","Atlantic","Organic",9.64,0
3793,1619,2026-03-19,"Standard","Ontario","Organic",16.12,0
3794,499,2026-06-26,"Standard","Atlantic","Referral",11.48,0
3795,405,2026-06-17,"Standard","Ontario","Retail_partner",19.51,1
3796,1299,2026-05-28,"Standard","Ontario","Organic",13.4,1
3797,1959,2026-05-27,"Signature","Atlantic","Organic",18.88,1
3798,2649,2026-03-23,"Signature","Atlantic","Social",26.01,0
3799,2216,2026-06-19,"Discovery","Atlantic","Organic",33.24,0
3800,1455,2026-01-06,"Discovery","Ontario","Social",36.93,0
3801,1932,2026-04-12,"Standard","Ontario","Organic",13.29,0
3802,1273,2026-05-21,"Standard","Ontario","Referral",21.35,0
3803,1516,2026-05-24,"Standard","Ontario","Search",19.96,0
3804,958,2026-02-11,"Standard","Ontario","Search",15.86,1
3805,3265,2026-05-30,"Signature","Atlantic","Retail_partner",20.81,1
3806,1603,2026-06-16,"Signature","Atlantic","Retail_partner",25.07,1
3807,2037,2026-02-19,"Signature","Atlantic","Organic",22.77,1
3808,3738,2026-03-21,"Standard","Atlantic","Retail_partner",13.33,0
3809,1049,2026-03-28,"Signature","Atlantic","Referral",21.83,0
3810,2905,2026-04-15,"Standard","Atlantic","Search",17.7,0
3811,401,2026-01-16,"Standard","Atlantic","Social",18.03,0
3812,1549,2026-04-14,"Signature","Atlantic","Organic",24.1,0
3813,3144,2026-05-01,"Signature","Atlantic","Social",21.85,0
3814,288,2026-02-12,"Standard","Ontario","Referral",12.17,0
3815,3784,2026-06-16,"Standard","Ontario","Social",12.82,1
3816,1481,2026-04-26,"Standard","Ontario","Social",17.53,0
3817,1519,2026-02-28,"Standard","Ontario","Organic",15.37,0
3818,2468,2026-03-30,"Discovery","Ontario","Organic",31.69,0
3819,2756,2026-01-27,"Discovery","Atlantic","Organic",36.35,1
3820,3234,2026-04-27,"Signature","Atlantic","Organic",23.18,1
3821,1518,2026-04-23,"Standard","Atlantic","Social",18.75,0
3822,187,2026-01-24,"Standard","Atlantic","Search",17.17,0
3823,3393,2026-04-29,"Signature","Atlantic","Organic",20.89,0
3824,1789,2026-06-30,"Signature","Atlantic","Retail_partner",22.43,0
3825,1495,2026-05-03,"Standard","Atlantic","Social",19.41,0
3826,3141,2026-04-20,"Discovery","Atlantic","Search",31.47,0
3827,1591,2026-06-02,"Standard","Atlantic","Organic",18.77,1
3828,1507,2026-05-28,"Signature","Atlantic","Organic",27.4,0
3829,418,2026-06-23,"Signature","Ontario","Referral",26.09,0
3830,3982,2026-02-26,"Signature","Ontario","Social",21.53,0
3831,2823,2026-06-10,"Standard","Atlantic","Referral",19.9,0
3832,1308,2026-05-03,"Standard","Atlantic","Retail_partner",16.63,1
3833,3370,2026-03-14,"Standard","Atlantic","Organic",13.5,0
3834,2124,2026-04-13,"Signature","Atlantic","Social",21.89,0
3835,964,2026-03-07,"Signature","Atlantic","Search",24.35,0
3836,2904,2026-03-18,"Signature","Ontario","Organic",25.86,0
3837,559,2026-01-09,"Standard","Atlantic","Organic",14.84,1
3838,854,2026-01-24,"Signature","Ontario","Referral",23.91,0
3839,2555,2026-01-22,"Signature","Atlantic","Organic",23.82,0
3840,2173,2026-04-29,"Signature","Ontario","Organic",24.4,0
3841,2199,2026-05-24,"Standard","Atlantic","Social",13.55,0
3842,2869,2026-05-14,"Standard","Atlantic","Organic",11.71,0
3843,2945,2026-04-19,"Standard","Atlantic","Retail_partner",14.47,0
3844,681,2026-02-15,"Standard","Ontario","Search",15.18,0
3845,2443,2026-06-06,"Standard","Atlantic","Retail_partner",13.49,0
3846,838,2026-05-15,"Signature","Atlantic","Social",21.57,0
3847,383,2026-07-01,"Standard","Atlantic","Search",14.52,0
3848,3300,2026-04-27,"Signature","Atlantic","Organic",23.78,0
3849,2707,2026-02-08,"Standard","Atlantic","Referral",14.6,1
3850,534,2026-04-21,"Standard","Ontario","Social",17.03,1
3851,2388,2026-02-23,"Standard","Atlantic","Organic",18.36,0
3852,1228,2026-01-09,"Signature","Atlantic","Organic",25.56,1
3853,2295,2026-06-26,"Standard","Atlantic","Organic",12.6,0
3854,2752,2026-03-09,"Standard","Ontario","Retail_partner",12.7,1
3855,862,2026-06-10,"Standard","Ontario","Organic",14.03,0
3856,2293,2026-06-28,"Discovery","Atlantic","Referral",30.84,0
3857,181,2026-03-14,"Signature","Atlantic","Social",20.09,0
3858,1239,2026-06-17,"Standard","Atlantic","Social",16.73,0
3859,131,2026-02-07,"Standard","Atlantic","Search",11.73,0
3860,1189,2026-05-04,"Standard","Atlantic","Referral",13.99,0
3861,2457,2026-05-15,"Signature","Atlantic","Referral",19.33,0
3862,339,2026-05-22,"Discovery","Ontario","Search",30.8,0
3863,695,2026-01-10,"Standard","Atlantic","Social",16.23,0
3864,579,2026-03-10,"Standard","Atlantic","Search",15.64,0
3865,1637,2026-06-03,"Standard","Atlantic","Organic",19.86,0
3866,423,2026-03-06,"Standard","Atlantic","Social",23.37,1
3867,3066,2026-05-26,"Standard","Atlantic","Organic",10.22,0
3868,3675,2026-02-26,"Signature","Atlantic","Search",28.29,0
3869,1595,2026-06-12,"Standard","Atlantic","Social",11.95,1
3870,3758,2026-05-07,"Standard","Atlantic","Organic",10.63,0
3871,1481,2026-04-02,"Signature","Atlantic","Social",24.4,0
3872,2863,2026-05-28,"Standard","Atlantic","Organic",16.33,0
3873,966,2026-02-25,"Standard","Ontario","Organic",17.01,1
3874,603,2026-01-03,"Signature","Atlantic","Organic",22.63,0
3875,3484,2026-05-02,"Standard","Atlantic","Social",16.96,1
3876,3993,2026-06-03,"Signature","Atlantic","Organic",20.18,0
3877,2147,2026-02-10,"Signature","Atlantic","Social",22.59,1
3878,1219,2026-05-04,"Standard","Atlantic","Organic",11.28,0
3879,3092,2026-01-16,"Signature","Atlantic","Organic",21.62,0
3880,2614,2026-01-06,"Signature","Atlantic","Social",24.32,0
3881,3923,2026-02-07,"Signature","Atlantic","Organic",22.71,0
3882,473,2026-03-18,"Signature","Ontario","Organic",23.09,0
3883,3157,2026-05-04,"Standard","Atlantic","Organic",16.7,0
3884,3243,2026-04-02,"Standard","Atlantic","Referral",17.82,0
3885,2241,2026-06-04,"Standard","Atlantic","Organic",12.39,1
3886,176,2026-03-16,"Standard","Atlantic","Referral",17.28,1
3887,544,2026-04-21,"Standard","Ontario","Referral",9.15,0
3888,341,2026-01-30,"Signature","Atlantic","Referral",23.43,0
3889,2382,2026-02-19,"Discovery","Atlantic","Retail_partner",32.09,0
3890,3150,2026-04-27,"Signature","Atlantic","Search",18.95,0
3891,3347,2026-04-27,"Standard","Atlantic","Referral",18.64,0
3892,3962,2026-03-21,"Signature","Atlantic","Social",21.97,0
3893,1001,2026-03-07,"Standard","Atlantic","Retail_partner",14.73,0
3894,174,2026-05-15,"Standard","Atlantic","Organic",15.48,1
3895,3975,2026-01-08,"Standard","Atlantic","Social",18.57,0
3896,2827,2026-01-22,"Standard","Atlantic","Organic",17.71,0
3897,2267,2026-02-13,"Standard","Ontario","Referral",12.95,0
3898,2823,2026-03-01,"Standard","Atlantic","Search",17.52,0
3899,2851,2026-06-12,"Standard","Atlantic","Organic",10.97,1
3900,512,2026-04-30,"Standard","Atlantic","Referral",11.3,1
3901,967,2026-04-07,"Signature","Atlantic","Organic",24.32,0
3902,3945,2026-03-20,"Signature","Ontario","Organic",21.41,0
3903,1124,2026-03-09,"Signature","Atlantic","Search",21.23,0
3904,2110,2026-01-21,"Standard","Atlantic","Organic",19.24,0
3905,1905,2026-03-27,"Standard","Atlantic","Social",17.54,0
3906,174,2026-02-27,"Standard","Ontario","Referral",17.77,0
3907,3202,2026-01-21,"Signature","Atlantic","Social",20.62,0
3908,375,2026-05-09,"Discovery","Ontario","Retail_partner",35.61,0
3909,3333,2026-06-14,"Standard","Atlantic","Social",15.56,0
3910,3611,2026-03-18,"Standard","Atlantic","Search",17.64,0
3911,2756,2026-02-26,"Discovery","Ontario","Social",31.31,0
3912,2690,2026-02-27,"Standard","Ontario","Retail_partner",15.56,1
3913,1149,2026-04-27,"Standard","Atlantic","Social",15.8,0
3914,2375,2026-02-28,"Signature","Ontario","Organic",23.8,0
3915,3267,2026-05-07,"Discovery","Atlantic","Organic",31.87,0
3916,2507,2026-04-01,"Standard","Atlantic","Referral",13.2,0
3917,1833,2026-01-15,"Signature","Atlantic","Organic",22.7,1
3918,2639,2026-04-25,"Signature","Atlantic","Referral",21.07,0
3919,1429,2026-01-12,"Standard","Ontario","Social",15.52,0
3920,1740,2026-01-25,"Standard","Atlantic","Retail_partner",12.39,0
3921,1054,2026-03-08,"Signature","Atlantic","Retail_partner",25.05,0
3922,1168,2026-03-14,"Signature","Atlantic","Organic",25.39,0
3923,50,2026-05-09,"Standard","Atlantic","Social",17.06,0
3924,3019,2026-06-03,"Standard","Atlantic","Organic",15.7,0
3925,2122,2026-01-23,"Discovery","Atlantic","Organic",32.51,1
3926,1701,2026-06-18,"Discovery","Atlantic","Retail_partner",33.52,1
3927,2483,2026-02-27,"Signature","Atlantic","Search",25.4,0
3928,3857,2026-02-28,"Standard","Ontario","Referral",10.86,0
3929,962,2026-02-23,"Standard","Atlantic","Organic",15.31,1
3930,2970,2026-04-09,"Discovery","Atlantic","Search",36,0
3931,1294,2026-03-22,"Signature","Atlantic","Organic",22.28,0
3932,2483,2026-04-24,"Signature","Atlantic","Referral",24.48,0
3933,3360,2026-01-31,"Standard","Atlantic","Retail_partner",13.02,0
3934,316,2026-05-02,"Signature","Atlantic","Organic",23.5,0
3935,1747,2026-04-08,"Standard","Atlantic","Referral",16.76,1
3936,1231,2026-06-25,"Standard","Atlantic","Search",15.82,1
3937,120,2026-06-10,"Standard","Ontario","Social",17.73,1
3938,1605,2026-05-09,"Standard","Atlantic","Search",17.29,0
3939,3437,2026-02-13,"Signature","Atlantic","Search",24.97,0
3940,2939,2026-03-31,"Standard","Ontario","Social",13.27,0
3941,701,2026-01-14,"Standard","Ontario","Retail_partner",17.24,1
3942,1448,2026-05-20,"Discovery","Atlantic","Organic",31.73,0
3943,3296,2026-06-08,"Standard","Ontario","Search",14.29,0
3944,1869,2026-04-08,"Standard","Atlantic","Organic",16.15,1
3945,222,2026-01-23,"Standard","Ontario","Referral",14.45,0
3946,3128,2026-04-24,"Signature","Atlantic","Social",21.04,0
3947,2971,2026-02-24,"Discovery","Atlantic","Organic",31.09,0
3948,2204,2026-04-17,"Signature","Atlantic","Social",21.25,0
3949,2743,2026-04-22,"Standard","Atlantic","Search",15.56,0
3950,569,2026-02-23,"Signature","Ontario","Organic",21.15,1
3951,701,2026-04-12,"Standard","Atlantic","Search",14.81,0
3952,653,2026-06-08,"Standard","Atlantic","Organic",15.2,1
3953,656,2026-01-24,"Signature","Atlantic","Referral",22.02,0
3954,3405,2026-05-09,"Standard","Atlantic","Organic",14.27,0
3955,2477,2026-01-22,"Discovery","Atlantic","Search",31.68,1
3956,1052,2026-04-16,"Standard","Atlantic","Organic",11.18,0
3957,2976,2026-04-02,"Standard","Atlantic","Search",15.04,1
3958,3712,2026-04-04,"Discovery","Ontario","Organic",31.62,0
3959,3613,2026-05-19,"Standard","Atlantic","Search",5.26,0
3960,2978,2026-04-05,"Signature","Atlantic","Referral",23.47,0
3961,3492,2026-04-30,"Standard","Atlantic","Organic",18.56,0
3962,1935,2026-03-12,"Signature","Ontario","Organic",25.09,0
3963,2084,2026-03-14,"Standard","Atlantic","Organic",14.33,0
3964,3070,2026-03-04,"Signature","Atlantic","Retail_partner",26.88,0
3965,1878,2026-05-24,"Signature","Atlantic","Organic",24.67,0
3966,747,2026-05-22,"Standard","Atlantic","Social",11,0
3967,1049,2026-02-19,"Standard","Atlantic","Organic",16.12,1
3968,3263,2026-03-02,"Standard","Ontario","Social",11.15,0
3969,3314,2026-05-23,"Standard","Atlantic","Social",14.54,0
3970,118,2026-03-19,"Signature","Atlantic","Organic",26.01,0
3971,825,2026-05-30,"Signature","Ontario","Organic",24.41,1
3972,279,2026-04-17,"Standard","Ontario","Search",16.91,1
3973,1041,2026-03-18,"Signature","Ontario","Search",21.91,0
3974,2535,2026-05-23,"Standard","Atlantic","Social",15.62,0
3975,2813,2026-01-06,"Standard","Ontario","Organic",14.28,1
3976,640,2026-03-21,"Standard","Ontario","Referral",18,1
3977,2123,2026-06-23,"Signature","Atlantic","Retail_partner",21.22,0
3978,2795,2026-01-16,"Standard","Atlantic","Organic",13.34,1
3979,3445,2026-06-25,"Signature","Atlantic","Referral",23.97,0
3980,848,2026-02-23,"Discovery","Atlantic","Retail_partner",34.84,0
3981,2790,2026-05-14,"Standard","Atlantic","Social",12.83,0
3982,3218,2026-06-27,"Signature","Atlantic","Referral",22.17,0
3983,2387,2026-04-13,"Standard","Atlantic","Social",18.75,0
3984,3026,2026-05-27,"Signature","Atlantic","Organic",25.68,0
3985,2679,2026-04-02,"Signature","Ontario","Social",26.71,0
3986,672,2026-05-25,"Signature","Atlantic","Organic",21.08,0
3987,969,2026-04-07,"Standard","Ontario","Referral",11.39,0
3988,554,2026-05-31,"Standard","Ontario","Search",16.44,0
3989,2948,2026-06-03,"Signature","Atlantic","Organic",20.99,0
3990,354,2026-03-03,"Standard","Atlantic","Social",14.96,0
3991,3587,2026-06-26,"Standard","Atlantic","Organic",18.96,0
3992,80,2026-04-12,"Standard","Atlantic","Organic",14.1,0
3993,2857,2026-03-02,"Discovery","Atlantic","Organic",31.21,0
3994,487,2026-06-03,"Standard","Atlantic","Organic",14.19,0
3995,1583,2026-02-06,"Standard","Atlantic","Organic",20.29,1
3996,3837,2026-03-18,"Standard","Atlantic","Referral",15.46,0
3997,2369,2026-02-08,"Standard","Atlantic","Search",17.31,0
3998,1149,2026-04-06,"Signature","Atlantic","Search",24.73,0
3999,3520,2026-01-22,"Signature","Atlantic","Retail_partner",22.92,0
4000,980,2026-05-31,"Signature","Atlantic","Social",28.68,0
4001,3872,2026-01-29,"Standard","Atlantic","Search",14.76,0
4002,2014,2026-04-05,"Standard","Atlantic","Referral",17.01,0
4003,1557,2026-05-25,"Discovery","Atlantic","Search",37.14,0
4004,3508,2026-02-13,"Standard","Atlantic","Referral",11.91,1
4005,2190,2026-02-19,"Standard","Atlantic","Organic",16.64,1
4006,2249,2026-05-27,"Standard","Ontario","Search",18.26,0
4007,1015,2026-02-04,"Signature","Atlantic","Referral",25.41,0
4008,731,2026-04-21,"Signature","Atlantic","Search",29.28,0
4009,1185,2026-06-25,"Standard","Atlantic","Retail_partner",15.31,0
4010,3677,2026-03-10,"Standard","Atlantic","Social",15.59,0
4011,2551,2026-03-29,"Standard","Atlantic","Organic",13.14,1
4012,2734,2026-01-25,"Standard","Atlantic","Organic",13.18,0
4013,521,2026-05-16,"Standard","Atlantic","Organic",11.87,1
4014,1287,2026-05-02,"Standard","Atlantic","Organic",12.33,0
4015,646,2026-04-13,"Standard","Atlantic","Social",16.93,1
4016,200,2026-01-07,"Standard","Atlantic","Search",16.36,1
4017,1317,2026-06-07,"Standard","Atlantic","Organic",17.07,0
4018,3455,2026-03-28,"Standard","Atlantic","Social",19.5,0
4019,276,2026-06-20,"Signature","Atlantic","Organic",18.21,0
4020,2920,2026-02-24,"Standard","Ontario","Search",13.43,0
4021,2462,2026-03-03,"Standard","Atlantic","Search",16.83,0
4022,95,2026-05-25,"Standard","Atlantic","Social",15.41,1
4023,675,2026-02-22,"Discovery","Atlantic","Organic",35.06,1
4024,462,2026-04-08,"Standard","Atlantic","Organic",15.92,0
4025,1701,2026-03-14,"Signature","Atlantic","Retail_partner",22.8,0
4026,3276,2026-05-27,"Standard","Atlantic","Organic",15.51,0
4027,444,2026-05-24,"Standard","Atlantic","Referral",14.1,1
4028,697,2026-05-22,"Standard","Atlantic","Retail_partner",19.33,0
4029,924,2026-06-25,"Discovery","Atlantic","Search",30.54,0
4030,2106,2026-03-06,"Standard","Ontario","Search",18.03,0
4031,215,2026-02-07,"Standard","Atlantic","Organic",13.21,0
4032,1666,2026-05-30,"Discovery","Atlantic","Organic",29.76,0
4033,597,2026-01-27,"Standard","Ontario","Social",18.68,1
4034,2784,2026-03-28,"Discovery","Atlantic","Organic",32.85,0
4035,1441,2026-04-28,"Standard","Atlantic","Organic",13.62,0
4036,2799,2026-05-06,"Standard","Atlantic","Organic",16.81,0
4037,39,2026-05-08,"Signature","Atlantic","Referral",21.82,1
4038,1433,2026-05-21,"Standard","Atlantic","Organic",16.5,1
4039,3253,2026-06-10,"Standard","Atlantic","Organic",16.89,0
4040,1271,2026-04-23,"Standard","Atlantic","Social",17.59,0
4041,648,2026-02-22,"Standard","Atlantic","Organic",15.71,0
4042,3400,2026-02-16,"Discovery","Atlantic","Social",33.24,0
4043,3802,2026-05-20,"Standard","Atlantic","Organic",17.47,0
4044,3736,2026-06-02,"Standard","Atlantic","Organic",13.03,1
4045,1652,2026-01-31,"Signature","Atlantic","Social",26.62,0
4046,7,2026-06-14,"Standard","Atlantic","Social",19.11,1
4047,2363,2026-01-03,"Standard","Atlantic","Social",14.58,0
4048,168,2026-04-18,"Signature","Atlantic","Organic",22.66,1
4049,3622,2026-03-23,"Standard","Atlantic","Search",15.1,0
4050,385,2026-01-26,"Standard","Atlantic","Organic",17.42,0
4051,2381,2026-02-27,"Standard","Atlantic","Social",13.87,0
4052,2024,2026-04-02,"Standard","Atlantic","Referral",11.51,0
4053,3649,2026-06-15,"Signature","Atlantic","Organic",19.84,1
4054,3541,2026-05-22,"Signature","Atlantic","Referral",23.42,0
4055,888,2026-01-13,"Signature","Atlantic","Search",17.46,0
4056,1463,2026-01-04,"Standard","Atlantic","Social",14.93,0
4057,3980,2026-03-03,"Discovery","Atlantic","Social",31.36,0
4058,2790,2026-01-03,"Discovery","Atlantic","Retail_partner",34.04,0
4059,2852,2026-01-23,"Standard","Atlantic","Search",18.47,1
4060,1159,2026-04-10,"Discovery","Atlantic","Organic",29.93,0
4061,1874,2026-02-14,"Signature","Ontario","Retail_partner",21.03,0
4062,1376,2026-04-26,"Standard","Atlantic","Search",17.26,0
4063,2657,2026-03-18,"Signature","Atlantic","Retail_partner",17.54,0
4064,781,2026-01-17,"Discovery","Atlantic","Referral",33.85,0
4065,2924,2026-04-09,"Signature","Atlantic","Social",17.81,0
4066,1913,2026-06-21,"Standard","Ontario","Search",17.64,1
4067,775,2026-01-01,"Signature","Ontario","Organic",20.44,1
4068,2937,2026-04-28,"Standard","Atlantic","Social",15.9,0
4069,1639,2026-06-08,"Standard","Ontario","Organic",16.77,0
4070,285,2026-06-16,"Standard","Atlantic","Organic",20.54,1
4071,1025,2026-04-29,"Discovery","Atlantic","Referral",37.91,0
4072,220,2026-03-20,"Standard","Atlantic","Organic",14.28,1
4073,2630,2026-05-22,"Standard","Ontario","Social",15.7,0
4074,2765,2026-01-29,"Standard","Ontario","Search",11.87,1
4075,3682,2026-02-10,"Standard","Atlantic","Organic",13.24,0
4076,1268,2026-06-24,"Standard","Ontario","Organic",17.73,1
4077,1802,2026-01-03,"Standard","Ontario","Organic",15.04,0
4078,508,2026-06-16,"Standard","Ontario","Social",14.18,0
4079,3183,2026-06-30,"Standard","Atlantic","Search",17.15,0
4080,1529,2026-01-03,"Signature","Atlantic","Search",21.94,0
4081,1123,2026-05-20,"Standard","Atlantic","Organic",14.01,1
4082,3412,2026-06-12,"Standard","Atlantic","Organic",18.21,1
4083,1162,2026-03-26,"Signature","Atlantic","Organic",25.42,0
4084,3307,2026-01-26,"Signature","Atlantic","Search",20.97,0
4085,2079,2026-01-28,"Standard","Atlantic","Social",12.38,0
4086,483,2026-02-11,"Discovery","Atlantic","Retail_partner",31.13,0
4087,1284,2026-04-25,"Discovery","Atlantic","Referral",27.32,0
4088,1382,2026-06-26,"Standard","Atlantic","Retail_partner",12.28,0
4089,614,2026-06-19,"Standard","Atlantic","Social",15.28,0
4090,2971,2026-02-04,"Standard","Ontario","Social",17.03,0
4091,627,2026-05-24,"Standard","Atlantic","Organic",11.36,1
4092,2499,2026-04-08,"Discovery","Atlantic","Organic",31.89,0
4093,3340,2026-01-30,"Signature","Atlantic","Social",21.71,0
4094,889,2026-02-08,"Discovery","Atlantic","Retail_partner",32,0
4095,974,2026-06-29,"Discovery","Atlantic","Referral",34.09,1
4096,2508,2026-01-16,"Discovery","Atlantic","Organic",33.37,0
4097,2311,2026-03-18,"Discovery","Atlantic","Retail_partner",29.92,0
4098,574,2026-05-16,"Standard","Ontario","Search",13.57,0
4099,3276,2026-04-27,"Standard","Atlantic","Organic",11.55,0
4100,1016,2026-03-24,"Signature","Atlantic","Social",19.42,0
4101,1928,2026-05-23,"Standard","Atlantic","Organic",14.19,1
4102,2481,2026-04-15,"Standard","Ontario","Organic",12.12,0
4103,3018,2026-01-07,"Signature","Atlantic","Organic",17.54,0
4104,451,2026-04-03,"Standard","Atlantic","Search",12.84,1
4105,2311,2026-05-11,"Discovery","Atlantic","Referral",33.41,0
4106,3550,2026-05-24,"Signature","Atlantic","Social",25.79,1
4107,847,2026-05-22,"Standard","Atlantic","Referral",18.79,1
4108,3178,2026-01-02,"Standard","Atlantic","Search",13.38,0
4109,2257,2026-05-28,"Signature","Ontario","Search",23.65,0
4110,2383,2026-03-04,"Standard","Atlantic","Social",11.01,1
4111,2704,2026-03-28,"Standard","Atlantic","Search",18.02,1
4112,2933,2026-02-01,"Standard","Atlantic","Organic",17.74,1
4113,2145,2026-03-03,"Standard","Atlantic","Organic",15.78,1
4114,2624,2026-03-11,"Standard","Atlantic","Search",19.9,1
4115,443,2026-05-10,"Standard","Ontario","Referral",17.38,0
4116,3417,2026-02-19,"Standard","Atlantic","Search",16.36,1
4117,3694,2026-06-09,"Signature","Atlantic","Social",21.1,0
4118,2739,2026-04-27,"Signature","Atlantic","Organic",22.99,0
4119,2836,2026-02-23,"Standard","Atlantic","Search",13.31,0
4120,3764,2026-02-09,"Standard","Atlantic","Social",14.58,0
4121,3353,2026-05-25,"Standard","Atlantic","Social",16.39,0
4122,528,2026-01-21,"Standard","Atlantic","Social",13.92,0
4123,682,2026-04-20,"Standard","Atlantic","Social",19.32,0
4124,399,2026-01-16,"Signature","Atlantic","Search",24.73,1
4125,2089,2026-03-21,"Signature","Atlantic","Social",22.23,0
4126,3747,2026-05-09,"Standard","Atlantic","Organic",12.07,0
4127,1070,2026-03-16,"Standard","Atlantic","Social",19.91,0
4128,2224,2026-05-23,"Standard","Atlantic","Social",12.87,0
4129,1224,2026-02-10,"Standard","Atlantic","Organic",15.24,1
4130,1739,2026-03-06,"Signature","Atlantic","Referral",24.33,1
4131,3473,2026-01-25,"Standard","Atlantic","Retail_partner",16.87,0
4132,598,2026-04-13,"Standard","Atlantic","Organic",12.46,0
4133,2386,2026-06-07,"Standard","Ontario","Social",16.16,0
4134,1247,2026-05-03,"Signature","Atlantic","Organic",17.87,0
4135,3785,2026-01-21,"Standard","Ontario","Retail_partner",19.54,0
4136,3035,2026-06-17,"Signature","Ontario","Search",29.35,0
4137,3261,2026-02-02,"Standard","Atlantic","Organic",17.76,0
4138,2658,2026-03-05,"Signature","Atlantic","Referral",19.72,0
4139,138,2026-01-01,"Standard","Atlantic","Social",17.26,0
4140,661,2026-03-20,"Standard","Atlantic","Organic",16.53,0
4141,2226,2026-02-07,"Signature","Atlantic","Social",21.06,0
4142,331,2026-01-18,"Standard","Atlantic","Search",12.28,1
4143,2992,2026-05-19,"Standard","Atlantic","Organic",16.7,0
4144,918,2026-03-05,"Standard","Ontario","Search",15.34,1
4145,661,2026-01-23,"Standard","Ontario","Organic",14.32,0
4146,974,2026-06-18,"Standard","Atlantic","Social",12.75,1
4147,211,2026-03-22,"Standard","Atlantic","Organic",12.27,0
4148,1062,2026-05-29,"Standard","Atlantic","Social",14.69,0
4149,1770,2026-04-29,"Standard","Atlantic","Referral",10.29,0
4150,544,2026-02-26,"Signature","Atlantic","Search",21.75,0
4151,874,2026-01-31,"Signature","Atlantic","Referral",23.24,0
4152,1594,2026-04-27,"Discovery","Ontario","Referral",37.17,0
4153,2672,2026-02-02,"Standard","Atlantic","Search",12.85,0
4154,2315,2026-04-08,"Discovery","Atlantic","Search",34.56,0
4155,965,2026-04-11,"Signature","Ontario","Organic",22.94,0
4156,2239,2026-01-19,"Standard","Atlantic","Social",17.32,0
4157,1832,2026-06-22,"Standard","Atlantic","Social",13.59,0
4158,652,2026-02-24,"Standard","Atlantic","Search",17.15,1
4159,1672,2026-06-23,"Standard","Atlantic","Organic",17.62,1
4160,271,2026-05-23,"Signature","Atlantic","Referral",22.41,0
4161,3783,2026-01-08,"Standard","Atlantic","Search",17.9,0
4162,411,2026-02-04,"Standard","Atlantic","Social",21.27,0
4163,438,2026-04-11,"Standard","Atlantic","Organic",15.4,0
4164,1852,2026-02-22,"Signature","Atlantic","Organic",20.22,0
4165,2639,2026-06-13,"Standard","Atlantic","Organic",14.72,1
4166,413,2026-04-01,"Signature","Atlantic","Social",18.83,0
4167,2013,2026-01-26,"Standard","Atlantic","Organic",11.98,1
4168,3363,2026-06-13,"Signature","Atlantic","Social",20.15,0
4169,617,2026-01-19,"Standard","Ontario","Organic",15.54,0
4170,1682,2026-05-18,"Signature","Atlantic","Organic",22.95,0
4171,270,2026-06-30,"Standard","Ontario","Retail_partner",15.53,1
4172,3671,2026-02-22,"Signature","Ontario","Search",23.51,0
4173,3724,2026-04-26,"Signature","Atlantic","Search",24.31,0
4174,2505,2026-03-31,"Signature","Ontario","Search",24.96,1
4175,3594,2026-06-11,"Signature","Atlantic","Organic",23,0
4176,2644,2026-03-16,"Standard","Atlantic","Retail_partner",12.91,0
4177,1048,2026-04-12,"Standard","Ontario","Organic",15.29,0
4178,943,2026-01-29,"Standard","Atlantic","Organic",16.59,0
4179,1831,2026-03-01,"Discovery","Atlantic","Social",28.26,0
4180,3701,2026-02-17,"Standard","Atlantic","Organic",13.04,0
4181,979,2026-01-05,"Standard","Atlantic","Organic",15.29,0
4182,2466,2026-04-02,"Signature","Atlantic","Search",23.8,0
4183,3931,2026-05-11,"Standard","Atlantic","Social",17.67,0
4184,888,2026-05-10,"Standard","Atlantic","Search",19.89,0
4185,1633,2026-04-11,"Standard","Atlantic","Social",17.83,1
4186,1251,2026-05-18,"Standard","Atlantic","Referral",16.57,1
4187,1457,2026-06-30,"Standard","Atlantic","Referral",13.13,1
4188,2931,2026-05-17,"Standard","Atlantic","Social",15.56,0
4189,3316,2026-05-26,"Standard","Atlantic","Organic",14.57,0
4190,3382,2026-03-30,"Signature","Ontario","Organic",22.8,1
4191,2310,2026-01-16,"Discovery","Atlantic","Organic",28.22,0
4192,1239,2026-02-11,"Standard","Atlantic","Organic",12.43,0
4193,1432,2026-05-07,"Signature","Ontario","Social",22.51,0
4194,1770,2026-03-08,"Standard","Atlantic","Organic",15.38,0
4195,25,2026-05-29,"Signature","Atlantic","Search",25.73,0
4196,1148,2026-06-30,"Standard","Atlantic","Social",16.66,0
4197,584,2026-04-08,"Signature","Atlantic","Referral",25.28,0
4198,2768,2026-05-25,"Signature","Atlantic","Social",25.66,1
4199,388,2026-01-06,"Signature","Ontario","Search",21.93,0
4200,3074,2026-02-07,"Signature","Atlantic","Organic",21.76,0
4201,1277,2026-06-03,"Signature","Atlantic","Organic",23.67,0
4202,1409,2026-04-19,"Standard","Atlantic","Social",14.79,0
4203,1612,2026-02-27,"Standard","Atlantic","Referral",17.98,1
4204,2755,2026-02-11,"Signature","Atlantic","Organic",21.63,1
4205,1590,2026-07-01,"Standard","Atlantic","Organic",13.21,1
4206,285,2026-03-01,"Signature","Ontario","Search",21.96,0
4207,3718,2026-06-03,"Standard","Atlantic","Social",15.91,0
4208,411,2026-03-27,"Standard","Atlantic","Social",16.36,0
4209,521,2026-01-24,"Signature","Ontario","Referral",23.95,0
4210,2419,2026-07-01,"Standard","Ontario","Organic",18.06,0
4211,1344,2026-04-12,"Signature","Atlantic","Search",22.91,0
4212,1676,2026-04-18,"Standard","Ontario","Organic",16.08,0
4213,633,2026-02-28,"Signature","Ontario","Organic",23.82,1
4214,888,2026-06-01,"Standard","Atlantic","Organic",13.7,0
4215,3522,2026-01-08,"Signature","Atlantic","Retail_partner",24.63,0
4216,1503,2026-05-15,"Signature","Atlantic","Organic",23.75,1
4217,648,2026-03-28,"Standard","Atlantic","Organic",12.7,1
4218,2582,2026-05-06,"Signature","Atlantic","Social",24.33,0
4219,2366,2026-02-14,"Signature","Atlantic","Retail_partner",20.89,1
4220,3247,2026-02-16,"Standard","Atlantic","Organic",15.66,0
4221,2046,2026-01-31,"Standard","Atlantic","Social",18.17,0
4222,688,2026-03-22,"Signature","Atlantic","Organic",24.36,0
4223,3208,2026-02-28,"Discovery","Atlantic","Referral",31.12,0
4224,3519,2026-02-09,"Standard","Atlantic","Organic",14.15,1
4225,960,2026-02-06,"Signature","Ontario","Social",22.51,0
4226,11,2026-02-01,"Discovery","Atlantic","Referral",27.68,0
4227,2980,2026-01-24,"Signature","Atlantic","Referral",20.66,1
4228,943,2026-02-21,"Standard","Atlantic","Search",18.85,0
4229,829,2026-05-29,"Standard","Ontario","Organic",13.25,1
4230,3251,2026-02-25,"Standard","Atlantic","Social",10.59,0
4231,1064,2026-02-26,"Standard","Ontario","Organic",16.4,0
4232,3754,2026-01-17,"Discovery","Atlantic","Social",30.51,0
4233,397,2026-03-26,"Signature","Atlantic","Social",22.81,0
4234,3294,2026-05-29,"Discovery","Ontario","Organic",33.43,0
4235,3038,2026-03-22,"Signature","Atlantic","Search",20.9,0
4236,2234,2026-03-10,"Signature","Ontario","Referral",23.21,0
4237,2523,2026-01-21,"Standard","Ontario","Referral",13.05,0
4238,154,2026-01-05,"Signature","Atlantic","Organic",24.84,0
4239,3398,2026-01-10,"Standard","Atlantic","Social",14.31,0
4240,3012,2026-04-29,"Signature","Atlantic","Organic",20.06,0
4241,3565,2026-06-25,"Standard","Atlantic","Organic",16.09,1
4242,141,2026-05-28,"Standard","Atlantic","Referral",17.1,0
4243,3447,2026-02-21,"Standard","Atlantic","Organic",18.03,0
4244,1872,2026-04-19,"Standard","Ontario","Retail_partner",14.95,0
4245,2466,2026-05-15,"Standard","Atlantic","Social",12.84,1
4246,3865,2026-06-23,"Signature","Atlantic","Retail_partner",20.08,0
4247,772,2026-04-12,"Signature","Ontario","Social",22.15,0
4248,1491,2026-02-04,"Signature","Atlantic","Search",24.33,0
4249,1182,2026-02-09,"Standard","Atlantic","Retail_partner",15.32,0
4250,54,2026-04-01,"Standard","Atlantic","Organic",19.59,0
4251,2061,2026-03-22,"Discovery","Atlantic","Retail_partner",32.75,0
4252,2223,2026-02-27,"Standard","Atlantic","Social",13.25,0
4253,1712,2026-02-28,"Signature","Atlantic","Social",19.16,0
4254,253,2026-01-08,"Signature","Atlantic","Organic",26.16,0
4255,3128,2026-03-02,"Standard","Atlantic","Social",14.81,0
4256,1833,2026-02-07,"Standard","Ontario","Organic",13.52,0
4257,3689,2026-05-18,"Standard","Atlantic","Search",18,0
4258,175,2026-03-15,"Signature","Atlantic","Social",20.94,0
4259,132,2026-05-16,"Signature","Atlantic","Social",18.65,0
4260,1683,2026-01-27,"Standard","Ontario","Social",10.45,0
4261,1649,2026-02-06,"Standard","Atlantic","Referral",13.63,0
4262,3525,2026-02-18,"Standard","Atlantic","Retail_partner",13.95,0
4263,626,2026-03-26,"Standard","Atlantic","Retail_partner",14.08,0
4264,3844,2026-02-05,"Standard","Atlantic","Organic",14.03,1
4265,3603,2026-03-02,"Standard","Atlantic","Organic",14.43,1
4266,1238,2026-04-15,"Standard","Atlantic","Organic",12.87,1
4267,3506,2026-02-15,"Signature","Atlantic","Organic",23.06,0
4268,2122,2026-01-17,"Standard","Atlantic","Social",15.48,0
4269,1330,2026-03-18,"Discovery","Atlantic","Search",32.32,0
4270,1238,2026-06-18,"Standard","Ontario","Search",15.73,0
4271,1855,2026-02-02,"Standard","Atlantic","Retail_partner",9.71,0
4272,665,2026-04-07,"Discovery","Atlantic","Search",28.65,0
4273,419,2026-06-15,"Standard","Atlantic","Organic",13.84,0
4274,3560,2026-02-15,"Standard","Atlantic","Search",13.89,0
4275,3209,2026-01-11,"Standard","Atlantic","Search",18.39,0
4276,3139,2026-01-22,"Discovery","Atlantic","Social",33.58,0
4277,3653,2026-05-24,"Standard","Atlantic","Organic",12.72,0
4278,1603,2026-06-26,"Standard","Ontario","Social",19.58,0
4279,1626,2026-02-09,"Discovery","Atlantic","Organic",34.43,0
4280,1368,2026-02-24,"Standard","Ontario","Organic",14.41,0
4281,299,2026-06-30,"Standard","Atlantic","Referral",14.97,0
4282,3770,2026-01-15,"Signature","Atlantic","Referral",23.1,0
4283,525,2026-03-09,"Signature","Atlantic","Referral",25.32,0
4284,1270,2026-02-09,"Signature","Atlantic","Retail_partner",21.99,0
4285,2776,2026-01-02,"Signature","Atlantic","Search",27.38,1
4286,3688,2026-02-12,"Signature","Atlantic","Search",26.04,0
4287,2663,2026-06-30,"Standard","Atlantic","Referral",11.66,0
4288,1713,2026-03-31,"Standard","Atlantic","Social",17.26,0
4289,1774,2026-01-05,"Standard","Atlantic","Organic",15.97,0
4290,327,2026-05-22,"Standard","Ontario","Organic",13.45,0
4291,3207,2026-05-26,"Standard","Atlantic","Organic",15.9,1
4292,2398,2026-05-01,"Standard","Atlantic","Social",14.9,1
4293,3584,2026-05-21,"Standard","Atlantic","Social",14.73,0
4294,156,2026-04-11,"Signature","Atlantic","Organic",25.58,0
4295,3070,2026-05-20,"Standard","Atlantic","Organic",17.83,1
4296,246,2026-04-24,"Signature","Atlantic","Referral",24.22,0
4297,271,2026-05-02,"Discovery","Atlantic","Referral",28.31,1
4298,2401,2026-06-30,"Standard","Atlantic","Social",18.76,0
4299,3792,2026-04-30,"Signature","Atlantic","Organic",20.18,0
4300,834,2026-04-10,"Signature","Atlantic","Organic",21.31,1
4301,3176,2026-02-01,"Signature","Atlantic","Referral",24.45,1
4302,225,2026-04-18,"Signature","Atlantic","Organic",24.75,0
4303,959,2026-04-07,"Signature","Atlantic","Social",22.67,0
4304,444,2026-02-25,"Discovery","Atlantic","Organic",32,0
4305,1235,2026-03-17,"Discovery","Atlantic","Retail_partner",34.56,0
4306,3416,2026-01-01,"Signature","Atlantic","Retail_partner",23.59,0
4307,2227,2026-05-11,"Standard","Ontario","Organic",14.5,1
4308,375,2026-03-23,"Discovery","Atlantic","Organic",31.59,0
4309,1793,2026-04-17,"Standard","Ontario","Retail_partner",13.53,1
4310,3264,2026-02-13,"Standard","Ontario","Organic",15.78,1
4311,3694,2026-05-23,"Discovery","Atlantic","Organic",34.41,0
4312,1065,2026-04-30,"Standard","Atlantic","Search",13.56,0
4313,2389,2026-03-23,"Signature","Ontario","Organic",26.83,0
4314,2463,2026-03-24,"Standard","Atlantic","Social",10.87,0
4315,2584,2026-06-02,"Standard","Ontario","Referral",15.9,0
4316,3793,2026-05-08,"Signature","Atlantic","Retail_partner",24.13,0
4317,3418,2026-03-19,"Standard","Atlantic","Referral",15.1,0
4318,2230,2026-03-12,"Standard","Atlantic","Organic",17.11,0
4319,1450,2026-03-23,"Discovery","Atlantic","Search",34.57,0
4320,1693,2026-04-07,"Standard","Atlantic","Organic",14.66,0
4321,688,2026-01-14,"Discovery","Atlantic","Referral",31.7,0
4322,1067,2026-04-13,"Signature","Atlantic","Social",19.24,0
4323,2479,2026-05-01,"Standard","Ontario","Referral",16.07,0
4324,3454,2026-03-27,"Discovery","Atlantic","Social",38.09,0
4325,1844,2026-04-19,"Standard","Ontario","Social",16.72,0
4326,2423,2026-04-28,"Standard","Atlantic","Social",9.39,0
4327,876,2026-04-08,"Discovery","Atlantic","Organic",30.37,0
4328,1295,2026-01-16,"Standard","Ontario","Organic",11.55,0
4329,426,2026-04-30,"Signature","Atlantic","Organic",21.28,0
4330,233,2026-06-21,"Discovery","Atlantic","Organic",28.02,1
4331,3321,2026-01-24,"Standard","Ontario","Social",15.49,0
4332,2806,2026-02-20,"Standard","Ontario","Social",18.53,0
4333,3769,2026-05-15,"Signature","Atlantic","Organic",23.37,0
4334,778,2026-05-16,"Standard","Ontario","Social",18.78,0
4335,1711,2026-04-23,"Discovery","Atlantic","Referral",33.39,0
4336,2788,2026-01-27,"Standard","Atlantic","Search",13.79,0
4337,2951,2026-03-18,"Signature","Atlantic","Social",21.37,1
4338,1355,2026-03-22,"Standard","Atlantic","Referral",13.36,1
4339,2113,2026-03-11,"Standard","Atlantic","Retail_partner",15.46,0
4340,1661,2026-02-20,"Standard","Ontario","Social",16.05,1
4341,990,2026-07-01,"Standard","Atlantic","Organic",13.37,1
4342,2939,2026-01-13,"Standard","Atlantic","Organic",13.86,0
4343,2720,2026-06-02,"Standard","Atlantic","Organic",15.35,0
4344,1469,2026-02-03,"Standard","Ontario","Organic",9.69,0
4345,1807,2026-06-21,"Standard","Atlantic","Organic",12.56,0
4346,116,2026-01-07,"Signature","Atlantic","Search",24.01,1
4347,1184,2026-04-04,"Standard","Ontario","Organic",15.82,0
4348,2029,2026-01-14,"Discovery","Atlantic","Organic",30.29,0
4349,2369,2026-02-08,"Standard","Atlantic","Search",16.98,1
4350,1263,2026-05-30,"Standard","Atlantic","Retail_partner",13.75,0
4351,2537,2026-01-14,"Signature","Atlantic","Social",22.66,0
4352,3199,2026-01-07,"Standard","Atlantic","Social",13.77,0
4353,679,2026-01-16,"Signature","Atlantic","Referral",22.57,0
4354,1278,2026-04-10,"Standard","Atlantic","Organic",16.57,1
4355,89,2026-03-05,"Standard","Atlantic","Referral",13.68,1
4356,208,2026-04-22,"Standard","Atlantic","Search",11.66,0
4357,1568,2026-05-21,"Signature","Ontario","Social",22.4,0
4358,121,2026-03-19,"Standard","Atlantic","Search",17.73,0
4359,3641,2026-04-20,"Signature","Ontario","Social",19.72,0
4360,959,2026-04-21,"Standard","Atlantic","Referral",17.17,0
4361,1159,2026-05-23,"Standard","Atlantic","Organic",13.4,1
4362,2393,2026-04-14,"Signature","Ontario","Search",26.03,0
4363,1903,2026-03-05,"Signature","Atlantic","Search",22.7,0
4364,917,2026-02-07,"Standard","Atlantic","Search",19.4,1
4365,376,2026-03-29,"Standard","Atlantic","Referral",13.96,0
4366,303,2026-03-06,"Standard","Atlantic","Search",17.02,0
4367,2542,2026-06-11,"Signature","Ontario","Search",21.62,1
4368,1009,2026-05-14,"Standard","Atlantic","Organic",13.58,1
4369,1328,2026-02-09,"Standard","Atlantic","Referral",18.37,0
4370,2224,2026-02-12,"Standard","Atlantic","Referral",13.82,0
4371,3222,2026-05-10,"Standard","Atlantic","Organic",17.45,1
4372,2074,2026-06-13,"Standard","Atlantic","Organic",10.27,1
4373,3272,2026-05-21,"Discovery","Atlantic","Organic",31.37,0
4374,909,2026-05-14,"Standard","Ontario","Search",16.17,1
4375,3897,2026-03-16,"Signature","Atlantic","Referral",24.66,0
4376,33,2026-01-31,"Signature","Atlantic","Search",22.99,0
4377,1216,2026-03-08,"Signature","Atlantic","Referral",24.45,0
4378,618,2026-01-14,"Standard","Atlantic","Organic",14.6,1
4379,1255,2026-05-10,"Signature","Atlantic","Organic",24.25,0
4380,1716,2026-03-31,"Standard","Atlantic","Referral",11.96,0
4381,2013,2026-06-10,"Signature","Ontario","Referral",21.99,0
4382,2299,2026-04-09,"Standard","Ontario","Social",16.05,0
4383,729,2026-05-04,"Standard","Atlantic","Social",14.87,0
4384,3472,2026-06-27,"Standard","Atlantic","Retail_partner",16.94,0
4385,2992,2026-02-06,"Standard","Atlantic","Organic",14.29,0
4386,1780,2026-06-14,"Signature","Atlantic","Referral",26.07,0
4387,3456,2026-02-26,"Signature","Ontario","Referral",20.02,0
4388,2494,2026-03-13,"Discovery","Ontario","Organic",32.38,0
4389,3339,2026-01-14,"Standard","Atlantic","Organic",12.18,0
4390,1980,2026-05-14,"Signature","Atlantic","Organic",22.18,0
4391,1247,2026-04-16,"Signature","Atlantic","Organic",23.37,0
4392,3750,2026-01-19,"Standard","Ontario","Organic",16.38,0
4393,2022,2026-05-04,"Signature","Atlantic","Referral",22.8,0
4394,1880,2026-06-20,"Standard","Ontario","Referral",14.66,0
4395,1449,2026-06-27,"Standard","Atlantic","Organic",12.47,1
4396,3838,2026-05-24,"Standard","Atlantic","Retail_partner",15.37,1
4397,1688,2026-02-14,"Signature","Atlantic","Organic",20.82,0
4398,2570,2026-02-05,"Standard","Atlantic","Referral",21.48,0
4399,466,2026-03-22,"Standard","Ontario","Organic",16.57,0
4400,1332,2026-05-04,"Signature","Atlantic","Organic",26.06,0
4401,2548,2026-03-14,"Standard","Atlantic","Organic",16.63,0
4402,1466,2026-03-21,"Standard","Atlantic","Search",15.33,0
4403,147,2026-02-08,"Signature","Ontario","Social",23.86,0
4404,1614,2026-02-05,"Signature","Atlantic","Organic",23.61,0
4405,3623,2026-05-27,"Discovery","Atlantic","Referral",31.36,1
4406,2357,2026-06-21,"Signature","Ontario","Retail_partner",22.37,0
4407,3440,2026-06-08,"Standard","Atlantic","Organic",13.9,0
4408,2266,2026-04-24,"Discovery","Atlantic","Referral",32.55,1
4409,789,2026-06-17,"Standard","Atlantic","Search",17.8,0
4410,2717,2026-01-02,"Signature","Ontario","Organic",21.54,0
4411,3082,2026-03-05,"Standard","Atlantic","Search",16.45,0
4412,2376,2026-04-28,"Standard","Atlantic","Search",14.09,0
4413,684,2026-01-04,"Signature","Ontario","Organic",25.71,0
4414,1987,2026-02-23,"Standard","Atlantic","Social",15.54,1
4415,2732,2026-04-28,"Discovery","Atlantic","Social",35.42,0
4416,2908,2026-05-14,"Discovery","Atlantic","Organic",29.15,0
4417,1242,2026-03-25,"Discovery","Ontario","Organic",30.42,0
4418,985,2026-06-30,"Signature","Atlantic","Organic",16.71,0
4419,1125,2026-03-14,"Standard","Atlantic","Referral",14.47,0
4420,2895,2026-01-31,"Discovery","Atlantic","Search",29.73,1
4421,1535,2026-04-17,"Standard","Atlantic","Search",11.38,0
4422,3209,2026-03-03,"Standard","Atlantic","Referral",14.66,1
4423,297,2026-05-12,"Standard","Atlantic","Social",17.56,1
4424,3803,2026-05-28,"Standard","Atlantic","Organic",15.66,1
4425,3969,2026-06-29,"Standard","Atlantic","Search",17.19,1
4426,1855,2026-05-08,"Standard","Atlantic","Organic",18,0
4427,2472,2026-02-06,"Signature","Atlantic","Organic",22.71,0
4428,101,2026-03-11,"Standard","Atlantic","Organic",16.98,1
4429,1064,2026-03-30,"Signature","Ontario","Organic",25.73,0
4430,2343,2026-01-29,"Standard","Ontario","Organic",13.39,1
4431,1682,2026-04-30,"Standard","Ontario","Search",17.02,0
4432,3221,2026-05-12,"Discovery","Atlantic","Organic",30.91,0
4433,989,2026-05-08,"Discovery","Ontario","Retail_partner",34.65,0
4434,1612,2026-05-23,"Standard","Atlantic","Social",14.12,0
4435,3915,2026-01-15,"Discovery","Atlantic","Search",28.46,0
4436,2491,2026-04-02,"Standard","Atlantic","Organic",16.96,0
4437,2721,2026-01-30,"Signature","Atlantic","Search",21.55,1
4438,2196,2026-04-25,"Discovery","Ontario","Retail_partner",32.16,0
4439,2601,2026-04-10,"Signature","Atlantic","Organic",22,0
4440,1284,2026-05-25,"Standard","Atlantic","Referral",18.43,1
4441,1148,2026-01-15,"Standard","Ontario","Retail_partner",15.06,1
4442,1349,2026-03-02,"Signature","Atlantic","Organic",23.42,0
4443,1373,2026-03-30,"Standard","Atlantic","Search",13.15,0
4444,970,2026-02-10,"Standard","Atlantic","Organic",11.72,0
4445,2359,2026-04-27,"Signature","Ontario","Search",25.29,0
4446,2700,2026-02-17,"Standard","Atlantic","Organic",12.16,1
4447,3521,2026-06-21,"Signature","Atlantic","Organic",20.87,0
4448,2845,2026-02-05,"Standard","Atlantic","Social",18.88,1
4449,3104,2026-01-30,"Standard","Ontario","Search",17.74,0
4450,2898,2026-03-08,"Standard","Atlantic","Retail_partner",15.02,0
4451,3572,2026-04-29,"Discovery","Atlantic","Organic",36.89,0
4452,2354,2026-02-05,"Signature","Atlantic","Organic",23.77,0
4453,967,2026-05-16,"Standard","Atlantic","Search",15.56,1
4454,526,2026-04-16,"Signature","Atlantic","Referral",22.54,0
4455,3544,2026-06-24,"Standard","Ontario","Organic",18.2,0
4456,3103,2026-04-05,"Signature","Atlantic","Referral",21.78,0
4457,2005,2026-06-11,"Standard","Atlantic","Referral",17.12,1
4458,1393,2026-03-28,"Discovery","Atlantic","Organic",30.15,0
4459,1545,2026-05-08,"Signature","Atlantic","Organic",20.43,1
4460,1585,2026-04-23,"Signature","Atlantic","Referral",21.69,1
4461,297,2026-03-05,"Standard","Atlantic","Retail_partner",18.76,1
4462,1310,2026-03-26,"Discovery","Atlantic","Social",29.17,0
4463,1463,2026-05-12,"Discovery","Atlantic","Organic",34.86,0
4464,462,2026-03-25,"Standard","Atlantic","Organic",13.35,1
4465,2969,2026-01-20,"Signature","Atlantic","Organic",25.6,0
4466,2727,2026-04-14,"Signature","Atlantic","Social",23.94,0
4467,2560,2026-02-01,"Signature","Atlantic","Social",24.37,0
4468,1195,2026-05-27,"Signature","Atlantic","Social",23.75,0
4469,2958,2026-01-03,"Standard","Atlantic","Organic",18.33,1
4470,1566,2026-05-17,"Standard","Atlantic","Organic",11.12,1
4471,467,2026-02-15,"Standard","Ontario","Organic",11.1,1
4472,1890,2026-07-01,"Discovery","Atlantic","Search",35.1,0
4473,2134,2026-04-20,"Standard","Atlantic","Organic",12.81,0
4474,3909,2026-05-30,"Standard","Atlantic","Search",12.97,0
4475,2027,2026-06-22,"Standard","Atlantic","Social",15.18,0
4476,793,2026-06-26,"Signature","Ontario","Referral",23.91,0
4477,2783,2026-01-09,"Standard","Ontario","Search",14.73,0
4478,3615,2026-04-11,"Standard","Atlantic","Organic",14.55,1
4479,103,2026-04-16,"Standard","Ontario","Social",17.74,0
4480,325,2026-03-16,"Standard","Atlantic","Retail_partner",20.2,0
4481,605,2026-04-20,"Standard","Atlantic","Social",18.22,0
4482,1934,2026-05-15,"Standard","Atlantic","Organic",14.32,1
4483,3324,2026-05-10,"Standard","Atlantic","Organic",15.81,0
4484,1570,2026-05-20,"Signature","Atlantic","Referral",20.61,0
4485,3806,2026-06-07,"Standard","Atlantic","Retail_partner",13.89,1
4486,1894,2026-03-14,"Discovery","Atlantic","Referral",34.91,0
4487,2384,2026-04-23,"Standard","Atlantic","Social",12.64,0
4488,3735,2026-02-27,"Signature","Ontario","Social",22.42,0
4489,2375,2026-03-13,"Standard","Atlantic","Search",16.09,1
4490,3361,2026-03-23,"Standard","Atlantic","Organic",12.17,0
4491,1506,2026-03-11,"Signature","Atlantic","Retail_partner",21.95,0
4492,2833,2026-06-28,"Signature","Atlantic","Organic",27.25,0
4493,3278,2026-03-06,"Standard","Ontario","Organic",13.44,0
4494,2331,2026-03-20,"Standard","Atlantic","Organic",14.64,1
4495,2216,2026-04-19,"Discovery","Ontario","Referral",35.08,1
4496,1541,2026-04-25,"Signature","Atlantic","Organic",26.85,0
4497,3299,2026-06-28,"Standard","Atlantic","Social",12.57,0
4498,3238,2026-01-06,"Signature","Atlantic","Referral",22.34,0
4499,693,2026-01-02,"Standard","Atlantic","Organic",16.37,0
4500,3712,2026-04-30,"Signature","Ontario","Organic",26.3,1
4501,60,2026-02-23,"Signature","Atlantic","Organic",21.45,0
4502,766,2026-01-21,"Standard","Atlantic","Search",16.2,0
4503,6,2026-01-16,"Standard","Atlantic","Social",18.46,0
4504,1692,2026-02-16,"Standard","Atlantic","Referral",15.28,0
4505,3494,2026-02-23,"Standard","Atlantic","Social",9.35,1
4506,3360,2026-06-27,"Standard","Atlantic","Referral",14.33,0
4507,2500,2026-02-22,"Standard","Atlantic","Organic",13.92,0
4508,2628,2026-03-26,"Standard","Atlantic","Social",13.37,1
4509,1542,2026-02-10,"Signature","Atlantic","Retail_partner",22.34,1
4510,1833,2026-01-11,"Discovery","Atlantic","Organic",30.79,0
4511,398,2026-04-22,"Signature","Atlantic","Retail_partner",17.35,0
4512,1989,2026-05-01,"Standard","Atlantic","Referral",13.75,0
4513,3919,2026-05-19,"Signature","Ontario","Organic",23.13,0
4514,2484,2026-02-23,"Standard","Atlantic","Social",16.84,1
4515,1547,2026-04-26,"Signature","Atlantic","Organic",23.85,0
4516,1356,2026-02-23,"Standard","Atlantic","Search",13.95,1
4517,3094,2026-01-17,"Standard","Atlantic","Organic",13.64,0
4518,3461,2026-02-25,"Discovery","Atlantic","Social",29.24,0
4519,2462,2026-04-22,"Standard","Atlantic","Referral",13.56,0
4520,1531,2026-06-23,"Standard","Atlantic","Organic",16.98,0
4521,1273,2026-06-29,"Standard","Atlantic","Organic",14.67,1
4522,1224,2026-04-19,"Standard","Atlantic","Organic",14.19,1
4523,14,2026-01-01,"Standard","Ontario","Organic",15.6,0
4524,2401,2026-04-27,"Discovery","Atlantic","Organic",34.14,1
4525,3380,2026-01-10,"Standard","Atlantic","Organic",18.79,0
4526,900,2026-01-18,"Signature","Atlantic","Organic",23.22,1
4527,355,2026-03-22,"Signature","Atlantic","Retail_partner",25.2,0
4528,2079,2026-04-09,"Standard","Atlantic","Organic",10.83,0
4529,87,2026-04-04,"Standard","Atlantic","Organic",15.34,1
4530,3027,2026-04-06,"Signature","Ontario","Organic",24.59,0
4531,578,2026-05-29,"Signature","Atlantic","Social",25.21,0
4532,3662,2026-05-10,"Signature","Atlantic","Organic",20.68,1
4533,412,2026-06-16,"Signature","Atlantic","Organic",24.13,0
4534,313,2026-01-22,"Standard","Atlantic","Referral",12.57,0
4535,3333,2026-06-19,"Standard","Atlantic","Organic",12.25,0
4536,1665,2026-06-09,"Discovery","Atlantic","Retail_partner",28.61,0
4537,3026,2026-06-18,"Signature","Atlantic","Search",24.7,0
4538,2886,2026-02-01,"Standard","Atlantic","Search",15.49,0
4539,3690,2026-04-29,"Discovery","Atlantic","Social",32.82,0
4540,651,2026-03-01,"Signature","Atlantic","Retail_partner",19.29,0
4541,1956,2026-06-20,"Discovery","Ontario","Organic",35.66,1
4542,251,2026-05-01,"Discovery","Atlantic","Organic",31.73,0
4543,1477,2026-06-15,"Standard","Ontario","Social",16,0
4544,1687,2026-06-25,"Standard","Atlantic","Organic",12.28,0
4545,3700,2026-03-03,"Standard","Atlantic","Search",13.36,0
4546,2396,2026-01-31,"Signature","Atlantic","Organic",23.03,0
4547,2764,2026-02-19,"Standard","Atlantic","Search",11.97,0
4548,621,2026-01-28,"Standard","Ontario","Organic",12.37,0
4549,3772,2026-05-27,"Signature","Ontario","Social",26.42,0
4550,1312,2026-02-12,"Signature","Atlantic","Social",24.87,0
4551,832,2026-02-06,"Standard","Atlantic","Social",11.83,0
4552,3573,2026-05-23,"Standard","Atlantic","Organic",15.76,0
4553,818,2026-01-15,"Standard","Atlantic","Retail_partner",12.83,0
4554,2673,2026-02-16,"Standard","Atlantic","Search",16.15,1
4555,2009,2026-05-29,"Standard","Atlantic","Social",17.14,1
4556,3391,2026-05-01,"Standard","Atlantic","Retail_partner",11.82,0
4557,453,2026-05-16,"Standard","Atlantic","Search",13.28,0
4558,2617,2026-02-20,"Signature","Atlantic","Social",20.57,0
4559,1263,2026-06-02,"Discovery","Atlantic","Retail_partner",36.03,0
4560,244,2026-02-04,"Standard","Atlantic","Retail_partner",17,1
4561,1607,2026-06-25,"Standard","Atlantic","Organic",12.77,0
4562,2726,2026-06-03,"Signature","Ontario","Referral",21.63,0
4563,3892,2026-06-15,"Standard","Atlantic","Referral",13.91,0
4564,686,2026-02-25,"Standard","Atlantic","Organic",19.93,0
4565,2070,2026-05-16,"Signature","Atlantic","Organic",24.23,0
4566,2951,2026-01-24,"Standard","Atlantic","Referral",11.09,0
4567,374,2026-04-22,"Signature","Atlantic","Organic",20.93,0
4568,210,2026-04-12,"Signature","Atlantic","Organic",26.45,1
4569,3949,2026-02-19,"Standard","Atlantic","Organic",18.02,0
4570,799,2026-04-24,"Discovery","Atlantic","Referral",32.38,0
4571,2126,2026-04-21,"Standard","Atlantic","Social",12.4,0
4572,1674,2026-04-22,"Signature","Atlantic","Social",22.96,0
4573,92,2026-01-28,"Standard","Atlantic","Search",13.98,1
4574,3842,2026-06-01,"Standard","Atlantic","Referral",17.36,0
4575,2714,2026-05-04,"Signature","Atlantic","Search",20.71,0
4576,1581,2026-04-10,"Signature","Atlantic","Organic",22.35,1
4577,1018,2026-01-20,"Discovery","Ontario","Retail_partner",34.89,0
4578,1402,2026-07-01,"Signature","Atlantic","Referral",25.71,0
4579,533,2026-05-07,"Standard","Atlantic","Social",10.08,1
4580,2699,2026-01-25,"Standard","Atlantic","Retail_partner",14.04,0
4581,3087,2026-01-09,"Discovery","Ontario","Search",36.34,0
4582,3011,2026-02-27,"Standard","Atlantic","Social",16.22,0
4583,3080,2026-01-24,"Standard","Atlantic","Social",14.59,0
4584,731,2026-02-16,"Standard","Atlantic","Organic",15.24,0
4585,3223,2026-04-19,"Signature","Atlantic","Search",23.13,0
4586,3797,2026-06-23,"Discovery","Atlantic","Retail_partner",32.64,0
4587,634,2026-03-17,"Discovery","Atlantic","Social",33.4,1
4588,462,2026-04-28,"Standard","Atlantic","Organic",17.06,0
4589,2828,2026-03-08,"Discovery","Atlantic","Social",35.17,0
4590,3583,2026-01-07,"Standard","Atlantic","Referral",14.19,0
4591,3256,2026-06-21,"Signature","Ontario","Organic",26.74,0
4592,2925,2026-01-04,"Standard","Atlantic","Retail_partner",12.65,0
4593,3942,2026-02-03,"Discovery","Atlantic","Retail_partner",33.36,0
4594,1308,2026-02-05,"Standard","Atlantic","Search",17.36,0
4595,537,2026-02-09,"Signature","Atlantic","Organic",19.69,0
4596,101,2026-04-23,"Standard","Atlantic","Search",12.9,0
4597,541,2026-06-10,"Signature","Atlantic","Organic",22.08,0
4598,1088,2026-02-14,"Discovery","Atlantic","Retail_partner",31.04,0
4599,2493,2026-06-11,"Standard","Ontario","Search",16.99,0
4600,1493,2026-01-13,"Standard","Ontario","Referral",19.62,0
4601,2776,2026-02-16,"Standard","Atlantic","Organic",12.9,1
4602,959,2026-05-20,"Signature","Atlantic","Social",24.16,0
4603,3057,2026-04-24,"Signature","Atlantic","Retail_partner",23.91,1
4604,3723,2026-03-14,"Standard","Atlantic","Referral",14.3,0
4605,112,2026-03-22,"Standard","Ontario","Organic",19.67,0
4606,2175,2026-01-10,"Standard","Ontario","Organic",16.09,0
4607,3044,2026-06-24,"Standard","Atlantic","Referral",14.22,0
4608,2633,2026-05-04,"Discovery","Atlantic","Referral",31.68,1
4609,2863,2026-01-31,"Standard","Atlantic","Search",15.81,0
4610,3805,2026-03-27,"Standard","Atlantic","Social",19.71,1
4611,773,2026-02-23,"Standard","Atlantic","Social",14.29,0
4612,2678,2026-05-17,"Standard","Atlantic","Social",16.44,0
4613,1869,2026-05-14,"Signature","Atlantic","Search",21.37,1
4614,3820,2026-04-23,"Signature","Atlantic","Referral",22.08,0
4615,3007,2026-04-22,"Standard","Atlantic","Search",15.24,1
4616,1882,2026-03-04,"Signature","Atlantic","Organic",22.93,0
4617,3180,2026-03-13,"Standard","Ontario","Referral",17.37,0
4618,1017,2026-03-27,"Signature","Atlantic","Referral",23.34,0
4619,2870,2026-04-02,"Signature","Atlantic","Organic",21.66,0
4620,1584,2026-06-24,"Signature","Atlantic","Organic",25.65,1
4621,1377,2026-02-03,"Standard","Atlantic","Social",17.29,1
4622,1133,2026-03-24,"Discovery","Atlantic","Social",33.33,0
4623,3337,2026-06-04,"Signature","Atlantic","Referral",26.71,0
4624,3404,2026-05-17,"Standard","Atlantic","Search",16.92,0
4625,2446,2026-02-25,"Signature","Atlantic","Organic",21.26,0
4626,1207,2026-05-27,"Signature","Atlantic","Referral",25.04,0
4627,919,2026-02-22,"Standard","Atlantic","Retail_partner",10.62,0
4628,2886,2026-03-22,"Standard","Atlantic","Social",16.25,0
4629,3642,2026-04-30,"Standard","Ontario","Referral",11.55,0
4630,3808,2026-04-12,"Standard","Atlantic","Social",14.76,0
4631,1405,2026-05-20,"Standard","Atlantic","Search",14.45,1
4632,441,2026-04-05,"Signature","Atlantic","Organic",27.32,0
4633,3289,2026-02-23,"Standard","Ontario","Organic",17.51,0
4634,186,2026-04-20,"Standard","Atlantic","Organic",12.96,0
4635,406,2026-01-10,"Standard","Atlantic","Organic",15.17,0
4636,2096,2026-04-01,"Standard","Atlantic","Referral",17,0
4637,3613,2026-03-27,"Discovery","Atlantic","Organic",34.02,0
4638,706,2026-02-14,"Signature","Atlantic","Social",18.53,0
4639,1456,2026-02-25,"Standard","Atlantic","Social",13.48,0
4640,145,2026-05-01,"Standard","Atlantic","Organic",13.54,0
4641,2967,2026-04-10,"Discovery","Atlantic","Organic",32.35,1
4642,89,2026-02-06,"Standard","Atlantic","Search",13.39,0
4643,3907,2026-02-03,"Standard","Atlantic","Organic",15.33,1
4644,2557,2026-03-08,"Standard","Atlantic","Referral",15.94,0
4645,2331,2026-04-21,"Standard","Atlantic","Referral",16.48,1
4646,702,2026-02-14,"Standard","Ontario","Organic",15.73,0
4647,3426,2026-04-12,"Discovery","Atlantic","Organic",32.26,0
4648,1921,2026-05-01,"Standard","Atlantic","Search",14.4,0
4649,3888,2026-04-06,"Standard","Atlantic","Organic",15.17,0
4650,3282,2026-01-05,"Standard","Ontario","Organic",17.51,0
4651,2776,2026-04-06,"Signature","Atlantic","Organic",21.72,1
4652,3984,2026-05-09,"Signature","Atlantic","Social",22.65,1
4653,2690,2026-01-23,"Discovery","Ontario","Retail_partner",32.86,0
4654,1620,2026-01-22,"Signature","Atlantic","Referral",23.1,0
4655,342,2026-06-27,"Signature","Atlantic","Referral",27.8,1
4656,983,2026-03-15,"Discovery","Atlantic","Social",32.74,0
4657,3572,2026-02-18,"Standard","Atlantic","Organic",13.43,0
4658,1918,2026-01-21,"Standard","Ontario","Social",12.16,0
4659,1544,2026-06-23,"Standard","Atlantic","Organic",16.2,1
4660,3151,2026-03-15,"Signature","Ontario","Organic",25.35,0
4661,939,2026-02-10,"Standard","Atlantic","Social",12.63,0
4662,2120,2026-01-19,"Signature","Atlantic","Organic",22.63,0
4663,691,2026-04-27,"Standard","Atlantic","Retail_partner",14.3,0
4664,2199,2026-02-01,"Signature","Atlantic","Social",23.87,0
4665,1425,2026-04-15,"Signature","Atlantic","Organic",25.58,1
4666,3259,2026-01-22,"Standard","Atlantic","Retail_partner",14.44,1
4667,2403,2026-04-10,"Signature","Atlantic","Organic",21.03,1
4668,1089,2026-06-06,"Signature","Atlantic","Organic",22.35,0
4669,1526,2026-01-12,"Standard","Atlantic","Search",16.54,0
4670,2559,2026-03-17,"Discovery","Ontario","Organic",33.71,0
4671,1503,2026-05-29,"Signature","Atlantic","Social",24.06,0
4672,566,2026-06-18,"Standard","Ontario","Referral",13.86,0
4673,1581,2026-05-09,"Signature","Ontario","Search",21.72,0
4674,2770,2026-02-20,"Standard","Atlantic","Referral",15.78,0
4675,2235,2026-03-16,"Standard","Atlantic","Organic",17.04,0
4676,317,2026-06-17,"Standard","Atlantic","Organic",13.98,1
4677,2842,2026-05-12,"Standard","Atlantic","Retail_partner",12.16,0
4678,209,2026-01-12,"Standard","Ontario","Social",15.04,0
4679,396,2026-06-23,"Discovery","Atlantic","Referral",32.46,0
4680,3961,2026-02-21,"Standard","Atlantic","Social",15.4,1
4681,2339,2026-04-28,"Signature","Atlantic","Organic",20.22,1
4682,1958,2026-05-11,"Signature","Ontario","Organic",22.64,0
4683,1074,2026-01-07,"Standard","Ontario","Referral",17.3,1
4684,622,2026-01-30,"Discovery","Atlantic","Search",32.29,0
4685,2508,2026-06-10,"Standard","Atlantic","Organic",16.05,0
4686,3540,2026-04-22,"Signature","Atlantic","Referral",22.34,1
4687,1447,2026-03-13,"Signature","Atlantic","Referral",22.06,1
4688,3485,2026-03-15,"Signature","Atlantic","Organic",28.14,0
4689,418,2026-04-04,"Discovery","Atlantic","Referral",32.21,0
4690,1678,2026-05-10,"Discovery","Atlantic","Social",29.83,0
4691,622,2026-05-25,"Signature","Ontario","Organic",22.65,0
4692,3908,2026-03-07,"Standard","Atlantic","Organic",15.77,0
4693,3243,2026-02-07,"Discovery","Atlantic","Organic",26.31,1
4694,1976,2026-01-07,"Standard","Atlantic","Social",12.03,1
4695,2466,2026-06-09,"Standard","Atlantic","Organic",12.56,0
4696,2732,2026-01-02,"Signature","Atlantic","Search",24.98,0
4697,1025,2026-04-02,"Signature","Atlantic","Organic",24.43,1
4698,3108,2026-03-15,"Discovery","Atlantic","Referral",31.36,0
4699,1698,2026-04-20,"Signature","Atlantic","Social",20.21,0
4700,1500,2026-03-12,"Standard","Atlantic","Social",14.53,0
4701,3581,2026-03-02,"Signature","Ontario","Search",26.95,1
4702,1647,2026-03-04,"Standard","Atlantic","Social",12.49,1
4703,1442,2026-04-09,"Signature","Ontario","Retail_partner",22.05,0
4704,482,2026-06-07,"Standard","Atlantic","Organic",19.82,0
4705,739,2026-02-05,"Standard","Atlantic","Search",20.07,1
4706,68,2026-05-22,"Standard","Atlantic","Social",15.53,0
4707,2746,2026-04-25,"Standard","Atlantic","Search",14.55,0
4708,92,2026-06-30,"Signature","Atlantic","Organic",20.75,0
4709,1731,2026-01-24,"Standard","Atlantic","Social",15.8,0
4710,1025,2026-02-11,"Standard","Atlantic","Search",17.3,0
4711,2533,2026-02-12,"Standard","Atlantic","Organic",16.16,0
4712,720,2026-02-18,"Signature","Atlantic","Social",24.11,0
4713,793,2026-03-16,"Standard","Atlantic","Organic",12.22,0
4714,2112,2026-03-03,"Standard","Atlantic","Organic",15.94,1
4715,2424,2026-05-23,"Standard","Atlantic","Organic",15.54,0
4716,3608,2026-06-08,"Signature","Atlantic","Retail_partner",23.43,0
4717,3361,2026-01-24,"Standard","Atlantic","Referral",13,1
4718,3996,2026-06-13,"Standard","Atlantic","Search",18.35,0
4719,2510,2026-02-18,"Signature","Atlantic","Retail_partner",21.71,0
4720,607,2026-01-07,"Standard","Atlantic","Referral",14.09,0
4721,1911,2026-03-29,"Standard","Atlantic","Retail_partner",10.73,0
4722,2132,2026-02-22,"Standard","Atlantic","Social",16.09,0
4723,2041,2026-03-17,"Standard","Atlantic","Organic",14.21,0
4724,2138,2026-01-04,"Standard","Ontario","Organic",15.48,1
4725,2886,2026-02-12,"Standard","Atlantic","Search",15.3,0
4726,1387,2026-06-25,"Standard","Atlantic","Organic",13.72,1
4727,2197,2026-04-08,"Standard","Atlantic","Organic",13.13,1
4728,1401,2026-03-10,"Standard","Atlantic","Referral",16.77,0
4729,882,2026-03-26,"Discovery","Atlantic","Referral",31.89,0
4730,3715,2026-03-27,"Signature","Atlantic","Organic",18.71,0
4731,3278,2026-01-09,"Signature","Atlantic","Retail_partner",22.48,0
4732,3331,2026-01-05,"Signature","Atlantic","Social",23.77,1
4733,3334,2026-02-04,"Standard","Atlantic","Search",11.7,0
4734,3413,2026-03-12,"Standard","Atlantic","Organic",13.13,1
4735,2363,2026-03-06,"Discovery","Atlantic","Organic",26.49,0
4736,1529,2026-01-22,"Standard","Atlantic","Referral",17.03,0
4737,3540,2026-03-06,"Signature","Ontario","Referral",23.24,0
4738,3656,2026-03-03,"Signature","Atlantic","Search",25.61,0
4739,2012,2026-02-19,"Standard","Atlantic","Organic",13.93,0
4740,2510,2026-07-01,"Standard","Atlantic","Social",12.42,1
4741,2791,2026-01-10,"Standard","Atlantic","Social",13.85,1
4742,969,2026-01-23,"Signature","Ontario","Search",23.17,0
4743,1481,2026-05-26,"Standard","Atlantic","Referral",12.72,0
4744,3410,2026-02-03,"Discovery","Atlantic","Social",30.15,0
4745,1081,2026-03-20,"Signature","Atlantic","Social",20.98,0
4746,1325,2026-02-18,"Standard","Atlantic","Referral",16.54,1
4747,3718,2026-03-10,"Signature","Atlantic","Organic",20.45,0
4748,1999,2026-05-22,"Standard","Atlantic","Search",15.13,0
4749,3415,2026-06-24,"Standard","Atlantic","Retail_partner",13.19,0
4750,3593,2026-02-09,"Standard","Ontario","Social",18.23,0
4751,3870,2026-03-21,"Standard","Ontario","Search",14.11,0
4752,2324,2026-05-20,"Standard","Ontario","Organic",18.68,0
4753,1843,2026-04-05,"Discovery","Atlantic","Organic",32.7,0
4754,2117,2026-02-10,"Standard","Atlantic","Organic",12.86,0
4755,1670,2026-05-17,"Signature","Atlantic","Social",23.59,1
4756,2551,2026-04-13,"Signature","Atlantic","Organic",22.68,0
4757,2206,2026-04-04,"Standard","Ontario","Referral",15.23,1
4758,1363,2026-04-13,"Signature","Atlantic","Social",22.84,0
4759,2238,2026-05-26,"Standard","Atlantic","Search",17.85,0
4760,1036,2026-01-05,"Signature","Atlantic","Social",20.87,0
4761,717,2026-06-08,"Signature","Atlantic","Organic",24.24,0
4762,818,2026-01-30,"Standard","Ontario","Search",12.25,1
4763,1486,2026-06-21,"Signature","Atlantic","Organic",22.16,0
4764,1491,2026-03-03,"Standard","Ontario","Retail_partner",10.13,0
4765,780,2026-01-14,"Signature","Atlantic","Referral",24.31,0
4766,908,2026-03-27,"Standard","Atlantic","Social",10.31,1
4767,215,2026-02-27,"Standard","Ontario","Search",17.39,1
4768,2279,2026-02-23,"Signature","Atlantic","Search",20.69,0
4769,922,2026-01-27,"Signature","Atlantic","Organic",25.08,1
4770,1550,2026-05-09,"Signature","Atlantic","Social",19.93,0
4771,3346,2026-03-07,"Standard","Atlantic","Referral",11.52,0
4772,1246,2026-01-05,"Standard","Atlantic","Referral",17.05,1
4773,2722,2026-02-16,"Signature","Atlantic","Organic",25.07,0
4774,664,2026-06-03,"Signature","Atlantic","Organic",27.25,1
4775,2610,2026-02-26,"Standard","Ontario","Search",14.95,1
4776,2575,2026-01-27,"Discovery","Atlantic","Referral",34.64,0
4777,169,2026-05-17,"Standard","Ontario","Organic",18.72,0
4778,493,2026-02-18,"Standard","Atlantic","Social",11.47,1
4779,797,2026-03-18,"Standard","Atlantic","Retail_partner",18.04,0
4780,1885,2026-05-01,"Discovery","Atlantic","Organic",34.43,0
4781,3631,2026-03-03,"Signature","Atlantic","Search",20.71,0
4782,3442,2026-01-07,"Standard","Atlantic","Retail_partner",17.09,0
4783,290,2026-06-01,"Signature","Atlantic","Organic",23.96,0
4784,2452,2026-05-26,"Signature","Atlantic","Search",23.45,0
4785,2364,2026-02-10,"Standard","Ontario","Social",19.25,0
4786,1594,2026-03-13,"Standard","Atlantic","Social",20.54,0
4787,2552,2026-06-22,"Discovery","Atlantic","Retail_partner",29.11,0
4788,2475,2026-01-23,"Standard","Atlantic","Organic",13.17,0
4789,2567,2026-05-04,"Signature","Atlantic","Search",18.33,0
4790,3962,2026-04-05,"Discovery","Atlantic","Organic",33.13,0
4791,1751,2026-02-02,"Signature","Atlantic","Organic",21.84,0
4792,2568,2026-06-24,"Signature","Atlantic","Social",23.52,0
4793,1891,2026-02-13,"Standard","Ontario","Organic",19.94,0
4794,1968,2026-05-29,"Discovery","Ontario","Social",31.65,0
4795,2282,2026-06-16,"Standard","Atlantic","Referral",18.43,1
4796,2898,2026-05-02,"Standard","Atlantic","Search",19.51,0
4797,460,2026-04-07,"Signature","Atlantic","Organic",26.85,0
4798,3736,2026-01-23,"Standard","Atlantic","Social",12.35,0
4799,1475,2026-06-27,"Signature","Atlantic","Organic",21.76,0
4800,1975,2026-06-25,"Signature","Atlantic","Organic",23.4,0
4801,980,2026-03-28,"Standard","Atlantic","Search",17.18,0
4802,1871,2026-06-12,"Signature","Atlantic","Organic",27.66,1
4803,2059,2026-02-17,"Standard","Atlantic","Retail_partner",20.27,1
4804,1918,2026-05-13,"Standard","Atlantic","Retail_partner",18.29,0
4805,1216,2026-04-15,"Standard","Atlantic","Search",12.38,0
4806,1304,2026-04-13,"Standard","Atlantic","Search",16.51,0
4807,1524,2026-03-18,"Standard","Ontario","Search",12.67,0
4808,1691,2026-02-26,"Standard","Atlantic","Organic",12.15,0
4809,2433,2026-03-10,"Discovery","Atlantic","Search",33.08,0
4810,3024,2026-06-22,"Signature","Ontario","Search",21.99,0
4811,2340,2026-04-07,"Standard","Atlantic","Organic",16.32,1
4812,1899,2026-02-14,"Standard","Atlantic","Organic",16.76,0
4813,3401,2026-02-25,"Standard","Atlantic","Referral",8.28,0
4814,2189,2026-03-16,"Signature","Atlantic","Search",19.64,1
4815,2256,2026-05-20,"Standard","Atlantic","Retail_partner",14.93,0
4816,1510,2026-03-05,"Signature","Atlantic","Search",20.92,1
4817,3305,2026-06-05,"Signature","Ontario","Organic",22.17,1
4818,1052,2026-05-27,"Discovery","Atlantic","Referral",30.26,0
4819,904,2026-02-08,"Standard","Atlantic","Social",10.19,0
4820,759,2026-04-07,"Discovery","Atlantic","Organic",32.43,0
4821,1040,2026-01-05,"Discovery","Ontario","Retail_partner",28.72,0
4822,3069,2026-04-20,"Signature","Atlantic","Social",22.78,0
4823,2496,2026-03-14,"Standard","Atlantic","Organic",19.39,0
4824,265,2026-05-24,"Standard","Atlantic","Referral",16.09,1
4825,168,2026-06-11,"Signature","Atlantic","Search",24.03,0
4826,1895,2026-04-09,"Signature","Atlantic","Search",23.44,0
4827,145,2026-01-29,"Signature","Atlantic","Organic",18.84,0
4828,3928,2026-03-14,"Standard","Atlantic","Search",15.29,0
4829,290,2026-05-08,"Standard","Atlantic","Referral",12.72,1
4830,2482,2026-05-01,"Discovery","Ontario","Organic",31.08,0
4831,3505,2026-05-08,"Standard","Atlantic","Search",15.93,1
4832,2328,2026-06-28,"Standard","Ontario","Social",15.07,0
4833,970,2026-02-13,"Standard","Atlantic","Organic",13.55,0
4834,1537,2026-04-11,"Standard","Atlantic","Search",13.2,0
4835,3572,2026-03-31,"Standard","Atlantic","Search",17.22,0
4836,980,2026-05-07,"Signature","Atlantic","Organic",22.16,0
4837,1285,2026-04-06,"Signature","Atlantic","Search",23.63,1
4838,941,2026-03-18,"Standard","Atlantic","Organic",16.73,1
4839,3774,2026-04-06,"Standard","Atlantic","Social",18.22,0
4840,3204,2026-06-06,"Standard","Atlantic","Search",14.32,0
4841,1811,2026-04-02,"Discovery","Atlantic","Retail_partner",28.94,0
4842,1237,2026-05-29,"Signature","Ontario","Search",24.44,0
4843,3746,2026-02-13,"Signature","Atlantic","Organic",21.83,0
4844,2312,2026-02-27,"Standard","Ontario","Search",12.59,0
4845,146,2026-05-20,"Standard","Atlantic","Organic",16.91,0
4846,407,2026-06-05,"Standard","Ontario","Social",18.49,0
4847,2369,2026-04-02,"Standard","Atlantic","Social",20.25,0
4848,949,2026-06-12,"Discovery","Atlantic","Organic",28.23,0
4849,2748,2026-02-06,"Standard","Atlantic","Retail_partner",18.94,0
4850,1250,2026-03-28,"Discovery","Atlantic","Retail_partner",34.75,1
4851,264,2026-06-30,"Standard","Atlantic","Organic",14.86,1
4852,1270,2026-04-17,"Standard","Atlantic","Organic",15.95,0
4853,925,2026-01-26,"Signature","Atlantic","Organic",20.97,0
4854,1251,2026-06-25,"Standard","Ontario","Search",18.42,0
4855,3902,2026-03-11,"Signature","Atlantic","Search",23.68,0
4856,1441,2026-04-12,"Standard","Ontario","Organic",15.39,1
4857,432,2026-01-12,"Standard","Atlantic","Referral",15.28,0
4858,167,2026-03-10,"Signature","Atlantic","Organic",29.13,0
4859,1759,2026-06-18,"Standard","Ontario","Social",15.14,0
4860,1279,2026-01-19,"Standard","Ontario","Social",14.62,0
4861,3388,2026-02-17,"Standard","Atlantic","Search",18.06,1
4862,1236,2026-01-25,"Discovery","Ontario","Retail_partner",35.7,0
4863,1953,2026-05-23,"Signature","Atlantic","Organic",20.07,0
4864,717,2026-03-28,"Standard","Atlantic","Organic",12.86,1
4865,3577,2026-06-24,"Signature","Atlantic","Retail_partner",21.84,0
4866,1468,2026-06-28,"Standard","Atlantic","Organic",15.19,1
4867,54,2026-03-22,"Signature","Atlantic","Social",20.33,0
4868,1971,2026-05-18,"Signature","Atlantic","Organic",22.97,0
4869,863,2026-03-23,"Standard","Ontario","Search",15.14,0
4870,3655,2026-03-16,"Discovery","Atlantic","Search",30.17,0
4871,2109,2026-06-17,"Standard","Atlantic","Referral",16.37,0
4872,2974,2026-06-18,"Signature","Atlantic","Search",20.12,0
4873,1247,2026-02-12,"Signature","Atlantic","Referral",27.06,0
4874,1739,2026-01-08,"Signature","Atlantic","Search",20.82,0
4875,1669,2026-06-29,"Standard","Ontario","Social",18,0
4876,2528,2026-05-24,"Standard","Atlantic","Search",13.74,0
4877,1894,2026-02-09,"Standard","Atlantic","Organic",17.13,1
4878,1697,2026-05-24,"Signature","Atlantic","Social",23.44,0
4879,3245,2026-06-18,"Standard","Atlantic","Search",17.43,0
4880,33,2026-05-11,"Signature","Atlantic","Organic",24.21,0
4881,1041,2026-05-03,"Standard","Atlantic","Organic",14.02,0
4882,2336,2026-05-11,"Standard","Atlantic","Organic",17.18,0
4883,1767,2026-06-26,"Signature","Atlantic","Social",22,0
4884,1768,2026-03-04,"Standard","Atlantic","Organic",19.88,0
4885,2195,2026-04-30,"Standard","Atlantic","Social",13.87,1
4886,2410,2026-03-13,"Standard","Atlantic","Social",13.26,0
4887,2980,2026-05-20,"Signature","Atlantic","Organic",22.79,1
4888,1325,2026-06-20,"Standard","Atlantic","Search",15.85,0
4889,1470,2026-06-16,"Standard","Atlantic","Retail_partner",14.19,0
4890,1866,2026-01-23,"Standard","Atlantic","Search",15.82,0
4891,3168,2026-01-14,"Standard","Atlantic","Organic",13.54,0
4892,2974,2026-04-09,"Signature","Atlantic","Referral",26.94,0
4893,715,2026-01-28,"Signature","Ontario","Referral",23.84,1
4894,439,2026-03-22,"Standard","Atlantic","Organic",17.73,0
4895,74,2026-02-03,"Signature","Atlantic","Social",25.91,0
4896,3273,2026-05-01,"Standard","Atlantic","Referral",14.59,1
4897,1264,2026-05-28,"Discovery","Ontario","Organic",35.84,0
4898,1168,2026-06-16,"Standard","Atlantic","Search",14.82,0
4899,3198,2026-01-19,"Signature","Atlantic","Organic",21.45,0
4900,2213,2026-04-15,"Signature","Atlantic","Search",21.03,0
4901,2481,2026-06-25,"Standard","Ontario","Social",16.3,0
4902,3728,2026-06-06,"Standard","Ontario","Retail_partner",16.11,0
4903,2381,2026-01-14,"Signature","Atlantic","Social",25.47,0
4904,703,2026-01-14,"Standard","Atlantic","Search",14.38,0
4905,845,2026-03-08,"Signature","Atlantic","Social",25.11,0
4906,3964,2026-04-30,"Standard","Atlantic","Search",17.72,1
4907,1310,2026-05-25,"Signature","Atlantic","Social",24.29,0
4908,1774,2026-05-17,"Signature","Atlantic","Search",18.52,0
4909,3241,2026-01-15,"Signature","Atlantic","Organic",18.84,1
4910,1024,2026-05-11,"Standard","Atlantic","Retail_partner",13.91,1
4911,1666,2026-03-15,"Standard","Atlantic","Social",12.65,1
4912,1379,2026-03-04,"Standard","Ontario","Referral",19.18,1
4913,2448,2026-06-30,"Discovery","Atlantic","Social",36.02,1
4914,3150,2026-05-04,"Discovery","Atlantic","Social",33.22,0
4915,1366,2026-04-06,"Signature","Ontario","Organic",23.43,0
4916,3760,2026-06-27,"Signature","Atlantic","Social",25.83,0
4917,655,2026-05-15,"Standard","Atlantic","Organic",21.15,0
4918,1435,2026-06-26,"Signature","Atlantic","Search",18.91,0
4919,2410,2026-01-03,"Standard","Ontario","Search",16.15,0
4920,2507,2026-02-25,"Standard","Atlantic","Organic",13.34,0
4921,1729,2026-06-11,"Standard","Atlantic","Social",14.61,0
4922,3830,2026-03-04,"Signature","Atlantic","Search",22.43,0
4923,3381,2026-05-07,"Standard","Atlantic","Social",18.43,1
4924,3350,2026-05-09,"Discovery","Atlantic","Search",28.46,0
4925,940,2026-03-01,"Signature","Atlantic","Search",23.15,1
4926,3391,2026-06-22,"Discovery","Atlantic","Referral",33.04,1
4927,158,2026-06-21,"Standard","Ontario","Retail_partner",12.9,0
4928,3545,2026-06-23,"Signature","Atlantic","Retail_partner",24.3,0
4929,2678,2026-01-05,"Signature","Atlantic","Social",19.94,0
4930,49,2026-04-26,"Signature","Atlantic","Social",20.99,0
4931,1180,2026-03-13,"Standard","Atlantic","Organic",13.91,0
4932,3813,2026-03-22,"Signature","Atlantic","Social",25.91,0
4933,2131,2026-05-23,"Discovery","Atlantic","Retail_partner",35.61,0
4934,3638,2026-05-24,"Discovery","Atlantic","Search",36.2,0
4935,3025,2026-04-25,"Standard","Ontario","Social",17.26,0
4936,1093,2026-01-09,"Standard","Atlantic","Search",10.4,0
4937,3654,2026-05-16,"Standard","Atlantic","Organic",13.18,0
4938,3172,2026-06-29,"Standard","Atlantic","Social",13.9,1
4939,1275,2026-01-19,"Standard","Atlantic","Search",18,0
4940,3387,2026-06-20,"Signature","Atlantic","Referral",19.4,0
4941,3642,2026-06-08,"Discovery","Ontario","Search",30.52,0
4942,2861,2026-04-28,"Signature","Atlantic","Referral",20.53,0
4943,1630,2026-05-02,"Signature","Atlantic","Organic",22.43,0
4944,246,2026-01-16,"Standard","Atlantic","Organic",17.17,1
4945,1313,2026-02-14,"Standard","Ontario","Organic",14.86,0
4946,1934,2026-04-08,"Standard","Ontario","Organic",14.01,1
4947,2323,2026-03-02,"Discovery","Atlantic","Referral",35.66,0
4948,288,2026-02-15,"Signature","Atlantic","Organic",20.65,0
4949,3711,2026-04-07,"Discovery","Ontario","Retail_partner",35.3,0
4950,3136,2026-05-02,"Signature","Atlantic","Organic",21.47,0
4951,1844,2026-01-05,"Standard","Atlantic","Organic",10.56,1
4952,1895,2026-04-07,"Standard","Atlantic","Retail_partner",15.64,0
4953,3348,2026-04-25,"Standard","Atlantic","Organic",15.41,1
4954,252,2026-06-21,"Standard","Atlantic","Referral",17.62,0
4955,132,2026-02-12,"Signature","Atlantic","Search",20.45,1
4956,1126,2026-02-13,"Signature","Atlantic","Organic",23.38,0
4957,2005,2026-03-07,"Signature","Ontario","Social",23.21,1
4958,1765,2026-02-05,"Standard","Atlantic","Social",18.95,0
4959,578,2026-02-18,"Discovery","Atlantic","Referral",31.57,1
4960,2974,2026-03-31,"Signature","Atlantic","Search",23.09,1
4961,1073,2026-03-06,"Signature","Atlantic","Organic",22.72,0
4962,1051,2026-06-28,"Signature","Ontario","Organic",25.49,0
4963,1309,2026-02-06,"Signature","Ontario","Referral",26.39,0
4964,2307,2026-01-21,"Signature","Atlantic","Organic",22.77,1
4965,3262,2026-06-22,"Signature","Atlantic","Referral",17.98,0
4966,2029,2026-02-12,"Signature","Atlantic","Search",24.15,0
4967,2990,2026-04-27,"Discovery","Atlantic","Referral",35.71,0
4968,3429,2026-04-17,"Standard","Atlantic","Organic",12.33,0
4969,1664,2026-01-25,"Signature","Atlantic","Search",25.24,0
4970,3708,2026-02-20,"Discovery","Ontario","Social",34.85,0
4971,2130,2026-04-03,"Standard","Atlantic","Organic",16.99,1
4972,1486,2026-02-12,"Standard","Ontario","Organic",19.35,0
4973,3930,2026-01-08,"Standard","Ontario","Referral",13.09,0
4974,3979,2026-01-27,"Standard","Atlantic","Referral",15.49,0
4975,913,2026-05-29,"Signature","Atlantic","Organic",20.69,0
4976,1913,2026-06-14,"Standard","Atlantic","Search",9.49,0
4977,1406,2026-06-05,"Signature","Atlantic","Organic",25.79,0
4978,452,2026-04-02,"Signature","Atlantic","Referral",25.39,0
4979,3487,2026-06-30,"Signature","Ontario","Referral",22.13,0
4980,2866,2026-01-04,"Standard","Atlantic","Referral",13.29,0
4981,2679,2026-05-20,"Discovery","Atlantic","Social",34.65,1
4982,153,2026-02-15,"Discovery","Atlantic","Search",30.81,0
4983,1076,2026-03-21,"Signature","Atlantic","Referral",25.88,1
4984,1057,2026-05-31,"Standard","Atlantic","Organic",13.97,1
4985,7,2026-06-05,"Standard","Atlantic","Search",14.33,0
4986,3424,2026-05-14,"Standard","Atlantic","Social",14.57,0
4987,900,2026-05-10,"Standard","Atlantic","Organic",15.26,0
4988,1536,2026-02-09,"Discovery","Atlantic","Search",34.77,1
4989,3046,2026-04-05,"Discovery","Atlantic","Referral",34.32,0
4990,3107,2026-06-21,"Standard","Ontario","Organic",14.76,1
4991,2076,2026-04-11,"Standard","Atlantic","Social",12.3,0
4992,397,2026-03-21,"Signature","Atlantic","Organic",20.31,0
4993,3761,2026-06-21,"Standard","Atlantic","Organic",16.05,0
4994,3364,2026-04-29,"Discovery","Atlantic","Retail_partner",27.85,0
4995,858,2026-06-19,"Standard","Atlantic","Organic",16.81,1
4996,1253,2026-04-08,"Signature","Atlantic","Search",18.81,0
4997,3165,2026-06-28,"Signature","Ontario","Referral",23.1,0
4998,2379,2026-06-03,"Standard","Atlantic","Social",16.15,0
4999,3837,2026-01-21,"Signature","Atlantic","Referral",22.12,0
5000,2470,2026-04-01,"Signature","Atlantic","Organic",21.73,1
5001,1165,2026-06-12,"Standard","Atlantic","Organic",13.76,0
5002,60,2026-04-14,"Standard","Atlantic","Referral",14.47,0
5003,1320,2026-05-25,"Standard","Atlantic","Organic",15.7,0
5004,3161,2026-04-01,"Standard","Atlantic","Social",18.74,1
5005,3507,2026-03-07,"Standard","Atlantic","Organic",14.42,0
5006,1103,2026-04-10,"Signature","Atlantic","Social",20.5,0
5007,2126,2026-05-21,"Standard","Atlantic","Organic",16.82,0
5008,1416,2026-02-11,"Signature","Atlantic","Organic",22.23,0
5009,1624,2026-03-14,"Discovery","Ontario","Social",33.76,0
5010,784,2026-04-22,"Discovery","Atlantic","Search",28.42,1
5011,349,2026-02-02,"Signature","Atlantic","Organic",16.97,0
5012,566,2026-01-27,"Standard","Atlantic","Organic",10.63,1
5013,2232,2026-02-19,"Standard","Atlantic","Search",13.46,0
5014,1346,2026-06-03,"Standard","Atlantic","Referral",16.01,1
5015,2318,2026-01-07,"Signature","Atlantic","Referral",23.91,0
5016,100,2026-03-31,"Signature","Ontario","Organic",22.97,0
5017,3281,2026-05-23,"Signature","Atlantic","Referral",24.49,0
5018,3838,2026-03-06,"Signature","Atlantic","Organic",21.72,0
5019,354,2026-06-25,"Discovery","Atlantic","Retail_partner",26.66,0
5020,1986,2026-06-22,"Standard","Atlantic","Social",17.81,1
5021,2490,2026-05-27,"Signature","Atlantic","Organic",21.81,1
5022,2192,2026-03-02,"Signature","Ontario","Social",26.81,0
5023,3950,2026-04-23,"Discovery","Atlantic","Organic",27.47,0
5024,3305,2026-02-15,"Signature","Atlantic","Social",22.68,0
5025,3575,2026-05-17,"Standard","Ontario","Organic",13.13,0
5026,1906,2026-06-03,"Discovery","Ontario","Referral",30.24,0
5027,365,2026-02-05,"Discovery","Atlantic","Search",33.05,0
5028,3999,2026-04-20,"Signature","Atlantic","Search",20.45,0
5029,542,2026-01-30,"Standard","Ontario","Organic",18.2,0
5030,1786,2026-01-26,"Standard","Atlantic","Search",14.53,0
5031,1977,2026-04-13,"Signature","Atlantic","Organic",25.44,0
5032,3528,2026-01-14,"Signature","Ontario","Organic",24.2,1
5033,750,2026-03-20,"Discovery","Ontario","Search",32.95,0
5034,160,2026-07-01,"Discovery","Atlantic","Social",32.4,0
5035,551,2026-03-25,"Signature","Ontario","Organic",22.33,0
5036,2597,2026-01-21,"Standard","Atlantic","Social",14.38,1
5037,917,2026-06-03,"Standard","Atlantic","Social",11.94,0
5038,3312,2026-06-03,"Signature","Atlantic","Search",22.37,0
5039,708,2026-02-10,"Standard","Atlantic","Referral",15.82,0
5040,2993,2026-06-08,"Standard","Atlantic","Search",21.02,0
5041,31,2026-03-21,"Signature","Atlantic","Referral",23.8,0
5042,788,2026-05-18,"Standard","Atlantic","Social",16.5,0
5043,2276,2026-05-30,"Standard","Atlantic","Organic",13.29,1
5044,1820,2026-01-21,"Standard","Atlantic","Social",16.82,0
5045,566,2026-05-23,"Standard","Ontario","Search",16.24,0
5046,3813,2026-04-10,"Signature","Atlantic","Search",23.22,0
5047,1616,2026-01-29,"Standard","Atlantic","Retail_partner",19.1,0
5048,3185,2026-02-15,"Discovery","Atlantic","Organic",35.29,0
5049,1456,2026-01-05,"Discovery","Atlantic","Search",31.66,0
5050,2698,2026-07-01,"Standard","Atlantic","Organic",16.56,1
5051,2648,2026-06-05,"Standard","Atlantic","Search",13.53,1
5052,513,2026-02-15,"Discovery","Atlantic","Referral",27.02,0
5053,3169,2026-05-21,"Standard","Atlantic","Search",17.51,0
5054,1542,2026-04-17,"Standard","Atlantic","Social",16.1,1
5055,3753,2026-01-02,"Standard","Atlantic","Search",12.71,0
5056,272,2026-03-16,"Standard","Atlantic","Social",13.85,0
5057,2521,2026-01-10,"Signature","Atlantic","Social",24.32,0
5058,435,2026-02-07,"Standard","Atlantic","Referral",12.99,0
5059,3848,2026-06-09,"Standard","Atlantic","Organic",14.56,0
5060,682,2026-04-28,"Standard","Atlantic","Search",14.16,1
5061,3854,2026-01-18,"Signature","Atlantic","Organic",21.18,0
5062,2539,2026-07-01,"Standard","Atlantic","Retail_partner",18.04,0
5063,3837,2026-01-08,"Standard","Atlantic","Social",16.39,0
5064,3638,2026-04-15,"Discovery","Atlantic","Organic",35.56,0
5065,1535,2026-01-21,"Standard","Atlantic","Organic",14.09,0
5066,524,2026-01-20,"Signature","Atlantic","Social",25.76,0
5067,3918,2026-01-25,"Signature","Atlantic","Social",25.17,0
5068,3285,2026-02-14,"Standard","Atlantic","Referral",11.9,1
5069,300,2026-05-16,"Standard","Atlantic","Organic",18.52,0
5070,43,2026-07-01,"Standard","Atlantic","Retail_partner",16.02,0
5071,1644,2026-05-21,"Standard","Atlantic","Social",13.3,0
5072,322,2026-03-28,"Discovery","Ontario","Organic",31.36,0
5073,171,2026-03-14,"Standard","Atlantic","Organic",18.11,0
5074,3129,2026-02-22,"Standard","Ontario","Retail_partner",16.53,0
5075,2566,2026-02-18,"Standard","Atlantic","Search",10.06,1
5076,3038,2026-01-08,"Discovery","Atlantic","Retail_partner",29.63,0
5077,952,2026-06-02,"Standard","Atlantic","Social",15.78,0
5078,2076,2026-01-14,"Standard","Atlantic","Search",12.97,0
5079,1394,2026-03-23,"Standard","Ontario","Social",14.73,1
5080,916,2026-01-11,"Standard","Atlantic","Social",9.47,0
5081,667,2026-01-12,"Signature","Atlantic","Organic",22.23,0
5082,1424,2026-05-17,"Signature","Atlantic","Search",21.46,0
5083,1589,2026-04-11,"Standard","Atlantic","Retail_partner",10.42,0
5084,2367,2026-06-24,"Discovery","Ontario","Organic",39.54,0
5085,1640,2026-04-26,"Standard","Ontario","Organic",16.4,0
5086,48,2026-02-21,"Standard","Ontario","Organic",17.53,0
5087,779,2026-01-21,"Discovery","Atlantic","Organic",33.35,0
5088,2789,2026-01-25,"Standard","Ontario","Organic",13.99,0
5089,2519,2026-06-28,"Signature","Ontario","Search",19.97,0
5090,3315,2026-04-03,"Standard","Atlantic","Search",12.13,0
5091,2096,2026-05-06,"Standard","Atlantic","Search",10.85,1
5092,778,2026-05-23,"Standard","Ontario","Organic",14.67,1
5093,197,2026-03-19,"Discovery","Atlantic","Retail_partner",36.18,0
5094,3116,2026-05-08,"Discovery","Atlantic","Referral",34.77,0
5095,2326,2026-02-01,"Signature","Ontario","Organic",17.76,0
5096,890,2026-05-29,"Signature","Atlantic","Organic",20.63,1
5097,447,2026-03-08,"Standard","Atlantic","Search",14.41,0
5098,1584,2026-06-22,"Signature","Atlantic","Organic",21.44,0
5099,1434,2026-05-23,"Signature","Atlantic","Retail_partner",21.13,0
5100,3007,2026-02-04,"Standard","Ontario","Referral",18.47,0
5101,1436,2026-05-29,"Standard","Atlantic","Organic",14.19,0
5102,3772,2026-06-19,"Discovery","Atlantic","Social",36.02,0
5103,1485,2026-02-18,"Standard","Atlantic","Retail_partner",8.81,0
5104,1852,2026-06-10,"Discovery","Atlantic","Search",34.43,0
5105,2924,2026-01-21,"Standard","Atlantic","Referral",12.86,0
5106,1160,2026-03-16,"Standard","Ontario","Organic",13.55,0
5107,2863,2026-05-10,"Standard","Ontario","Search",9.07,0
5108,215,2026-04-15,"Standard","Atlantic","Search",11.48,0
5109,823,2026-04-25,"Standard","Ontario","Organic",16.73,0
5110,1117,2026-03-13,"Standard","Atlantic","Retail_partner",17.11,0
5111,3427,2026-01-26,"Signature","Ontario","Social",22.27,0
5112,2701,2026-05-06,"Standard","Atlantic","Organic",18.79,0
5113,3192,2026-06-02,"Signature","Atlantic","Retail_partner",22.13,0
5114,1746,2026-02-12,"Signature","Atlantic","Organic",21.09,0
5115,2932,2026-01-15,"Standard","Ontario","Social",14.45,0
5116,3049,2026-06-21,"Standard","Atlantic","Referral",16.32,0
5117,1362,2026-05-03,"Signature","Ontario","Organic",25.19,1
5118,1152,2026-03-23,"Discovery","Atlantic","Organic",28.62,0
5119,3305,2026-03-09,"Standard","Atlantic","Organic",16.61,0
5120,265,2026-03-10,"Standard","Atlantic","Social",14.43,1
5121,870,2026-03-04,"Signature","Atlantic","Organic",23.37,0
5122,2188,2026-02-04,"Standard","Ontario","Search",16.5,1
5123,116,2026-04-19,"Standard","Atlantic","Social",16.73,0
5124,2410,2026-03-24,"Signature","Atlantic","Organic",20.98,0
5125,2616,2026-06-18,"Standard","Atlantic","Social",14.91,0
5126,2157,2026-01-18,"Standard","Ontario","Social",15.78,1
5127,1492,2026-04-01,"Standard","Ontario","Referral",16.04,0
5128,921,2026-04-25,"Standard","Atlantic","Organic",16.85,0
5129,246,2026-01-09,"Discovery","Atlantic","Organic",32.38,0
5130,1609,2026-02-24,"Discovery","Atlantic","Organic",35.14,0
5131,1378,2026-04-13,"Standard","Atlantic","Search",9.62,1
5132,3315,2026-04-07,"Discovery","Atlantic","Referral",26.04,0
5133,3429,2026-06-16,"Signature","Atlantic","Social",21.18,0
5134,1526,2026-06-30,"Standard","Atlantic","Organic",15.74,0
5135,1351,2026-06-15,"Standard","Atlantic","Retail_partner",14.32,0
5136,646,2026-02-28,"Standard","Atlantic","Search",13.77,0
5137,3016,2026-01-30,"Standard","Atlantic","Organic",14.85,0
5138,354,2026-06-02,"Discovery","Atlantic","Organic",27.99,0
5139,727,2026-03-13,"Standard","Atlantic","Organic",17.77,0
5140,2480,2026-01-25,"Standard","Atlantic","Social",13.03,0
5141,1367,2026-01-28,"Discovery","Ontario","Organic",33.02,0
5142,933,2026-01-24,"Signature","Atlantic","Retail_partner",23.87,0
5143,3374,2026-02-27,"Standard","Atlantic","Search",10.61,0
5144,1836,2026-06-18,"Standard","Ontario","Organic",14.53,0
5145,349,2026-02-13,"Discovery","Atlantic","Organic",31.08,1
5146,742,2026-04-13,"Standard","Atlantic","Organic",12.89,0
5147,2418,2026-05-03,"Standard","Ontario","Search",15.09,0
5148,1744,2026-06-16,"Standard","Ontario","Search",18.04,0
5149,3983,2026-03-05,"Standard","Atlantic","Organic",14.27,1
5150,2899,2026-03-07,"Standard","Ontario","Organic",18,0
5151,2843,2026-02-10,"Signature","Atlantic","Organic",25.43,0
5152,428,2026-02-10,"Standard","Atlantic","Social",14.15,0
5153,2459,2026-01-06,"Discovery","Atlantic","Organic",33.22,0
5154,2846,2026-03-03,"Standard","Atlantic","Organic",17.39,1
5155,868,2026-04-18,"Standard","Atlantic","Retail_partner",15.89,0
5156,17,2026-03-29,"Standard","Atlantic","Organic",15.94,0
5157,2716,2026-06-10,"Standard","Atlantic","Referral",12.91,0
5158,765,2026-05-15,"Standard","Atlantic","Organic",14.5,0
5159,1378,2026-05-23,"Standard","Atlantic","Organic",16.3,0
5160,1995,2026-06-13,"Standard","Ontario","Organic",15.75,1
5161,1941,2026-01-27,"Discovery","Atlantic","Social",30.11,0
5162,1065,2026-03-15,"Standard","Atlantic","Social",13.65,0
5163,1939,2026-06-12,"Standard","Atlantic","Social",18.2,1
5164,1477,2026-06-22,"Standard","Ontario","Search",20.96,0
5165,1962,2026-02-21,"Signature","Atlantic","Organic",19.07,0
5166,3169,2026-06-27,"Standard","Atlantic","Search",17.86,0
5167,563,2026-03-01,"Discovery","Atlantic","Organic",34.34,0
5168,2974,2026-03-24,"Signature","Atlantic","Organic",20.95,0
5169,825,2026-03-19,"Standard","Atlantic","Retail_partner",16.66,0
5170,73,2026-06-07,"Signature","Atlantic","Social",18.82,0
5171,125,2026-01-13,"Standard","Atlantic","Referral",7.22,0
5172,364,2026-05-01,"Standard","Atlantic","Organic",15.81,0
5173,2703,2026-06-05,"Standard","Atlantic","Referral",13.31,0
5174,660,2026-01-18,"Signature","Atlantic","Social",19.27,0
5175,79,2026-05-23,"Standard","Atlantic","Retail_partner",15.11,1
5176,1510,2026-02-28,"Standard","Atlantic","Organic",13.29,0
5177,2281,2026-02-12,"Signature","Ontario","Retail_partner",24.97,0
5178,735,2026-02-06,"Standard","Atlantic","Referral",16.33,0
5179,3212,2026-02-22,"Standard","Atlantic","Search",11.89,1
5180,2678,2026-06-10,"Signature","Atlantic","Organic",17.06,0
5181,2789,2026-04-14,"Standard","Atlantic","Social",18.41,0
5182,2678,2026-06-16,"Standard","Atlantic","Organic",10.1,1
5183,2255,2026-01-15,"Discovery","Ontario","Social",32.08,0
5184,3881,2026-04-14,"Signature","Atlantic","Search",19.53,1
5185,1643,2026-01-29,"Standard","Atlantic","Organic",16.02,0
5186,3444,2026-03-27,"Standard","Ontario","Organic",17.43,1
5187,1359,2026-05-25,"Signature","Atlantic","Organic",23.88,0
5188,3097,2026-06-06,"Standard","Atlantic","Organic",15.23,0
5189,472,2026-01-01,"Standard","Atlantic","Search",18.44,1
5190,2098,2026-02-26,"Signature","Ontario","Social",26.38,0
5191,2575,2026-03-15,"Standard","Atlantic","Organic",18.26,1
5192,2055,2026-05-30,"Standard","Atlantic","Organic",13.74,0
5193,2199,2026-02-08,"Discovery","Atlantic","Organic",28.9,0
5194,612,2026-04-11,"Signature","Atlantic","Organic",23.46,0
5195,2465,2026-01-21,"Signature","Atlantic","Referral",19.55,0
5196,3381,2026-03-03,"Standard","Atlantic","Social",16.14,0
5197,1819,2026-01-21,"Standard","Atlantic","Search",16.62,0
5198,229,2026-03-14,"Signature","Atlantic","Referral",22.06,0
5199,1541,2026-06-28,"Signature","Atlantic","Social",24.43,0
5200,1222,2026-03-30,"Standard","Ontario","Social",19.69,1
5201,726,2026-05-03,"Standard","Atlantic","Social",17.71,0
5202,3551,2026-01-19,"Discovery","Atlantic","Search",33.56,0
5203,2717,2026-04-29,"Discovery","Atlantic","Social",31.22,0
5204,2399,2026-02-07,"Standard","Atlantic","Search",20,0
5205,2574,2026-03-27,"Standard","Atlantic","Referral",10.93,0
5206,2305,2026-06-20,"Signature","Atlantic","Referral",24.6,1
5207,559,2026-03-14,"Discovery","Atlantic","Social",36.16,1
5208,1684,2026-06-24,"Standard","Ontario","Organic",12.25,0
5209,596,2026-05-01,"Standard","Ontario","Search",13.76,1
5210,1742,2026-05-09,"Signature","Atlantic","Organic",22.35,0
5211,3945,2026-02-27,"Standard","Ontario","Search",17.48,0
5212,2285,2026-04-24,"Standard","Atlantic","Organic",18.37,0
5213,662,2026-07-01,"Standard","Atlantic","Social",11.98,0
5214,2892,2026-06-14,"Standard","Atlantic","Referral",16.67,0
5215,2756,2026-04-23,"Standard","Ontario","Organic",17.16,1
5216,514,2026-06-13,"Signature","Atlantic","Referral",22.27,0
5217,1161,2026-06-07,"Standard","Atlantic","Social",13.81,1
5218,378,2026-02-12,"Standard","Atlantic","Referral",13.63,0
5219,2106,2026-05-01,"Standard","Atlantic","Social",14.06,0
5220,1034,2026-03-25,"Standard","Ontario","Referral",16.09,1
5221,2334,2026-06-03,"Standard","Ontario","Social",19.85,0
5222,3946,2026-01-13,"Standard","Atlantic","Search",13.41,0
5223,3062,2026-03-09,"Signature","Atlantic","Referral",23.57,0
5224,540,2026-03-02,"Standard","Ontario","Social",12.28,0
5225,2217,2026-05-02,"Standard","Ontario","Social",17.05,0
5226,528,2026-03-31,"Standard","Atlantic","Social",16.03,0
5227,2085,2026-06-16,"Standard","Atlantic","Retail_partner",17.78,0
5228,3879,2026-03-15,"Standard","Atlantic","Organic",12.32,0
5229,3641,2026-01-21,"Signature","Atlantic","Social",23.3,0
5230,2989,2026-01-04,"Discovery","Atlantic","Search",33.43,0
5231,623,2026-05-13,"Signature","Atlantic","Retail_partner",21.27,0
5232,3098,2026-02-23,"Standard","Atlantic","Organic",15.93,0
5233,1652,2026-06-01,"Signature","Atlantic","Referral",26.49,0
5234,1695,2026-06-13,"Standard","Ontario","Search",16.59,0
5235,3882,2026-02-21,"Signature","Atlantic","Retail_partner",21.95,0
5236,2393,2026-05-18,"Discovery","Atlantic","Organic",30.99,0
5237,3358,2026-02-23,"Standard","Atlantic","Search",14.87,0
5238,1336,2026-05-02,"Signature","Atlantic","Referral",20.06,1
5239,562,2026-02-06,"Standard","Atlantic","Referral",13.82,0
5240,3617,2026-05-22,"Standard","Atlantic","Retail_partner",14.59,0
5241,544,2026-05-02,"Signature","Atlantic","Organic",22.98,1
5242,1716,2026-04-27,"Discovery","Atlantic","Organic",38.77,1
5243,2401,2026-05-06,"Standard","Atlantic","Organic",13.73,1
5244,634,2026-03-19,"Signature","Atlantic","Organic",25.89,0
5245,174,2026-05-07,"Standard","Atlantic","Organic",16.7,1
5246,1632,2026-01-05,"Standard","Ontario","Organic",14.18,0
5247,2370,2026-05-21,"Standard","Ontario","Retail_partner",13.54,0
5248,873,2026-03-15,"Standard","Atlantic","Referral",16.69,0
5249,615,2026-06-28,"Standard","Ontario","Organic",16.63,0
5250,3630,2026-05-17,"Discovery","Atlantic","Organic",36.53,1
5251,1671,2026-05-22,"Signature","Atlantic","Social",23.45,1
5252,1561,2026-03-05,"Standard","Atlantic","Referral",15.47,0
5253,1657,2026-03-24,"Standard","Atlantic","Referral",15.11,1
5254,2603,2026-03-24,"Signature","Ontario","Search",23.24,0
5255,2477,2026-06-23,"Standard","Atlantic","Search",19.72,1
5256,569,2026-06-16,"Standard","Atlantic","Referral",13.32,0
5257,3124,2026-01-07,"Signature","Ontario","Search",25.23,0
5258,752,2026-06-11,"Signature","Atlantic","Retail_partner",21.26,0
5259,1585,2026-03-23,"Standard","Atlantic","Referral",14.75,1
5260,3967,2026-06-26,"Standard","Atlantic","Search",13.13,0
5261,177,2026-06-29,"Standard","Atlantic","Search",15.43,0
5262,2168,2026-05-07,"Signature","Atlantic","Social",23.45,1
5263,1129,2026-02-25,"Signature","Atlantic","Organic",22.27,0
5264,3228,2026-02-12,"Signature","Atlantic","Social",28.32,0
5265,2885,2026-04-11,"Standard","Atlantic","Referral",13.77,0
5266,2159,2026-06-22,"Standard","Atlantic","Organic",13.17,0
5267,2388,2026-01-22,"Signature","Atlantic","Search",22.13,0
5268,1956,2026-02-09,"Standard","Ontario","Referral",18.22,0
5269,7,2026-04-23,"Signature","Atlantic","Referral",25.51,0
5270,2510,2026-02-15,"Standard","Atlantic","Organic",13.63,0
5271,1952,2026-03-19,"Standard","Atlantic","Organic",18.72,1
5272,3183,2026-06-02,"Standard","Ontario","Organic",16.87,1
5273,2160,2026-03-28,"Discovery","Atlantic","Organic",33.68,0
5274,2985,2026-03-13,"Signature","Atlantic","Social",22.89,0
5275,2745,2026-06-01,"Discovery","Atlantic","Social",33.76,0
5276,2089,2026-06-30,"Standard","Atlantic","Retail_partner",15.52,0
5277,1462,2026-05-24,"Signature","Atlantic","Search",27.54,1
5278,3779,2026-04-28,"Standard","Atlantic","Social",11.56,1
5279,3386,2026-06-05,"Standard","Atlantic","Organic",18.71,0
5280,907,2026-01-13,"Standard","Atlantic","Organic",17.21,1
5281,1826,2026-02-13,"Standard","Atlantic","Organic",21.53,1
5282,799,2026-01-19,"Signature","Atlantic","Referral",20.24,0
5283,483,2026-04-24,"Standard","Atlantic","Social",13.45,0
5284,1248,2026-05-27,"Standard","Ontario","Organic",15.47,0
5285,3813,2026-05-23,"Signature","Atlantic","Retail_partner",20.81,0
5286,3997,2026-04-04,"Standard","Atlantic","Referral",14.79,0
5287,114,2026-01-12,"Signature","Atlantic","Search",22.36,0
5288,2639,2026-06-15,"Standard","Atlantic","Organic",19.4,0
5289,3991,2026-04-18,"Signature","Atlantic","Organic",23.29,0
5290,321,2026-06-16,"Discovery","Atlantic","Organic",36.2,1
5291,2008,2026-05-11,"Standard","Ontario","Search",17.05,0
5292,2637,2026-03-28,"Standard","Atlantic","Retail_partner",13.81,0
5293,3718,2026-02-12,"Standard","Atlantic","Social",14.56,0
5294,430,2026-05-17,"Standard","Atlantic","Search",16.79,0
5295,2646,2026-04-25,"Discovery","Atlantic","Search",29.36,0
5296,1695,2026-04-10,"Discovery","Atlantic","Search",29.33,0
5297,1118,2026-05-06,"Standard","Atlantic","Referral",13.39,0
5298,336,2026-03-13,"Discovery","Atlantic","Organic",28.47,1
5299,2979,2026-05-09,"Standard","Atlantic","Social",13.24,1
5300,396,2026-04-28,"Standard","Atlantic","Social",12.34,1
5301,1117,2026-01-12,"Signature","Atlantic","Organic",25.74,1
5302,3110,2026-05-31,"Standard","Ontario","Organic",17.93,0
5303,2341,2026-03-30,"Standard","Atlantic","Retail_partner",17.53,0
5304,1563,2026-05-11,"Standard","Atlantic","Referral",14.92,0
5305,143,2026-05-26,"Signature","Atlantic","Social",20.91,1
5306,2659,2026-03-18,"Standard","Atlantic","Retail_partner",15.19,0
5307,2239,2026-02-01,"Signature","Atlantic","Social",22.77,0
5308,2327,2026-02-04,"Standard","Ontario","Retail_partner",12.92,0
5309,3139,2026-05-04,"Signature","Atlantic","Organic",21.76,1
5310,2032,2026-03-22,"Standard","Atlantic","Social",16.19,0
5311,2389,2026-02-26,"Signature","Atlantic","Organic",18.18,0
5312,3219,2026-06-18,"Standard","Ontario","Organic",15.61,0
5313,1236,2026-06-08,"Discovery","Atlantic","Organic",31.24,0
5314,983,2026-06-01,"Standard","Atlantic","Organic",13.65,0
5315,2645,2026-03-31,"Signature","Atlantic","Organic",21.63,0
5316,1302,2026-01-03,"Standard","Atlantic","Organic",18.51,0
5317,904,2026-01-11,"Discovery","Atlantic","Search",33.04,0
5318,38,2026-06-06,"Signature","Atlantic","Search",21.44,1
5319,1392,2026-02-01,"Signature","Atlantic","Social",21.18,0
5320,1088,2026-01-05,"Standard","Atlantic","Organic",15.3,0
5321,3703,2026-05-30,"Standard","Ontario","Retail_partner",20.41,0
5322,3768,2026-01-20,"Signature","Atlantic","Organic",20.99,0
5323,1305,2026-05-10,"Signature","Atlantic","Referral",26.95,0
5324,2596,2026-04-07,"Standard","Atlantic","Referral",17.21,0
5325,2029,2026-06-04,"Standard","Ontario","Organic",15.4,1
5326,1483,2026-04-25,"Standard","Atlantic","Retail_partner",16.67,0
5327,2072,2026-05-11,"Standard","Atlantic","Organic",15.47,0
5328,1108,2026-05-19,"Standard","Atlantic","Retail_partner",9.32,0
5329,1611,2026-01-17,"Signature","Atlantic","Social",21.2,1
5330,1469,2026-01-23,"Standard","Ontario","Referral",11.96,0
5331,1857,2026-06-03,"Standard","Atlantic","Retail_partner",18.94,1
5332,1920,2026-06-01,"Standard","Atlantic","Social",15.98,0
5333,2745,2026-06-21,"Signature","Atlantic","Referral",23.83,0
5334,77,2026-05-14,"Standard","Atlantic","Organic",16.14,0
5335,3918,2026-04-15,"Signature","Atlantic","Organic",25.18,0
5336,1205,2026-05-18,"Standard","Ontario","Retail_partner",20.26,0
5337,406,2026-04-04,"Signature","Atlantic","Referral",25.42,0
5338,2606,2026-06-02,"Discovery","Atlantic","Search",35.27,0
5339,1528,2026-04-22,"Standard","Atlantic","Retail_partner",13.5,0
5340,3736,2026-05-15,"Signature","Ontario","Search",23.9,0
5341,3523,2026-01-28,"Standard","Atlantic","Organic",19.04,0
5342,3859,2026-06-20,"Signature","Atlantic","Social",19.89,0
5343,1985,2026-02-03,"Standard","Atlantic","Search",12.89,0
5344,3069,2026-03-11,"Standard","Ontario","Referral",18.58,0
5345,2210,2026-03-12,"Signature","Atlantic","Search",21.63,0
5346,1182,2026-04-08,"Signature","Atlantic","Organic",21.33,0
5347,219,2026-01-26,"Discovery","Atlantic","Organic",28.93,0
5348,1336,2026-06-29,"Standard","Atlantic","Retail_partner",15.03,0
5349,1749,2026-01-07,"Standard","Atlantic","Retail_partner",10.13,0
5350,865,2026-04-11,"Standard","Atlantic","Social",12.53,0
5351,2013,2026-06-11,"Standard","Atlantic","Referral",10.56,0
5352,1099,2026-01-24,"Standard","Atlantic","Search",20.31,0
5353,2310,2026-01-17,"Discovery","Atlantic","Organic",31.18,0
5354,1171,2026-04-02,"Standard","Ontario","Social",14.79,0
5355,1215,2026-03-01,"Signature","Atlantic","Organic",16.31,1
5356,1450,2026-01-18,"Signature","Ontario","Organic",27.71,0
5357,3119,2026-06-07,"Standard","Ontario","Referral",10.8,0
5358,1196,2026-06-01,"Standard","Atlantic","Organic",18.27,1
5359,430,2026-04-18,"Signature","Atlantic","Social",24.25,0
5360,3228,2026-01-22,"Standard","Atlantic","Organic",21.06,0
5361,737,2026-06-20,"Signature","Atlantic","Organic",22.91,0
5362,2330,2026-02-12,"Standard","Atlantic","Organic",16.77,1
5363,3125,2026-03-23,"Signature","Atlantic","Organic",22.33,0
5364,2752,2026-03-17,"Signature","Atlantic","Retail_partner",23.42,0
5365,3593,2026-01-01,"Standard","Atlantic","Referral",19.24,0
5366,3829,2026-04-27,"Discovery","Atlantic","Referral",32.75,0
5367,1284,2026-04-01,"Signature","Ontario","Retail_partner",18.4,0
5368,519,2026-06-05,"Signature","Atlantic","Social",21.39,0
5369,646,2026-05-02,"Standard","Atlantic","Referral",16.95,1
5370,2092,2026-05-06,"Signature","Ontario","Social",21.81,0
5371,2646,2026-04-27,"Standard","Ontario","Social",15.2,0
5372,2802,2026-02-06,"Standard","Atlantic","Social",19.94,0
5373,3348,2026-02-15,"Standard","Atlantic","Referral",14.91,0
5374,3221,2026-04-06,"Signature","Atlantic","Search",21.06,0
5375,1137,2026-01-24,"Discovery","Atlantic","Organic",31.7,0
5376,252,2026-01-17,"Standard","Ontario","Search",13.65,0
5377,1133,2026-05-11,"Standard","Ontario","Organic",9.62,0
5378,3781,2026-05-02,"Signature","Atlantic","Retail_partner",25.12,0
5379,979,2026-01-07,"Standard","Atlantic","Organic",11.69,1
5380,1874,2026-03-03,"Discovery","Ontario","Social",37.22,0
5381,69,2026-03-07,"Standard","Ontario","Organic",16.75,0
5382,188,2026-01-22,"Standard","Atlantic","Organic",12.04,1
5383,1942,2026-05-10,"Discovery","Atlantic","Search",34.64,0
5384,223,2026-02-22,"Signature","Ontario","Organic",27.73,0
5385,1245,2026-03-26,"Standard","Atlantic","Organic",16.67,0
5386,1036,2026-03-25,"Signature","Ontario","Social",22.01,0
5387,3213,2026-03-23,"Discovery","Ontario","Retail_partner",38.8,0
5388,1405,2026-06-14,"Discovery","Atlantic","Organic",28.6,0
5389,222,2026-03-02,"Standard","Atlantic","Referral",12.54,0
5390,1899,2026-02-06,"Standard","Atlantic","Organic",14.1,0
5391,2461,2026-04-09,"Standard","Atlantic","Retail_partner",16.03,0
5392,120,2026-03-21,"Signature","Atlantic","Organic",20.84,0
5393,3912,2026-03-28,"Signature","Atlantic","Search",24.95,0
5394,2499,2026-02-26,"Standard","Atlantic","Search",16.65,0
5395,1111,2026-01-27,"Standard","Atlantic","Referral",17.13,0
5396,51,2026-06-28,"Signature","Atlantic","Organic",20.78,0
5397,2654,2026-02-18,"Signature","Atlantic","Organic",26.26,0
5398,2297,2026-04-02,"Standard","Ontario","Retail_partner",14.61,0
5399,3260,2026-05-11,"Discovery","Atlantic","Social",33.45,0
5400,1220,2026-01-02,"Standard","Atlantic","Retail_partner",18.67,1
5401,575,2026-04-04,"Standard","Atlantic","Social",14.56,0
5402,3107,2026-05-08,"Standard","Atlantic","Organic",15.11,0
5403,434,2026-06-12,"Standard","Atlantic","Search",16.67,0
5404,1068,2026-02-09,"Signature","Atlantic","Social",21.72,0
5405,250,2026-02-20,"Standard","Atlantic","Search",14.55,0
5406,2637,2026-03-31,"Standard","Atlantic","Social",17.49,0
5407,217,2026-06-25,"Standard","Atlantic","Social",16.06,0
5408,2978,2026-05-11,"Signature","Atlantic","Organic",22.51,1
5409,2074,2026-04-01,"Signature","Atlantic","Organic",25.73,0
5410,418,2026-01-15,"Discovery","Atlantic","Referral",30.93,0
5411,3702,2026-05-10,"Standard","Atlantic","Search",17.01,0
5412,3784,2026-03-02,"Discovery","Atlantic","Referral",37.44,0
5413,172,2026-02-16,"Standard","Atlantic","Search",20.24,0
5414,3994,2026-05-07,"Standard","Atlantic","Retail_partner",11.43,1
5415,2288,2026-04-24,"Standard","Atlantic","Search",16.88,0
5416,3721,2026-05-12,"Standard","Atlantic","Referral",12.99,0
5417,1645,2026-04-02,"Standard","Ontario","Organic",17.51,1
5418,337,2026-03-26,"Discovery","Atlantic","Social",35.23,0
5419,2105,2026-06-01,"Discovery","Atlantic","Social",30.11,1
5420,257,2026-02-09,"Discovery","Atlantic","Organic",31.64,0
5421,3640,2026-02-10,"Standard","Atlantic","Retail_partner",19.06,0
5422,1119,2026-02-03,"Standard","Ontario","Organic",13.96,0
5423,1264,2026-02-10,"Signature","Atlantic","Social",25.32,0
5424,1203,2026-05-22,"Signature","Ontario","Search",23.48,0
5425,945,2026-01-17,"Discovery","Atlantic","Search",28.56,0
5426,447,2026-01-21,"Signature","Atlantic","Social",22.07,0
5427,3568,2026-05-29,"Standard","Ontario","Social",12.92,1
5428,3060,2026-03-29,"Standard","Atlantic","Referral",13.45,0
5429,1010,2026-04-10,"Signature","Ontario","Search",23,0
5430,643,2026-01-06,"Discovery","Atlantic","Retail_partner",34.45,0
5431,1595,2026-01-12,"Standard","Ontario","Social",15.2,1
5432,1998,2026-01-20,"Standard","Atlantic","Organic",15.98,0
5433,876,2026-01-08,"Standard","Atlantic","Referral",12.06,0
5434,2918,2026-02-21,"Discovery","Atlantic","Search",34.31,0
5435,3348,2026-06-24,"Standard","Atlantic","Organic",14.07,1
5436,1874,2026-05-25,"Standard","Atlantic","Organic",15.38,0
5437,3285,2026-04-24,"Signature","Atlantic","Search",20.26,0
5438,2758,2026-04-13,"Discovery","Atlantic","Social",34.55,0
5439,627,2026-01-14,"Signature","Atlantic","Retail_partner",22.54,0
5440,979,2026-04-07,"Standard","Atlantic","Search",16.21,0
5441,2621,2026-03-14,"Signature","Ontario","Retail_partner",21.23,0
5442,3182,2026-04-21,"Signature","Atlantic","Social",22.77,0
5443,3029,2026-02-28,"Signature","Atlantic","Social",28.39,0
5444,3820,2026-06-28,"Standard","Ontario","Organic",17.1,1
5445,212,2026-01-03,"Standard","Ontario","Search",15.59,1
5446,467,2026-06-13,"Signature","Atlantic","Organic",20.64,0
5447,3861,2026-01-18,"Discovery","Atlantic","Referral",34.88,0
5448,3832,2026-05-26,"Standard","Ontario","Referral",16.6,0
5449,294,2026-06-17,"Signature","Ontario","Organic",27.76,1
5450,236,2026-04-23,"Standard","Ontario","Organic",10.11,1
5451,463,2026-03-27,"Signature","Atlantic","Organic",22.96,1
5452,2168,2026-05-02,"Standard","Atlantic","Search",16.22,1
5453,2336,2026-05-01,"Standard","Atlantic","Organic",16.12,0
5454,1200,2026-02-06,"Discovery","Ontario","Search",32.78,0
5455,869,2026-05-29,"Standard","Atlantic","Retail_partner",15,0
5456,1385,2026-06-03,"Signature","Atlantic","Search",21.63,0
5457,461,2026-05-14,"Signature","Atlantic","Organic",21.15,0
5458,2277,2026-02-13,"Standard","Atlantic","Social",17.07,1
5459,176,2026-02-18,"Signature","Atlantic","Search",26.09,0
5460,2222,2026-04-23,"Signature","Ontario","Social",27.25,0
5461,1760,2026-02-04,"Signature","Atlantic","Referral",24.37,1
5462,3463,2026-04-24,"Discovery","Atlantic","Referral",32,0
5463,1035,2026-01-11,"Signature","Ontario","Organic",27.03,0
5464,642,2026-04-18,"Standard","Atlantic","Social",16.77,0
5465,1134,2026-04-20,"Standard","Atlantic","Organic",15,0
5466,1440,2026-04-01,"Standard","Ontario","Search",18.64,0
5467,3407,2026-06-20,"Standard","Atlantic","Organic",14.49,0
5468,1619,2026-03-10,"Standard","Atlantic","Referral",15.42,0
5469,3521,2026-04-29,"Standard","Atlantic","Organic",14.32,0
5470,724,2026-03-09,"Discovery","Atlantic","Organic",26.78,0
5471,1797,2026-01-01,"Standard","Ontario","Organic",12.91,1
5472,461,2026-05-31,"Standard","Atlantic","Retail_partner",12.78,0
5473,2641,2026-05-04,"Standard","Atlantic","Referral",13,0
5474,2792,2026-03-28,"Standard","Atlantic","Search",15.79,0
5475,507,2026-01-26,"Standard","Atlantic","Search",15.15,1
5476,1819,2026-05-01,"Signature","Atlantic","Referral",21.25,0
5477,1801,2026-06-21,"Standard","Ontario","Social",12.92,0
5478,3924,2026-04-04,"Standard","Ontario","Search",11.28,0
5479,1029,2026-01-10,"Discovery","Atlantic","Referral",30.71,1
5480,2743,2026-02-05,"Standard","Atlantic","Referral",14.63,1
5481,1759,2026-02-10,"Standard","Atlantic","Organic",16.53,1
5482,1294,2026-03-07,"Discovery","Atlantic","Referral",31.17,0
5483,3958,2026-06-15,"Standard","Ontario","Retail_partner",17,0
5484,3076,2026-05-01,"Signature","Ontario","Search",22.03,0
5485,1416,2026-05-26,"Discovery","Atlantic","Organic",32.64,0
5486,3421,2026-01-29,"Standard","Atlantic","Social",10.8,0
5487,27,2026-05-07,"Signature","Atlantic","Social",21.35,0
5488,2506,2026-02-02,"Discovery","Atlantic","Organic",30.38,1
5489,3074,2026-05-22,"Standard","Atlantic","Social",9.9,1
5490,1520,2026-01-11,"Signature","Atlantic","Retail_partner",16.32,0
5491,3279,2026-05-13,"Signature","Atlantic","Referral",23.6,0
5492,2845,2026-02-17,"Discovery","Atlantic","Organic",34.26,0
5493,1230,2026-06-30,"Standard","Atlantic","Search",16.76,0
5494,2824,2026-06-02,"Signature","Ontario","Social",26.77,1
5495,1323,2026-03-13,"Signature","Atlantic","Social",22.86,0
5496,628,2026-04-12,"Signature","Atlantic","Search",27.14,1
5497,560,2026-02-26,"Signature","Ontario","Organic",23.7,0
5498,2860,2026-04-07,"Standard","Atlantic","Social",13.74,0
5499,74,2026-05-02,"Standard","Atlantic","Organic",13.92,0
5500,836,2026-03-13,"Standard","Atlantic","Social",12.36,0
5501,1777,2026-05-15,"Standard","Atlantic","Organic",19.12,1
5502,3292,2026-06-29,"Standard","Atlantic","Search",14.06,0
5503,3596,2026-03-23,"Discovery","Atlantic","Social",31.74,0
5504,2552,2026-05-16,"Standard","Atlantic","Social",15.04,0
5505,3264,2026-05-17,"Discovery","Ontario","Organic",35.84,0
5506,2001,2026-02-24,"Signature","Atlantic","Organic",18.67,0
5507,2564,2026-04-28,"Signature","Atlantic","Organic",19.98,0
5508,249,2026-02-27,"Signature","Atlantic","Retail_partner",22.15,0
5509,2657,2026-03-21,"Standard","Ontario","Referral",16.74,0
5510,844,2026-04-07,"Standard","Atlantic","Organic",17.98,0
5511,34,2026-01-12,"Standard","Atlantic","Social",18.18,0
5512,3528,2026-03-02,"Signature","Atlantic","Organic",20.63,1
5513,3286,2026-05-18,"Discovery","Atlantic","Organic",32.39,0
5514,116,2026-04-23,"Standard","Ontario","Organic",12.1,0
5515,3812,2026-04-22,"Standard","Ontario","Organic",13.6,0
5516,2902,2026-03-01,"Standard","Atlantic","Organic",12.51,0
5517,3625,2026-06-16,"Discovery","Atlantic","Organic",31.67,0
5518,3557,2026-03-04,"Standard","Atlantic","Organic",10.24,0
5519,1164,2026-05-29,"Signature","Atlantic","Search",23.87,0
5520,1678,2026-06-15,"Standard","Atlantic","Retail_partner",13.14,0
5521,352,2026-06-15,"Standard","Atlantic","Social",15.07,0
5522,2128,2026-01-04,"Standard","Ontario","Social",14.1,0
5523,3052,2026-04-09,"Signature","Atlantic","Search",21.15,0
5524,2108,2026-05-26,"Signature","Atlantic","Referral",20.85,0
5525,1115,2026-01-02,"Signature","Atlantic","Social",24.22,0
5526,2089,2026-03-01,"Standard","Atlantic","Search",10.03,0
5527,3544,2026-05-24,"Standard","Atlantic","Organic",13.09,1
5528,508,2026-02-16,"Standard","Atlantic","Referral",15.75,1
5529,2129,2026-03-21,"Signature","Atlantic","Search",20.27,0
5530,3905,2026-01-25,"Signature","Atlantic","Search",21.2,0
5531,1138,2026-06-20,"Standard","Atlantic","Organic",17.38,0
5532,1694,2026-04-12,"Standard","Atlantic","Organic",15.1,1
5533,149,2026-06-13,"Signature","Ontario","Social",26.77,1
5534,2486,2026-05-07,"Signature","Atlantic","Search",21.73,0
5535,3153,2026-01-25,"Signature","Ontario","Retail_partner",23.18,0
5536,1765,2026-03-26,"Standard","Ontario","Organic",19.24,1
5537,2498,2026-04-04,"Signature","Atlantic","Organic",26.12,0
5538,3979,2026-01-21,"Standard","Atlantic","Organic",11.14,0
5539,191,2026-03-16,"Standard","Atlantic","Organic",14.71,1
5540,3900,2026-04-14,"Standard","Atlantic","Social",12.63,0
5541,3561,2026-05-02,"Signature","Atlantic","Organic",23.66,1
5542,2054,2026-05-06,"Signature","Atlantic","Organic",20.3,0
5543,1303,2026-03-09,"Signature","Atlantic","Organic",23.26,0
5544,3701,2026-05-20,"Standard","Atlantic","Search",18.02,0
5545,772,2026-01-02,"Standard","Atlantic","Social",14.86,0
5546,2630,2026-02-18,"Standard","Atlantic","Search",13.6,0
5547,2914,2026-02-18,"Discovery","Atlantic","Retail_partner",32.2,0
5548,3764,2026-02-28,"Signature","Atlantic","Search",24.06,0
5549,1226,2026-01-26,"Standard","Atlantic","Social",16.44,0
5550,3264,2026-04-10,"Signature","Atlantic","Search",26.72,0
5551,1602,2026-02-21,"Standard","Atlantic","Organic",14.26,1
5552,3635,2026-06-07,"Standard","Atlantic","Organic",15.83,0
5553,1637,2026-01-13,"Discovery","Atlantic","Social",28.37,0
5554,484,2026-02-17,"Signature","Atlantic","Social",20.86,0
5555,2671,2026-05-10,"Discovery","Atlantic","Social",27.4,0
5556,1282,2026-03-02,"Standard","Atlantic","Search",16.75,1
5557,3202,2026-03-16,"Discovery","Atlantic","Organic",27.81,0
5558,1850,2026-04-09,"Standard","Atlantic","Organic",15.52,1
5559,2569,2026-02-24,"Standard","Atlantic","Social",16.91,0
5560,1671,2026-01-10,"Signature","Atlantic","Search",28.12,0
5561,847,2026-04-15,"Discovery","Atlantic","Retail_partner",35.53,0
5562,1913,2026-06-10,"Standard","Atlantic","Social",15.51,0
5563,1575,2026-01-20,"Standard","Atlantic","Referral",15.45,1
5564,2917,2026-02-28,"Discovery","Atlantic","Organic",29.46,1
5565,3084,2026-06-15,"Standard","Atlantic","Referral",10.96,0
5566,2870,2026-01-06,"Standard","Atlantic","Social",14.15,0
5567,3536,2026-05-02,"Signature","Ontario","Search",22.24,0
5568,463,2026-02-26,"Standard","Atlantic","Referral",12.14,0
5569,3920,2026-04-16,"Standard","Atlantic","Search",14.23,1
5570,2013,2026-02-01,"Standard","Atlantic","Social",14.59,0
5571,1934,2026-06-18,"Standard","Atlantic","Search",14.58,0
5572,71,2026-04-20,"Standard","Atlantic","Organic",16.16,0
5573,2439,2026-02-23,"Standard","Ontario","Organic",16.21,0
5574,680,2026-06-19,"Signature","Atlantic","Social",24.7,1
5575,1593,2026-05-08,"Standard","Atlantic","Search",11.9,1
5576,1037,2026-01-04,"Standard","Atlantic","Social",13.43,0
5577,683,2026-06-19,"Standard","Atlantic","Organic",13.62,1
5578,3192,2026-06-11,"Standard","Atlantic","Referral",16.83,0
5579,3122,2026-02-22,"Discovery","Ontario","Retail_partner",33.15,0
5580,3441,2026-02-14,"Standard","Ontario","Organic",17.92,1
5581,2871,2026-07-01,"Signature","Atlantic","Social",23.75,0
5582,1549,2026-02-02,"Standard","Atlantic","Referral",18.2,0
5583,2032,2026-04-11,"Signature","Ontario","Referral",22.7,0
5584,494,2026-05-18,"Discovery","Ontario","Organic",28.77,0
5585,730,2026-06-26,"Signature","Atlantic","Referral",24.47,0
5586,2945,2026-05-18,"Discovery","Atlantic","Social",29.7,0
5587,3195,2026-06-06,"Standard","Atlantic","Retail_partner",11.15,0
5588,3661,2026-05-06,"Standard","Atlantic","Search",16.16,0
5589,545,2026-01-23,"Standard","Atlantic","Retail_partner",15.19,1
5590,2688,2026-03-09,"Standard","Atlantic","Organic",15.04,0
5591,593,2026-04-02,"Signature","Atlantic","Organic",22.18,1
5592,169,2026-05-01,"Discovery","Atlantic","Retail_partner",33.33,0
5593,1172,2026-01-02,"Discovery","Atlantic","Search",34.53,0
5594,2394,2026-01-19,"Standard","Atlantic","Search",18.63,0
5595,2373,2026-01-25,"Standard","Atlantic","Social",9.36,0
5596,6,2026-04-11,"Standard","Atlantic","Referral",17.34,1
5597,3659,2026-01-31,"Standard","Atlantic","Search",15.53,1
5598,2865,2026-06-05,"Standard","Atlantic","Social",13.03,0
5599,799,2026-03-20,"Standard","Atlantic","Social",13.97,0
5600,427,2026-03-28,"Standard","Atlantic","Social",13.28,0
5601,1294,2026-03-31,"Signature","Atlantic","Referral",25.39,0
5602,1199,2026-04-23,"Standard","Atlantic","Organic",16.28,1
5603,472,2026-01-21,"Discovery","Atlantic","Organic",30.77,0
5604,2450,2026-03-25,"Signature","Atlantic","Organic",29.61,1
5605,493,2026-05-19,"Standard","Atlantic","Organic",13.82,1
5606,3233,2026-04-20,"Standard","Ontario","Social",12.65,0
5607,2742,2026-03-10,"Signature","Atlantic","Referral",21.59,0
5608,686,2026-01-17,"Discovery","Atlantic","Social",32.56,0
5609,3342,2026-06-22,"Signature","Atlantic","Organic",22.99,0
5610,1317,2026-02-16,"Standard","Atlantic","Referral",11.9,0
5611,2323,2026-03-06,"Standard","Ontario","Search",12.68,1
5612,2925,2026-01-25,"Standard","Atlantic","Search",14.46,0
5613,2698,2026-02-01,"Discovery","Ontario","Search",36.73,1
5614,2998,2026-06-21,"Standard","Atlantic","Search",13.9,0
5615,2938,2026-01-12,"Signature","Ontario","Retail_partner",27.67,1
5616,3478,2026-05-14,"Discovery","Ontario","Organic",35,1
5617,3985,2026-05-13,"Signature","Atlantic","Organic",20.06,0
5618,3854,2026-05-12,"Signature","Atlantic","Organic",22.93,0
5619,2122,2026-03-01,"Signature","Ontario","Social",28.98,0
5620,1705,2026-03-12,"Discovery","Atlantic","Search",31.42,0
5621,73,2026-02-13,"Signature","Ontario","Organic",22.16,0
5622,510,2026-01-26,"Signature","Atlantic","Social",24.1,0
5623,1120,2026-05-13,"Discovery","Atlantic","Referral",40.83,0
5624,165,2026-05-19,"Standard","Atlantic","Social",15.42,0
5625,288,2026-01-09,"Standard","Atlantic","Referral",15.53,0
5626,2897,2026-04-04,"Standard","Atlantic","Social",14.37,1
5627,2138,2026-05-22,"Signature","Atlantic","Social",20.29,0
5628,1635,2026-01-23,"Standard","Atlantic","Organic",16.72,0
5629,2473,2026-06-14,"Discovery","Ontario","Search",35.07,0
5630,3092,2026-05-24,"Standard","Atlantic","Social",18.72,0
5631,2176,2026-01-19,"Signature","Ontario","Social",22.65,0
5632,2507,2026-02-12,"Standard","Atlantic","Referral",13.66,1
5633,1222,2026-02-04,"Standard","Atlantic","Retail_partner",14.8,0
5634,3087,2026-03-15,"Standard","Atlantic","Organic",18.53,0
5635,3338,2026-04-22,"Standard","Atlantic","Referral",9.88,0
5636,3761,2026-03-07,"Standard","Atlantic","Search",12.39,0
5637,1416,2026-01-03,"Signature","Atlantic","Referral",22.04,0
5638,3809,2026-01-24,"Signature","Atlantic","Organic",19.88,0
5639,2596,2026-03-24,"Signature","Atlantic","Search",23.54,0
5640,1778,2026-04-07,"Standard","Atlantic","Organic",16.94,1
5641,587,2026-01-04,"Standard","Atlantic","Referral",17.1,0
5642,859,2026-01-07,"Standard","Atlantic","Retail_partner",12.25,1
5643,1166,2026-03-23,"Discovery","Ontario","Organic",31.86,0
5644,1528,2026-05-21,"Signature","Atlantic","Social",24.56,0
5645,1556,2026-05-11,"Standard","Atlantic","Social",11.49,0
5646,2941,2026-01-03,"Discovery","Ontario","Search",31.8,0
5647,1289,2026-05-08,"Discovery","Atlantic","Organic",32.83,1
5648,3760,2026-03-09,"Standard","Atlantic","Referral",12.91,1
5649,3475,2026-03-06,"Standard","Atlantic","Social",19.32,0
5650,2478,2026-02-01,"Standard","Atlantic","Organic",16.57,0
5651,1996,2026-04-22,"Standard","Atlantic","Search",15.16,0
5652,355,2026-06-19,"Discovery","Ontario","Organic",36.9,0
5653,2129,2026-01-09,"Signature","Atlantic","Organic",18.87,0
5654,2590,2026-05-24,"Standard","Atlantic","Social",19.09,0
5655,130,2026-02-05,"Standard","Atlantic","Search",16.61,0
5656,2011,2026-03-01,"Standard","Atlantic","Search",11.41,1
5657,590,2026-04-19,"Signature","Atlantic","Organic",24.12,0
5658,3546,2026-05-17,"Standard","Ontario","Search",18.12,0
5659,3689,2026-03-19,"Standard","Atlantic","Organic",17.8,0
5660,392,2026-04-14,"Standard","Atlantic","Organic",14.95,0
5661,267,2026-02-06,"Standard","Ontario","Organic",14.95,1
5662,293,2026-03-26,"Standard","Ontario","Search",21.16,0
5663,477,2026-04-06,"Standard","Atlantic","Search",20.59,0
5664,238,2026-03-14,"Standard","Ontario","Search",16.44,1
5665,1370,2026-01-31,"Standard","Ontario","Organic",17.73,0
5666,3046,2026-02-03,"Signature","Atlantic","Retail_partner",25.48,0
5667,187,2026-02-04,"Standard","Atlantic","Organic",13.62,0
5668,3499,2026-04-01,"Standard","Atlantic","Referral",16.78,0
5669,1690,2026-05-06,"Signature","Atlantic","Organic",25.89,0
5670,1327,2026-06-03,"Signature","Atlantic","Organic",23.66,0
5671,2028,2026-04-10,"Signature","Atlantic","Organic",25.95,0
5672,3123,2026-01-17,"Standard","Atlantic","Referral",13.26,0
5673,1636,2026-05-26,"Discovery","Atlantic","Organic",28.89,0
5674,195,2026-01-25,"Signature","Atlantic","Search",20.79,1
5675,1415,2026-04-30,"Signature","Atlantic","Referral",23.37,0
5676,1836,2026-04-02,"Standard","Ontario","Social",16.39,0
5677,1857,2026-01-07,"Standard","Atlantic","Search",10.68,0
5678,2085,2026-04-09,"Discovery","Atlantic","Referral",28.89,1
5679,446,2026-03-01,"Discovery","Atlantic","Organic",30.42,0
5680,1985,2026-01-29,"Signature","Atlantic","Social",22.24,0
5681,354,2026-01-14,"Signature","Atlantic","Organic",19.14,0
5682,7,2026-03-16,"Signature","Atlantic","Referral",21.51,0
5683,74,2026-04-02,"Discovery","Atlantic","Referral",32.35,0
5684,66,2026-04-15,"Standard","Ontario","Social",12.32,0
5685,2161,2026-05-20,"Standard","Atlantic","Search",16.53,0
5686,1016,2026-02-18,"Signature","Atlantic","Social",18.98,1
5687,468,2026-02-11,"Signature","Atlantic","Social",22.86,0
5688,931,2026-05-31,"Signature","Atlantic","Referral",21.91,0
5689,3608,2026-05-19,"Signature","Atlantic","Search",22.8,0
5690,2743,2026-04-06,"Standard","Atlantic","Search",15.34,0
5691,16,2026-01-23,"Standard","Ontario","Search",18.44,0
5692,456,2026-05-15,"Standard","Atlantic","Referral",17.39,0
5693,1166,2026-01-14,"Signature","Atlantic","Organic",16.36,0
5694,2571,2026-03-22,"Signature","Atlantic","Organic",24.51,0
5695,2955,2026-02-09,"Discovery","Ontario","Organic",32.17,0
5696,538,2026-05-24,"Signature","Ontario","Referral",22.88,0
5697,2530,2026-01-31,"Discovery","Ontario","Referral",29.36,0
5698,3248,2026-01-21,"Standard","Ontario","Referral",13.37,0
5699,2082,2026-01-23,"Discovery","Atlantic","Organic",32.14,0
5700,2417,2026-04-12,"Standard","Ontario","Retail_partner",14.06,0
5701,1837,2026-01-06,"Standard","Atlantic","Referral",14.93,0
5702,3974,2026-02-03,"Discovery","Ontario","Organic",33.17,0
5703,2462,2026-02-19,"Standard","Atlantic","Social",15.29,1
5704,1341,2026-03-26,"Signature","Atlantic","Organic",23.07,0
5705,658,2026-02-03,"Discovery","Atlantic","Referral",31.92,0
5706,1015,2026-06-11,"Signature","Atlantic","Organic",19.82,1
5707,3481,2026-05-17,"Signature","Atlantic","Organic",22.01,1
5708,2693,2026-04-22,"Discovery","Atlantic","Referral",28.43,0
5709,2936,2026-03-17,"Standard","Atlantic","Organic",14.35,0
5710,811,2026-01-30,"Standard","Atlantic","Retail_partner",13.7,0
5711,838,2026-02-13,"Standard","Atlantic","Retail_partner",13.04,1
5712,3669,2026-03-19,"Standard","Ontario","Organic",16.74,1
5713,2327,2026-06-11,"Standard","Atlantic","Retail_partner",12.98,1
5714,598,2026-06-08,"Standard","Ontario","Social",23.67,0
5715,3737,2026-04-18,"Standard","Atlantic","Referral",17.31,1
5716,3064,2026-01-02,"Standard","Atlantic","Organic",16.05,1
5717,2670,2026-06-20,"Signature","Atlantic","Organic",21.14,0
5718,762,2026-02-04,"Discovery","Atlantic","Organic",33.32,0
5719,389,2026-01-04,"Signature","Atlantic","Organic",21.85,1
5720,260,2026-02-28,"Signature","Atlantic","Organic",24.29,1
5721,2150,2026-03-28,"Standard","Atlantic","Search",13.56,1
5722,3108,2026-01-30,"Discovery","Atlantic","Search",30.86,0
5723,3087,2026-01-24,"Standard","Atlantic","Search",16.15,0
5724,84,2026-05-07,"Standard","Atlantic","Social",13.68,0
5725,3663,2026-02-14,"Standard","Atlantic","Social",12.86,1
5726,2394,2026-04-25,"Standard","Ontario","Social",14.81,0
5727,2524,2026-05-14,"Standard","Atlantic","Referral",14.82,1
5728,2136,2026-04-25,"Standard","Ontario","Search",15.38,1
5729,1421,2026-02-23,"Signature","Atlantic","Social",23.76,0
5730,3742,2026-04-13,"Standard","Atlantic","Search",13.05,0
5731,2006,2026-02-23,"Signature","Ontario","Referral",22.72,1
5732,1559,2026-04-18,"Standard","Atlantic","Search",12.97,1
5733,1361,2026-04-04,"Signature","Atlantic","Organic",22.53,0
5734,3318,2026-03-21,"Standard","Atlantic","Organic",12.54,0
5735,2481,2026-06-21,"Discovery","Ontario","Retail_partner",35.76,1
5736,1374,2026-02-05,"Signature","Ontario","Organic",31.45,0
5737,2892,2026-02-08,"Standard","Atlantic","Search",14.97,0
5738,1829,2026-01-20,"Signature","Ontario","Retail_partner",24.17,1
5739,286,2026-06-10,"Standard","Atlantic","Search",15.63,0
5740,766,2026-06-24,"Standard","Atlantic","Search",13,1
5741,3739,2026-03-06,"Standard","Atlantic","Search",12.71,0
5742,3566,2026-06-02,"Standard","Atlantic","Organic",13.2,0
5743,3235,2026-01-22,"Signature","Atlantic","Retail_partner",21.14,0
5744,2504,2026-05-13,"Discovery","Atlantic","Social",27.47,0
5745,204,2026-05-24,"Standard","Ontario","Referral",14.38,1
5746,2457,2026-05-06,"Standard","Atlantic","Organic",13.83,0
5747,3645,2026-05-15,"Signature","Atlantic","Organic",26.54,0
5748,2109,2026-06-13,"Discovery","Ontario","Search",30.52,0
5749,2600,2026-01-20,"Standard","Atlantic","Social",11.32,0
5750,721,2026-02-12,"Standard","Atlantic","Social",10.42,0
5751,699,2026-04-01,"Standard","Ontario","Retail_partner",16.91,0
5752,1275,2026-01-28,"Standard","Atlantic","Search",18.64,0
5753,1097,2026-01-14,"Standard","Atlantic","Organic",14.83,0
5754,1651,2026-06-26,"Signature","Atlantic","Social",25.07,1
5755,3814,2026-01-09,"Signature","Atlantic","Social",22.03,0
5756,1719,2026-03-14,"Standard","Atlantic","Organic",18.99,1
5757,2052,2026-05-23,"Standard","Ontario","Referral",21.35,0
5758,1868,2026-05-26,"Discovery","Atlantic","Search",29.05,0
5759,2857,2026-05-02,"Signature","Atlantic","Search",23.13,0
5760,98,2026-04-07,"Signature","Atlantic","Search",24.53,0
5761,1722,2026-03-04,"Standard","Atlantic","Organic",14.91,1
5762,1919,2026-05-30,"Standard","Atlantic","Search",16.73,0
5763,1703,2026-05-18,"Standard","Ontario","Social",13.27,0
5764,2944,2026-03-01,"Standard","Atlantic","Social",13.12,1
5765,2909,2026-01-08,"Discovery","Atlantic","Social",36.42,0
5766,74,2026-05-25,"Standard","Atlantic","Social",14.37,0
5767,495,2026-01-02,"Standard","Atlantic","Search",12.18,0
5768,1741,2026-02-14,"Discovery","Ontario","Referral",35.04,0
5769,2362,2026-05-09,"Standard","Atlantic","Organic",13.22,0
5770,391,2026-06-13,"Discovery","Atlantic","Social",33.42,0
5771,402,2026-03-03,"Signature","Ontario","Search",23.63,0
5772,992,2026-02-01,"Standard","Atlantic","Organic",12.59,0
5773,979,2026-04-01,"Standard","Atlantic","Search",13.02,0
5774,2809,2026-06-16,"Standard","Atlantic","Search",19.93,1
5775,1326,2026-01-02,"Standard","Atlantic","Referral",13.51,1
5776,2801,2026-03-23,"Standard","Atlantic","Referral",14.65,0
5777,2785,2026-03-26,"Signature","Atlantic","Referral",22.33,0
5778,2524,2026-03-08,"Discovery","Atlantic","Organic",30.22,0
5779,86,2026-06-19,"Signature","Atlantic","Referral",24.51,0
5780,2947,2026-02-02,"Standard","Atlantic","Search",18.25,0
5781,1408,2026-02-09,"Standard","Atlantic","Retail_partner",17.37,0
5782,2096,2026-03-19,"Discovery","Atlantic","Search",30.48,0
5783,995,2026-06-02,"Standard","Atlantic","Organic",16.7,0
5784,1789,2026-02-05,"Standard","Atlantic","Search",16.98,1
5785,1635,2026-05-20,"Standard","Atlantic","Referral",17.26,1
5786,2966,2026-03-18,"Standard","Atlantic","Search",18.87,0
5787,1820,2026-02-11,"Signature","Atlantic","Social",21.98,0
5788,1914,2026-05-15,"Standard","Atlantic","Retail_partner",19.66,0
5789,2716,2026-01-06,"Standard","Atlantic","Organic",13.04,0
5790,2075,2026-06-28,"Standard","Atlantic","Social",9.18,1
5791,1187,2026-06-24,"Standard","Ontario","Organic",18.74,0
5792,1449,2026-02-18,"Standard","Atlantic","Social",16.57,0
5793,1484,2026-01-17,"Signature","Atlantic","Referral",28.05,0
5794,1085,2026-01-14,"Signature","Atlantic","Search",23.37,0
5795,1484,2026-01-08,"Standard","Atlantic","Search",16.58,0
5796,820,2026-04-06,"Discovery","Ontario","Search",35.56,0
5797,547,2026-04-08,"Standard","Ontario","Referral",12.89,1
5798,1936,2026-04-11,"Standard","Atlantic","Search",16.25,0
5799,402,2026-02-03,"Standard","Atlantic","Search",17.18,0
5800,3680,2026-02-02,"Standard","Atlantic","Organic",13.74,0
5801,2566,2026-05-14,"Standard","Ontario","Social",15.17,1
5802,141,2026-04-27,"Standard","Atlantic","Organic",17.06,0
5803,62,2026-02-21,"Signature","Atlantic","Search",27.12,0
5804,2424,2026-01-04,"Standard","Atlantic","Retail_partner",18.61,0
5805,2248,2026-02-08,"Signature","Atlantic","Retail_partner",24.24,0
5806,1579,2026-06-06,"Standard","Atlantic","Search",20.9,1
5807,3215,2026-05-15,"Standard","Ontario","Social",15.38,1
5808,1625,2026-01-30,"Discovery","Atlantic","Social",31.36,0
5809,343,2026-02-07,"Standard","Ontario","Referral",18.19,0
5810,2840,2026-03-01,"Standard","Ontario","Organic",15.19,1
5811,2128,2026-06-16,"Standard","Atlantic","Referral",22.06,0
5812,1169,2026-04-27,"Discovery","Atlantic","Organic",29.34,0
5813,2069,2026-04-09,"Signature","Atlantic","Organic",23.09,0
5814,3530,2026-06-14,"Standard","Ontario","Search",13.47,0
5815,3215,2026-06-09,"Signature","Atlantic","Search",20.98,0
5816,1746,2026-05-26,"Discovery","Ontario","Referral",32.81,0
5817,2164,2026-03-31,"Standard","Atlantic","Organic",9.5,1
5818,2977,2026-03-12,"Standard","Atlantic","Organic",16.78,0
5819,600,2026-02-07,"Signature","Atlantic","Search",27.85,0
5820,2553,2026-05-22,"Signature","Atlantic","Retail_partner",20.33,0
5821,3724,2026-02-05,"Standard","Atlantic","Referral",12.6,1
5822,1674,2026-06-05,"Standard","Atlantic","Search",12.4,1
5823,525,2026-02-28,"Discovery","Atlantic","Organic",35.61,0
5824,1976,2026-02-19,"Signature","Atlantic","Search",27.97,0
5825,452,2026-02-23,"Standard","Atlantic","Retail_partner",17.45,1
5826,2385,2026-06-16,"Standard","Atlantic","Organic",14.26,1
5827,3160,2026-01-30,"Signature","Ontario","Organic",31.56,1
5828,728,2026-05-23,"Signature","Atlantic","Organic",23.42,0
5829,2594,2026-02-24,"Standard","Atlantic","Social",18.26,0
5830,1491,2026-04-15,"Standard","Atlantic","Retail_partner",20,0
5831,1145,2026-02-05,"Standard","Atlantic","Search",13.14,1
5832,2556,2026-01-22,"Standard","Atlantic","Referral",12.22,0
5833,2773,2026-03-11,"Standard","Atlantic","Search",11.98,0
5834,937,2026-04-10,"Standard","Atlantic","Retail_partner",13.73,0
5835,1353,2026-05-16,"Signature","Atlantic","Organic",23.69,0
5836,364,2026-05-25,"Signature","Atlantic","Social",19.07,0
5837,1942,2026-04-28,"Standard","Atlantic","Social",16.63,0
5838,606,2026-05-13,"Standard","Atlantic","Organic",16.42,1
5839,2085,2026-01-06,"Discovery","Atlantic","Retail_partner",33.71,0
5840,1461,2026-05-16,"Standard","Atlantic","Organic",18.27,0
5841,3539,2026-05-21,"Standard","Atlantic","Organic",16.36,0
5842,570,2026-04-22,"Signature","Ontario","Search",26.52,0
5843,2302,2026-06-27,"Standard","Atlantic","Social",14.19,0
5844,3772,2026-03-28,"Standard","Atlantic","Organic",10.62,0
5845,251,2026-01-12,"Signature","Atlantic","Referral",20.6,0
5846,3097,2026-02-13,"Standard","Atlantic","Organic",14.33,1
5847,1820,2026-04-01,"Signature","Atlantic","Search",23.48,0
5848,798,2026-03-03,"Standard","Atlantic","Organic",17.01,0
5849,184,2026-05-01,"Standard","Atlantic","Retail_partner",16.99,1
5850,1879,2026-01-09,"Standard","Atlantic","Social",16.76,1
5851,2006,2026-04-02,"Standard","Ontario","Search",14.35,1
5852,740,2026-02-16,"Discovery","Atlantic","Retail_partner",34.95,0
5853,104,2026-01-04,"Discovery","Atlantic","Organic",30.43,0
5854,756,2026-01-17,"Standard","Atlantic","Social",15.15,0
5855,2338,2026-02-13,"Standard","Atlantic","Retail_partner",10.04,1
5856,1196,2026-06-20,"Signature","Atlantic","Organic",19.44,1
5857,1553,2026-01-19,"Standard","Atlantic","Retail_partner",17.57,0
5858,3048,2026-06-16,"Discovery","Ontario","Social",34.34,0
5859,119,2026-01-24,"Signature","Atlantic","Social",21.75,0
5860,476,2026-05-06,"Signature","Atlantic","Referral",21.1,0
5861,355,2026-01-18,"Standard","Atlantic","Retail_partner",16.32,0
5862,3554,2026-01-31,"Standard","Atlantic","Organic",15.73,0
5863,2659,2026-06-09,"Standard","Atlantic","Search",17.92,0
5864,843,2026-05-22,"Signature","Atlantic","Social",22.09,0
5865,3646,2026-01-01,"Standard","Ontario","Social",15.01,0
5866,2369,2026-02-21,"Discovery","Atlantic","Organic",33.8,0
5867,376,2026-02-25,"Signature","Atlantic","Organic",25.29,1
5868,838,2026-05-19,"Signature","Atlantic","Referral",18.86,1
5869,586,2026-04-03,"Discovery","Ontario","Social",36.01,0
5870,1315,2026-02-10,"Signature","Atlantic","Referral",22.06,0
5871,1011,2026-03-23,"Standard","Atlantic","Referral",17.94,0
5872,3011,2026-04-11,"Signature","Atlantic","Search",21.09,0
5873,2064,2026-02-18,"Standard","Atlantic","Social",9.29,0
5874,2049,2026-01-06,"Standard","Ontario","Retail_partner",14.85,0
5875,1124,2026-04-05,"Standard","Atlantic","Referral",18.31,0
5876,3894,2026-02-23,"Signature","Atlantic","Organic",22.04,0
5877,2123,2026-04-28,"Discovery","Atlantic","Organic",32.99,0
5878,1788,2026-06-11,"Standard","Atlantic","Organic",13.93,1
5879,1730,2026-06-16,"Standard","Ontario","Retail_partner",15.97,0
5880,1480,2026-02-18,"Standard","Atlantic","Organic",14.5,0
5881,3441,2026-02-06,"Standard","Ontario","Organic",17.43,1
5882,933,2026-03-18,"Standard","Atlantic","Organic",17.67,0
5883,3357,2026-03-19,"Standard","Atlantic","Referral",13.57,0
5884,3228,2026-04-07,"Standard","Ontario","Search",14.33,0
5885,714,2026-03-03,"Standard","Atlantic","Social",12.29,1
5886,1940,2026-05-19,"Standard","Atlantic","Referral",16.42,0
5887,1364,2026-03-07,"Standard","Atlantic","Organic",14.34,0
5888,105,2026-05-27,"Signature","Atlantic","Social",18.21,0
5889,3488,2026-01-27,"Standard","Atlantic","Search",12.8,0
5890,3524,2026-04-23,"Signature","Atlantic","Organic",21.84,0
5891,2401,2026-05-14,"Signature","Atlantic","Organic",24.5,0
5892,1204,2026-03-07,"Signature","Atlantic","Social",25.14,0
5893,167,2026-01-06,"Standard","Atlantic","Referral",13.11,1
5894,3578,2026-05-21,"Signature","Atlantic","Organic",20.88,1
5895,1123,2026-03-03,"Standard","Ontario","Organic",12.82,0
5896,796,2026-01-03,"Standard","Ontario","Search",16.76,0
5897,1082,2026-03-16,"Standard","Atlantic","Organic",10.39,1
5898,2482,2026-03-15,"Signature","Atlantic","Search",21.83,0
5899,2206,2026-03-12,"Discovery","Atlantic","Search",36.84,0
5900,3730,2026-06-03,"Discovery","Atlantic","Organic",32.54,0
5901,1201,2026-01-16,"Standard","Atlantic","Organic",11.28,0
5902,2569,2026-06-22,"Standard","Atlantic","Social",15.37,0
5903,3630,2026-05-14,"Standard","Atlantic","Referral",14.69,0
5904,2161,2026-03-10,"Discovery","Atlantic","Search",28.04,0
5905,908,2026-04-21,"Signature","Ontario","Organic",26.34,0
5906,3235,2026-05-11,"Discovery","Atlantic","Organic",28.35,0
5907,2093,2026-06-22,"Discovery","Atlantic","Organic",32.5,0
5908,2322,2026-04-27,"Discovery","Atlantic","Social",30.01,0
5909,2800,2026-03-04,"Signature","Atlantic","Organic",20.01,0
5910,2360,2026-03-03,"Standard","Ontario","Organic",17.3,0
5911,96,2026-03-20,"Discovery","Atlantic","Search",32.51,0
5912,1423,2026-06-01,"Signature","Atlantic","Referral",21.89,0
5913,3669,2026-05-08,"Standard","Ontario","Organic",15.48,0
5914,397,2026-02-22,"Standard","Atlantic","Search",12.81,0
5915,2937,2026-02-24,"Signature","Atlantic","Retail_partner",22.76,0
5916,1874,2026-05-09,"Signature","Atlantic","Organic",26.21,0
5917,1595,2026-03-13,"Signature","Atlantic","Referral",20.82,1
5918,1718,2026-03-08,"Standard","Atlantic","Retail_partner",15.43,0
5919,1063,2026-04-29,"Discovery","Atlantic","Organic",31.65,0
5920,2483,2026-06-05,"Standard","Ontario","Referral",13.15,0
5921,3232,2026-01-04,"Signature","Atlantic","Organic",26.6,1
5922,1969,2026-02-15,"Standard","Atlantic","Search",15.19,0
5923,810,2026-06-08,"Standard","Atlantic","Referral",14.55,0
5924,2240,2026-01-20,"Standard","Atlantic","Referral",15.37,0
5925,970,2026-06-15,"Discovery","Atlantic","Organic",27.78,0
5926,2840,2026-06-24,"Signature","Atlantic","Search",25.31,0
5927,2373,2026-03-30,"Standard","Ontario","Social",15.98,1
5928,1342,2026-05-14,"Standard","Atlantic","Referral",21.06,1
5929,1898,2026-05-23,"Signature","Atlantic","Retail_partner",21.52,0
5930,25,2026-01-24,"Standard","Atlantic","Social",14.28,0
5931,324,2026-05-19,"Standard","Atlantic","Social",16.65,0
5932,2726,2026-02-07,"Standard","Atlantic","Social",15.09,0
5933,1927,2026-06-03,"Standard","Atlantic","Retail_partner",16.59,0
5934,3584,2026-05-05,"Standard","Atlantic","Search",13.24,0
5935,466,2026-03-21,"Signature","Atlantic","Organic",23.75,0
5936,3748,2026-06-05,"Discovery","Ontario","Referral",30.31,0
5937,1824,2026-01-18,"Signature","Ontario","Referral",25.68,0
5938,16,2026-04-19,"Standard","Ontario","Search",14.72,0
5939,2305,2026-02-25,"Standard","Atlantic","Organic",17.84,0
5940,195,2026-06-08,"Standard","Atlantic","Referral",14.25,0
5941,833,2026-03-03,"Standard","Atlantic","Referral",13.93,0
5942,3472,2026-02-15,"Signature","Atlantic","Retail_partner",25.92,0
5943,169,2026-03-03,"Signature","Ontario","Social",20.97,0
5944,3412,2026-04-26,"Standard","Ontario","Referral",13.92,0
5945,3047,2026-05-11,"Standard","Atlantic","Search",18.34,0
5946,3878,2026-03-08,"Signature","Atlantic","Organic",21.39,0
5947,1022,2026-04-12,"Standard","Atlantic","Organic",15.29,1
5948,679,2026-06-24,"Standard","Atlantic","Referral",13.13,1
5949,3169,2026-06-30,"Signature","Atlantic","Social",21.09,0
5950,1424,2026-01-07,"Standard","Atlantic","Organic",13.83,0
5951,2463,2026-01-03,"Signature","Atlantic","Social",22.96,0
5952,2344,2026-05-09,"Standard","Atlantic","Organic",11.34,0
5953,1182,2026-03-24,"Standard","Atlantic","Organic",15.97,0
5954,1946,2026-03-26,"Standard","Atlantic","Search",14.1,0
5955,2752,2026-04-03,"Signature","Atlantic","Organic",19.06,0
5956,3083,2026-06-08,"Signature","Atlantic","Referral",23.75,0
5957,1443,2026-01-20,"Standard","Atlantic","Social",13.36,0
5958,2049,2026-05-27,"Signature","Atlantic","Organic",21.5,0
5959,2162,2026-03-14,"Signature","Atlantic","Social",24.98,0
5960,421,2026-01-22,"Standard","Atlantic","Retail_partner",12.27,0
5961,2079,2026-04-14,"Signature","Atlantic","Social",17.87,0
5962,1700,2026-06-25,"Signature","Atlantic","Organic",24.16,0
5963,578,2026-04-13,"Standard","Atlantic","Search",13.36,0
5964,1922,2026-05-09,"Standard","Atlantic","Retail_partner",19.63,0
5965,2509,2026-06-05,"Discovery","Atlantic","Referral",35.17,0
5966,811,2026-06-23,"Standard","Atlantic","Search",17.57,0
5967,1193,2026-04-23,"Standard","Atlantic","Retail_partner",15.3,0
5968,399,2026-05-12,"Standard","Atlantic","Social",12.23,0
5969,2799,2026-06-23,"Signature","Atlantic","Organic",21.7,0
5970,1893,2026-04-23,"Standard","Ontario","Organic",14.98,0
5971,2813,2026-02-11,"Discovery","Atlantic","Referral",32.94,0
5972,653,2026-05-23,"Signature","Atlantic","Organic",20.68,0
5973,762,2026-02-24,"Standard","Ontario","Organic",15.34,0
5974,1061,2026-02-19,"Discovery","Atlantic","Organic",33.03,0
5975,2017,2026-04-12,"Standard","Atlantic","Referral",17.1,0
5976,3565,2026-02-23,"Standard","Atlantic","Organic",13.76,0
5977,3891,2026-03-26,"Signature","Atlantic","Social",24.28,1
5978,2927,2026-02-24,"Signature","Ontario","Organic",23.74,0
5979,50,2026-06-03,"Standard","Atlantic","Organic",13.4,0
5980,894,2026-01-10,"Standard","Atlantic","Organic",15.74,1
5981,3530,2026-01-11,"Discovery","Ontario","Social",33.34,0
5982,3779,2026-02-06,"Signature","Atlantic","Retail_partner",23.93,0
5983,1482,2026-05-25,"Standard","Ontario","Social",14.61,0
5984,410,2026-04-27,"Standard","Ontario","Retail_partner",11.92,1
5985,1973,2026-04-16,"Standard","Atlantic","Search",11.26,0
5986,2,2026-06-09,"Standard","Atlantic","Social",10.98,0
5987,3654,2026-02-02,"Signature","Atlantic","Social",19.71,1
5988,3491,2026-03-03,"Standard","Atlantic","Organic",15.19,1
5989,684,2026-04-12,"Discovery","Ontario","Organic",31.49,0
5990,2777,2026-05-28,"Discovery","Atlantic","Search",29.23,0
5991,2625,2026-03-11,"Discovery","Atlantic","Organic",35.53,0
5992,151,2026-01-09,"Standard","Atlantic","Referral",17.44,0
5993,2363,2026-03-10,"Signature","Atlantic","Referral",27.18,0
5994,936,2026-05-25,"Standard","Ontario","Organic",17.19,1
5995,1755,2026-05-12,"Standard","Atlantic","Organic",14.13,1
5996,3545,2026-04-14,"Standard","Atlantic","Search",17.16,0
5997,2857,2026-05-04,"Discovery","Atlantic","Social",29.8,1
5998,2711,2026-04-23,"Signature","Atlantic","Organic",25.74,0
5999,887,2026-02-15,"Signature","Atlantic","Social",18.77,0
6000,1821,2026-06-20,"Discovery","Atlantic","Search",32.3,0
6001,2675,2026-01-25,"Standard","Atlantic","Retail_partner",14.12,1
6002,3262,2026-05-24,"Standard","Atlantic","Social",15.12,0
6003,2625,2026-02-10,"Signature","Atlantic","Retail_partner",24.79,1
6004,1264,2026-04-21,"Signature","Atlantic","Organic",23.28,0
6005,668,2026-04-12,"Signature","Atlantic","Organic",23.4,0
6006,1148,2026-03-24,"Standard","Ontario","Organic",16.4,0
6007,1227,2026-01-05,"Standard","Atlantic","Social",15.27,0
6008,3886,2026-05-03,"Discovery","Atlantic","Social",30.22,0
6009,1526,2026-01-15,"Standard","Atlantic","Social",18.49,0
6010,1988,2026-05-07,"Standard","Atlantic","Search",18.54,0
6011,2943,2026-01-03,"Standard","Atlantic","Organic",14.31,0
6012,927,2026-01-07,"Standard","Ontario","Organic",14.08,0
6013,3005,2026-06-16,"Signature","Ontario","Organic",23.16,0
6014,2776,2026-02-02,"Standard","Atlantic","Referral",15.59,0
6015,66,2026-06-10,"Signature","Atlantic","Organic",24.55,0
6016,3780,2026-02-04,"Signature","Atlantic","Organic",21.72,0
6017,2066,2026-06-03,"Discovery","Ontario","Social",35.94,0
6018,1995,2026-05-30,"Standard","Atlantic","Social",17.72,1
6019,1478,2026-03-09,"Standard","Atlantic","Search",12.55,0
6020,155,2026-01-28,"Standard","Atlantic","Social",15.33,1
6021,3824,2026-03-06,"Standard","Atlantic","Organic",15.19,1
6022,248,2026-05-03,"Standard","Atlantic","Social",12.88,1
6023,1015,2026-03-10,"Signature","Atlantic","Social",22.14,0
6024,3862,2026-04-17,"Standard","Atlantic","Referral",18.13,1
6025,3144,2026-06-30,"Standard","Atlantic","Referral",18.8,0
6026,1786,2026-04-20,"Discovery","Atlantic","Organic",31.57,0
6027,2057,2026-02-12,"Standard","Atlantic","Organic",15.86,0
6028,423,2026-04-27,"Standard","Atlantic","Organic",15.06,0
6029,2562,2026-03-27,"Standard","Ontario","Organic",17.93,0
6030,1823,2026-01-08,"Signature","Atlantic","Referral",20.65,1
6031,1818,2026-04-10,"Standard","Atlantic","Social",13.93,0
6032,1989,2026-05-05,"Standard","Ontario","Organic",17.19,0
6033,2826,2026-01-03,"Standard","Atlantic","Organic",14.63,0
6034,951,2026-01-16,"Standard","Atlantic","Referral",17.11,1
6035,2438,2026-05-29,"Standard","Atlantic","Referral",15.16,0
6036,1945,2026-01-16,"Standard","Atlantic","Search",11.01,0
6037,3992,2026-03-02,"Discovery","Atlantic","Social",34.73,0
6038,1861,2026-04-02,"Standard","Atlantic","Social",12.32,0
6039,3783,2026-03-03,"Standard","Atlantic","Organic",15.27,0
6040,3952,2026-02-03,"Standard","Atlantic","Organic",14.98,0
6041,103,2026-02-16,"Standard","Atlantic","Social",13.74,0
6042,1264,2026-01-11,"Signature","Atlantic","Search",20.81,0
6043,3697,2026-03-26,"Signature","Ontario","Organic",23.95,0
6044,3754,2026-03-14,"Discovery","Atlantic","Social",29.31,0
6045,1145,2026-03-12,"Discovery","Ontario","Organic",33.55,0
6046,2358,2026-06-07,"Standard","Atlantic","Search",14.77,1
6047,927,2026-03-28,"Discovery","Atlantic","Social",31.13,0
6048,2034,2026-04-16,"Standard","Ontario","Search",15.25,0
6049,61,2026-03-10,"Standard","Atlantic","Search",16.26,1
6050,1064,2026-03-01,"Discovery","Atlantic","Social",30,0
6051,2678,2026-03-11,"Discovery","Ontario","Referral",35.59,0
6052,1286,2026-01-20,"Signature","Atlantic","Organic",21.58,0
6053,3208,2026-03-02,"Standard","Atlantic","Social",18.17,1
6054,2799,2026-04-13,"Standard","Atlantic","Search",15.1,1
6055,1408,2026-03-21,"Signature","Atlantic","Organic",22.3,0
6056,3614,2026-06-04,"Standard","Ontario","Referral",17.1,1
6057,46,2026-04-14,"Standard","Ontario","Referral",18.09,0
6058,2344,2026-04-03,"Signature","Atlantic","Search",21.16,0
6059,2548,2026-02-12,"Standard","Atlantic","Social",17.47,0
6060,1020,2026-06-17,"Standard","Ontario","Search",15.25,0
6061,1189,2026-04-05,"Signature","Ontario","Organic",24.62,0
6062,1123,2026-01-08,"Signature","Ontario","Search",24.96,0
6063,392,2026-03-17,"Standard","Atlantic","Organic",9.35,0
6064,24,2026-01-14,"Signature","Atlantic","Search",16.13,0
6065,2875,2026-01-06,"Signature","Atlantic","Social",16.09,0
6066,897,2026-05-28,"Standard","Ontario","Search",18.64,1
6067,2842,2026-05-23,"Signature","Atlantic","Retail_partner",22.45,0
6068,1495,2026-04-15,"Standard","Atlantic","Referral",11.77,0
6069,921,2026-06-14,"Standard","Atlantic","Referral",15.65,1
6070,3880,2026-01-28,"Discovery","Ontario","Referral",34.19,0
6071,799,2026-01-15,"Standard","Ontario","Retail_partner",14.52,0
6072,2850,2026-01-10,"Standard","Atlantic","Social",14.65,0
6073,3266,2026-06-27,"Signature","Atlantic","Referral",21.72,0
6074,577,2026-05-12,"Signature","Ontario","Search",24.99,1
6075,360,2026-03-30,"Discovery","Atlantic","Organic",33.27,0
6076,1857,2026-06-20,"Signature","Atlantic","Social",22.12,0
6077,1505,2026-01-03,"Standard","Atlantic","Referral",10.29,0
6078,2421,2026-04-01,"Standard","Atlantic","Retail_partner",10.93,0
6079,2797,2026-06-27,"Standard","Atlantic","Retail_partner",12.29,0
6080,252,2026-01-11,"Signature","Ontario","Organic",21.99,0
6081,2291,2026-06-26,"Signature","Atlantic","Organic",24.56,0
6082,2237,2026-01-06,"Standard","Atlantic","Organic",15.28,0
6083,3897,2026-02-14,"Discovery","Atlantic","Search",32.85,0
6084,852,2026-03-22,"Standard","Atlantic","Social",19.38,0
6085,2003,2026-01-05,"Discovery","Atlantic","Organic",27.14,0
6086,3625,2026-04-21,"Signature","Atlantic","Social",27.34,0
6087,2641,2026-03-22,"Discovery","Atlantic","Social",33.22,0
6088,3123,2026-06-13,"Standard","Atlantic","Organic",16.5,0
6089,1549,2026-02-23,"Standard","Ontario","Retail_partner",8.54,0
6090,2198,2026-03-24,"Standard","Ontario","Social",17.1,1
6091,2813,2026-02-18,"Standard","Ontario","Social",17.2,0
6092,17,2026-06-03,"Standard","Atlantic","Referral",13.46,1
6093,560,2026-04-20,"Standard","Atlantic","Retail_partner",15.58,0
6094,3665,2026-06-19,"Discovery","Atlantic","Social",30.06,0
6095,609,2026-06-21,"Standard","Atlantic","Organic",15.06,0
6096,3172,2026-05-24,"Standard","Atlantic","Search",18.79,0
6097,195,2026-06-01,"Standard","Atlantic","Search",12.45,1
6098,3165,2026-02-17,"Standard","Atlantic","Social",14.5,0
6099,743,2026-05-31,"Signature","Atlantic","Search",24.53,0
6100,3468,2026-01-31,"Standard","Atlantic","Referral",17.25,0
6101,3716,2026-04-09,"Signature","Atlantic","Referral",19.19,0
6102,3507,2026-04-19,"Signature","Atlantic","Organic",18.21,0
6103,3018,2026-01-29,"Signature","Atlantic","Referral",18.74,0
6104,2691,2026-05-17,"Standard","Atlantic","Search",13.65,0
6105,3575,2026-06-17,"Standard","Ontario","Organic",13.05,0
6106,3941,2026-05-25,"Signature","Ontario","Retail_partner",24.82,0
6107,1131,2026-05-09,"Standard","Ontario","Search",15.08,0
6108,244,2026-02-09,"Signature","Atlantic","Social",25.39,0
6109,2560,2026-06-26,"Discovery","Atlantic","Organic",33.33,1
6110,532,2026-04-27,"Discovery","Atlantic","Organic",29.3,0
6111,2858,2026-03-23,"Discovery","Ontario","Referral",34.33,0
6112,617,2026-07-01,"Standard","Atlantic","Retail_partner",13.87,0
6113,2775,2026-05-01,"Signature","Atlantic","Social",20.45,1
6114,2299,2026-01-22,"Standard","Atlantic","Organic",13.61,1
6115,3451,2026-02-11,"Standard","Atlantic","Search",12.44,0
6116,3255,2026-05-22,"Discovery","Atlantic","Search",32.09,1
6117,663,2026-04-09,"Standard","Atlantic","Organic",12.78,0
6118,2482,2026-04-12,"Discovery","Ontario","Organic",28.66,0
6119,260,2026-03-31,"Signature","Atlantic","Search",24.54,1
6120,529,2026-02-16,"Standard","Atlantic","Search",16.33,1
6121,461,2026-02-06,"Standard","Atlantic","Organic",10.22,0
6122,3551,2026-02-28,"Standard","Atlantic","Organic",14.03,0
6123,2607,2026-04-09,"Standard","Ontario","Retail_partner",12.52,0
6124,2527,2026-01-12,"Discovery","Atlantic","Organic",26.39,0
6125,560,2026-02-17,"Signature","Ontario","Search",27.24,1
6126,1856,2026-05-26,"Standard","Atlantic","Organic",11.45,0
6127,2926,2026-04-04,"Discovery","Atlantic","Organic",25.4,0
6128,775,2026-01-27,"Standard","Ontario","Organic",14.38,0
6129,3689,2026-05-19,"Standard","Atlantic","Organic",16.33,0
6130,1084,2026-05-12,"Signature","Atlantic","Retail_partner",21.84,0
6131,1304,2026-05-14,"Signature","Ontario","Social",24.15,1
6132,568,2026-06-19,"Standard","Atlantic","Organic",10.81,0
6133,3727,2026-01-10,"Standard","Atlantic","Organic",15.99,0
6134,2589,2026-03-01,"Standard","Atlantic","Retail_partner",16.09,1
6135,169,2026-04-18,"Standard","Ontario","Retail_partner",16.65,0
6136,2769,2026-06-19,"Signature","Atlantic","Social",23.7,0
6137,98,2026-05-18,"Signature","Atlantic","Organic",21.06,0
6138,1331,2026-03-01,"Standard","Atlantic","Social",14.58,1
6139,400,2026-05-03,"Standard","Atlantic","Social",16.71,0
6140,3635,2026-01-22,"Signature","Atlantic","Search",25.08,0
6141,2112,2026-01-27,"Standard","Atlantic","Social",14.78,0
6142,316,2026-02-26,"Signature","Ontario","Search",24.85,0
6143,3344,2026-03-29,"Standard","Atlantic","Search",18.04,0
6144,1529,2026-02-14,"Discovery","Atlantic","Organic",33.93,0
6145,559,2026-01-26,"Standard","Atlantic","Search",19.93,1
6146,2575,2026-01-15,"Standard","Atlantic","Referral",16.96,0
6147,1121,2026-06-23,"Signature","Ontario","Social",23.46,0
6148,2224,2026-01-08,"Standard","Ontario","Organic",15.22,0
6149,3570,2026-04-11,"Standard","Atlantic","Referral",14.06,0
6150,1695,2026-01-30,"Standard","Ontario","Social",12.18,0
6151,326,2026-04-14,"Signature","Atlantic","Social",20.62,0
6152,370,2026-05-04,"Standard","Atlantic","Search",16.73,0
6153,1948,2026-03-26,"Standard","Atlantic","Organic",19.62,0
6154,682,2026-03-01,"Standard","Atlantic","Organic",11.4,0
6155,3838,2026-03-20,"Signature","Atlantic","Search",21.62,0
6156,3515,2026-04-30,"Standard","Atlantic","Organic",15.37,0
6157,2305,2026-02-19,"Standard","Atlantic","Organic",15.14,0
6158,11,2026-05-05,"Standard","Ontario","Search",17.24,0
6159,39,2026-03-19,"Standard","Ontario","Organic",18.49,1
6160,39,2026-04-13,"Signature","Atlantic","Organic",22.6,0
6161,561,2026-02-04,"Standard","Atlantic","Social",12.02,0
6162,28,2026-06-04,"Standard","Atlantic","Retail_partner",16,0
6163,3291,2026-01-17,"Standard","Atlantic","Organic",16.73,0
6164,2344,2026-04-08,"Discovery","Atlantic","Organic",33.97,0
6165,2332,2026-05-01,"Standard","Atlantic","Organic",12.35,0
6166,971,2026-01-11,"Standard","Ontario","Retail_partner",10.12,0
6167,63,2026-05-21,"Standard","Atlantic","Search",19.27,0
6168,691,2026-02-18,"Standard","Atlantic","Search",15.04,0
6169,2751,2026-04-21,"Signature","Atlantic","Social",21.82,0
6170,868,2026-05-08,"Standard","Atlantic","Organic",12.04,0
6171,1353,2026-01-15,"Standard","Atlantic","Search",15.66,1
6172,522,2026-05-01,"Standard","Atlantic","Search",16.7,1
6173,2488,2026-05-29,"Signature","Ontario","Organic",24.5,1
6174,3150,2026-06-28,"Standard","Ontario","Search",15.12,0
6175,3428,2026-06-11,"Standard","Ontario","Organic",12.41,0
6176,1401,2026-01-08,"Standard","Atlantic","Organic",12.55,0
6177,2324,2026-02-04,"Standard","Atlantic","Search",17.23,0
6178,846,2026-05-01,"Signature","Atlantic","Social",23.77,0
6179,815,2026-05-31,"Signature","Atlantic","Social",21.69,0
6180,3742,2026-04-01,"Standard","Atlantic","Referral",16.81,0
6181,3733,2026-05-13,"Signature","Atlantic","Organic",20.27,0
6182,1759,2026-03-26,"Standard","Ontario","Organic",12.38,0
6183,3788,2026-06-26,"Signature","Atlantic","Organic",23.7,1
6184,2905,2026-06-10,"Signature","Atlantic","Search",23.64,0
6185,3961,2026-02-25,"Standard","Atlantic","Referral",18.51,0
6186,3155,2026-03-26,"Signature","Atlantic","Retail_partner",22.4,0
6187,2939,2026-03-10,"Standard","Atlantic","Search",14.83,1
6188,1265,2026-04-18,"Standard","Atlantic","Social",15.52,1
6189,2414,2026-01-12,"Signature","Atlantic","Retail_partner",25.77,0
6190,1673,2026-05-16,"Standard","Atlantic","Organic",16.09,1
6191,336,2026-05-17,"Discovery","Atlantic","Referral",34.6,0
6192,672,2026-03-05,"Standard","Atlantic","Organic",12.58,0
6193,55,2026-02-08,"Discovery","Atlantic","Search",28.01,0
6194,3543,2026-02-07,"Signature","Atlantic","Search",18.54,0
6195,750,2026-04-08,"Signature","Atlantic","Referral",23.41,0
6196,68,2026-01-13,"Standard","Atlantic","Organic",18.72,1
6197,2937,2026-06-13,"Standard","Ontario","Referral",17.32,0
6198,2958,2026-05-11,"Standard","Atlantic","Social",16.58,0
6199,2981,2026-02-21,"Standard","Atlantic","Search",19.69,0
6200,878,2026-05-19,"Standard","Atlantic","Search",15.58,0
6201,3235,2026-01-08,"Signature","Ontario","Referral",29.1,0
6202,1171,2026-01-30,"Standard","Atlantic","Organic",12.56,0
6203,3256,2026-05-05,"Standard","Atlantic","Referral",14.62,0
6204,2087,2026-04-19,"Standard","Atlantic","Social",17.64,0
6205,1074,2026-03-02,"Signature","Atlantic","Social",24.03,0
6206,210,2026-05-21,"Discovery","Atlantic","Organic",33.68,1
6207,327,2026-01-24,"Discovery","Atlantic","Search",34.78,1
6208,86,2026-04-07,"Standard","Atlantic","Organic",16.82,0
6209,1289,2026-02-14,"Signature","Atlantic","Search",21.82,1
6210,901,2026-01-19,"Standard","Ontario","Organic",13.88,0
6211,2118,2026-07-01,"Standard","Atlantic","Social",15.09,0
6212,297,2026-03-18,"Standard","Atlantic","Organic",11.33,1
6213,3561,2026-02-16,"Standard","Atlantic","Organic",16.54,0
6214,2188,2026-03-23,"Standard","Atlantic","Retail_partner",14.14,1
6215,3734,2026-01-30,"Signature","Atlantic","Organic",23.08,0
6216,1708,2026-02-20,"Discovery","Atlantic","Organic",28.15,0
6217,3455,2026-04-01,"Standard","Atlantic","Social",13.58,0
6218,3589,2026-03-16,"Signature","Atlantic","Organic",27.97,0
6219,1577,2026-03-23,"Standard","Atlantic","Social",17.18,1
6220,212,2026-05-21,"Standard","Ontario","Organic",14.58,0
6221,2359,2026-03-30,"Signature","Atlantic","Referral",22.63,0
6222,937,2026-02-01,"Standard","Atlantic","Retail_partner",16.37,0
6223,3209,2026-03-14,"Standard","Ontario","Retail_partner",18.86,0
6224,3453,2026-05-22,"Standard","Ontario","Organic",18.7,0
6225,3189,2026-06-10,"Standard","Atlantic","Search",10.28,0
6226,1731,2026-01-02,"Standard","Atlantic","Search",17.43,0
6227,2548,2026-04-24,"Signature","Atlantic","Social",24.56,0
6228,361,2026-01-22,"Discovery","Atlantic","Referral",32.78,0
6229,1673,2026-03-16,"Discovery","Atlantic","Referral",30.3,1
6230,3510,2026-03-01,"Discovery","Atlantic","Social",30.88,0
6231,1901,2026-04-08,"Standard","Atlantic","Referral",15.42,1
6232,3880,2026-06-23,"Standard","Atlantic","Retail_partner",13.96,0
6233,438,2026-06-21,"Standard","Atlantic","Organic",17.17,0
6234,1801,2026-02-11,"Discovery","Atlantic","Referral",29.9,0
6235,205,2026-05-15,"Signature","Atlantic","Organic",20.86,0
6236,2606,2026-04-17,"Discovery","Atlantic","Organic",26.99,0
6237,2780,2026-06-08,"Standard","Atlantic","Social",13.7,0
6238,2475,2026-04-24,"Discovery","Atlantic","Search",30.72,0
6239,1410,2026-02-12,"Standard","Atlantic","Organic",16.11,1
6240,3085,2026-03-29,"Standard","Atlantic","Organic",10.52,1
6241,3689,2026-05-18,"Standard","Atlantic","Social",15.62,1
6242,2901,2026-03-16,"Signature","Atlantic","Retail_partner",23.05,0
6243,3139,2026-03-06,"Signature","Atlantic","Search",21.08,0
6244,2697,2026-02-10,"Standard","Ontario","Search",14.43,1
6245,3644,2026-02-13,"Standard","Atlantic","Organic",16.5,0
6246,3294,2026-05-21,"Signature","Atlantic","Social",20.4,0
6247,12,2026-01-13,"Discovery","Atlantic","Search",30.21,0
6248,3487,2026-04-29,"Standard","Atlantic","Organic",13.65,0
6249,3041,2026-04-23,"Signature","Atlantic","Retail_partner",24.08,0
6250,1735,2026-02-19,"Standard","Ontario","Organic",16.86,0
6251,3865,2026-05-31,"Standard","Atlantic","Referral",11.18,0
6252,1612,2026-05-21,"Standard","Ontario","Referral",15.51,1
6253,955,2026-04-06,"Standard","Atlantic","Social",15.2,0
6254,441,2026-01-18,"Standard","Atlantic","Organic",17.34,0
6255,339,2026-05-01,"Signature","Atlantic","Social",23.01,0
6256,1903,2026-02-28,"Standard","Atlantic","Referral",14.24,1
6257,3262,2026-06-06,"Signature","Atlantic","Organic",25.97,0
6258,2707,2026-05-18,"Standard","Atlantic","Referral",15.18,0
6259,2092,2026-03-28,"Standard","Atlantic","Organic",16.74,0
6260,2432,2026-02-16,"Standard","Atlantic","Search",17.31,1
6261,1140,2026-04-03,"Standard","Atlantic","Social",16.03,0
6262,1524,2026-05-07,"Signature","Atlantic","Social",16.1,0
6263,1876,2026-04-18,"Standard","Atlantic","Organic",12.37,0
6264,3764,2026-03-07,"Standard","Atlantic","Search",17.77,0
6265,2436,2026-01-15,"Signature","Ontario","Organic",27.24,1
6266,2076,2026-03-31,"Standard","Atlantic","Organic",21.23,0
6267,3332,2026-04-07,"Signature","Atlantic","Search",23.95,0
6268,3179,2026-03-26,"Standard","Atlantic","Organic",11.3,0
6269,340,2026-01-28,"Signature","Atlantic","Search",18.48,0
6270,2129,2026-04-15,"Discovery","Atlantic","Search",34.07,0
6271,3027,2026-05-22,"Signature","Atlantic","Search",24.67,0
6272,2557,2026-02-24,"Signature","Atlantic","Social",20.94,0
6273,3715,2026-04-07,"Standard","Atlantic","Organic",14.79,0
6274,1688,2026-06-01,"Signature","Atlantic","Organic",27.63,0
6275,2085,2026-04-14,"Standard","Atlantic","Social",10.36,0
6276,885,2026-05-12,"Signature","Atlantic","Referral",22.06,0
6277,838,2026-02-14,"Standard","Atlantic","Organic",15.45,0
6278,2733,2026-03-06,"Standard","Atlantic","Organic",14.79,1
6279,3837,2026-03-16,"Signature","Atlantic","Organic",19.46,0
6280,1818,2026-03-15,"Signature","Atlantic","Referral",20.93,0
6281,79,2026-04-10,"Signature","Atlantic","Organic",20.02,0
6282,2322,2026-04-28,"Standard","Atlantic","Social",9.7,0
6283,3149,2026-06-07,"Signature","Atlantic","Social",21.94,0
6284,1270,2026-06-06,"Standard","Ontario","Organic",17.17,1
6285,1433,2026-01-24,"Discovery","Atlantic","Retail_partner",35.32,0
6286,535,2026-06-02,"Standard","Atlantic","Referral",19.88,0
6287,1183,2026-02-25,"Discovery","Atlantic","Referral",30.25,0
6288,2191,2026-06-12,"Standard","Ontario","Social",13.68,0
6289,1803,2026-05-30,"Standard","Ontario","Retail_partner",16.56,1
6290,3932,2026-05-20,"Standard","Atlantic","Organic",17.99,0
6291,2775,2026-03-25,"Standard","Atlantic","Retail_partner",14.61,0
6292,1181,2026-01-11,"Standard","Atlantic","Social",13.92,0
6293,3807,2026-07-01,"Standard","Atlantic","Organic",15.5,1
6294,1120,2026-05-09,"Signature","Atlantic","Organic",19.29,0
6295,2036,2026-06-28,"Signature","Atlantic","Organic",23.7,0
6296,391,2026-02-28,"Standard","Atlantic","Referral",18.71,1
6297,1522,2026-06-06,"Standard","Atlantic","Organic",18.19,0
6298,252,2026-06-03,"Signature","Atlantic","Social",23.05,0
6299,899,2026-06-02,"Discovery","Atlantic","Organic",30.02,0
6300,544,2026-03-18,"Standard","Atlantic","Organic",13.58,1
6301,2158,2026-04-12,"Signature","Ontario","Search",23.58,0
6302,627,2026-02-18,"Standard","Atlantic","Organic",16.49,0
6303,2023,2026-02-11,"Signature","Atlantic","Referral",22.13,0
6304,2665,2026-01-17,"Signature","Atlantic","Social",23.41,0
6305,1961,2026-01-11,"Signature","Atlantic","Search",24.67,0
6306,722,2026-01-05,"Standard","Ontario","Organic",15.59,0
6307,2609,2026-02-07,"Standard","Atlantic","Organic",14.06,0
6308,868,2026-06-02,"Standard","Atlantic","Organic",16.38,0
6309,2715,2026-04-24,"Standard","Atlantic","Search",11.25,0
6310,3979,2026-03-17,"Standard","Atlantic","Organic",20.49,0
6311,1443,2026-06-07,"Standard","Atlantic","Social",15.46,0
6312,2114,2026-05-18,"Signature","Atlantic","Organic",23.76,0
6313,2055,2026-04-06,"Discovery","Atlantic","Organic",33.8,0
6314,2720,2026-06-04,"Signature","Atlantic","Social",21.72,1
6315,3261,2026-04-23,"Signature","Atlantic","Organic",22.11,0
6316,1740,2026-03-12,"Standard","Atlantic","Referral",15.59,0
6317,742,2026-04-20,"Standard","Ontario","Organic",19.68,0
6318,2258,2026-01-29,"Standard","Atlantic","Retail_partner",15.72,0
6319,1825,2026-06-23,"Standard","Atlantic","Search",19.26,0
6320,805,2026-03-31,"Standard","Atlantic","Social",18.59,0
6321,1280,2026-04-20,"Standard","Atlantic","Referral",18.1,0
6322,833,2026-03-17,"Standard","Atlantic","Social",18.26,1
6323,3379,2026-05-10,"Standard","Atlantic","Organic",17.05,0
6324,794,2026-04-01,"Signature","Atlantic","Retail_partner",20.17,0
6325,2613,2026-06-14,"Discovery","Atlantic","Social",35.04,1
6326,1328,2026-06-21,"Standard","Atlantic","Search",17.04,0
6327,3031,2026-05-25,"Standard","Atlantic","Organic",15.5,1
6328,2846,2026-05-13,"Standard","Atlantic","Search",12.57,0
6329,2833,2026-02-19,"Standard","Atlantic","Organic",14.95,1
6330,654,2026-05-06,"Standard","Atlantic","Search",14.38,0
6331,458,2026-05-15,"Standard","Atlantic","Organic",14.78,0
6332,3082,2026-05-11,"Standard","Atlantic","Organic",13.98,0
6333,929,2026-03-08,"Signature","Atlantic","Search",24.74,0
6334,1449,2026-02-14,"Signature","Atlantic","Social",22.06,0
6335,3818,2026-02-26,"Standard","Atlantic","Search",17.19,0
6336,2827,2026-03-29,"Signature","Ontario","Organic",24.39,0
6337,2475,2026-06-24,"Signature","Atlantic","Referral",21.07,1
6338,3915,2026-06-25,"Standard","Atlantic","Social",18.66,0
6339,3767,2026-02-02,"Standard","Atlantic","Referral",16.6,0
6340,3669,2026-02-16,"Discovery","Ontario","Organic",32.25,0
6341,899,2026-02-12,"Standard","Atlantic","Organic",15.1,0
6342,2584,2026-01-07,"Discovery","Atlantic","Retail_partner",28.06,0
6343,3884,2026-01-26,"Signature","Ontario","Social",22.17,0
6344,2427,2026-06-13,"Standard","Atlantic","Organic",13.69,0
6345,4000,2026-04-21,"Discovery","Atlantic","Retail_partner",34.39,0
6346,1661,2026-01-26,"Standard","Ontario","Social",19.39,1
6347,3824,2026-01-07,"Standard","Atlantic","Referral",14.56,1
6348,177,2026-02-10,"Standard","Atlantic","Organic",14.09,0
6349,1705,2026-03-04,"Signature","Atlantic","Organic",22.75,0
6350,3574,2026-02-18,"Standard","Ontario","Organic",15.43,0
6351,1497,2026-04-27,"Standard","Atlantic","Search",12.33,1
6352,3612,2026-04-25,"Standard","Atlantic","Social",12.53,0
6353,85,2026-05-01,"Discovery","Atlantic","Organic",34.06,0
6354,3005,2026-04-07,"Standard","Atlantic","Organic",13.01,0
6355,173,2026-06-14,"Standard","Atlantic","Referral",15.57,0
6356,2538,2026-02-11,"Standard","Atlantic","Search",16.65,0
6357,2894,2026-02-27,"Signature","Atlantic","Organic",22.85,0
6358,3267,2026-06-09,"Signature","Atlantic","Organic",21.77,1
6359,2326,2026-01-07,"Standard","Ontario","Organic",18.05,1
6360,1800,2026-07-01,"Standard","Atlantic","Organic",12.88,0
6361,1871,2026-06-25,"Standard","Atlantic","Organic",19.14,0
6362,3487,2026-05-09,"Standard","Atlantic","Retail_partner",9.49,0
6363,1927,2026-02-15,"Signature","Atlantic","Referral",25.93,1
6364,3731,2026-04-28,"Discovery","Atlantic","Search",30.46,0
6365,3373,2026-03-07,"Standard","Atlantic","Search",15.65,1
6366,2363,2026-06-08,"Signature","Ontario","Referral",24.42,0
6367,2157,2026-05-15,"Signature","Ontario","Social",26.82,0
6368,755,2026-02-19,"Standard","Atlantic","Social",18.32,0
6369,1180,2026-01-10,"Standard","Atlantic","Retail_partner",17.98,0
6370,1414,2026-02-18,"Standard","Ontario","Search",13.01,1
6371,3070,2026-03-17,"Standard","Atlantic","Social",17.86,0
6372,766,2026-06-30,"Standard","Ontario","Organic",14.71,0
6373,784,2026-02-15,"Discovery","Atlantic","Retail_partner",33.36,0
6374,3966,2026-01-24,"Signature","Atlantic","Organic",19.81,0
6375,1567,2026-05-01,"Standard","Ontario","Organic",13.26,0
6376,3484,2026-01-11,"Standard","Atlantic","Organic",13.93,1
6377,1408,2026-04-19,"Standard","Atlantic","Organic",16.14,0
6378,1645,2026-05-20,"Standard","Ontario","Organic",18.11,1
6379,2539,2026-04-05,"Standard","Atlantic","Social",9.76,1
6380,3206,2026-01-23,"Signature","Atlantic","Organic",19.56,0
6381,1578,2026-06-13,"Signature","Atlantic","Social",29.9,0
6382,2938,2026-04-26,"Signature","Atlantic","Referral",21.48,0
6383,3459,2026-06-08,"Standard","Atlantic","Retail_partner",10.42,1
6384,861,2026-05-26,"Discovery","Atlantic","Social",33.84,0
6385,276,2026-02-15,"Standard","Atlantic","Social",14.58,1
6386,2155,2026-03-15,"Standard","Atlantic","Search",12.84,0
6387,2756,2026-04-03,"Standard","Atlantic","Organic",14.93,1
6388,2447,2026-05-10,"Standard","Atlantic","Retail_partner",15.77,0
6389,3554,2026-04-26,"Standard","Atlantic","Organic",16.37,1
6390,556,2026-04-19,"Standard","Atlantic","Social",15.23,0
6391,3308,2026-01-07,"Discovery","Atlantic","Social",31.03,0
6392,2214,2026-04-15,"Signature","Ontario","Social",27.54,0
6393,1722,2026-04-15,"Standard","Ontario","Search",18.86,0
6394,3100,2026-02-13,"Standard","Atlantic","Retail_partner",15.78,0
6395,1304,2026-04-27,"Discovery","Atlantic","Organic",32.52,0
6396,3080,2026-02-01,"Standard","Ontario","Search",11.69,0
6397,3383,2026-05-22,"Standard","Atlantic","Referral",12.86,0
6398,1245,2026-02-27,"Discovery","Atlantic","Search",34.08,0
6399,998,2026-02-08,"Discovery","Ontario","Search",33.55,0
6400,2741,2026-06-25,"Signature","Atlantic","Social",22.08,1
6401,2000,2026-01-29,"Standard","Atlantic","Social",13.2,1
6402,3562,2026-06-02,"Standard","Atlantic","Search",10.38,0
6403,3133,2026-04-23,"Signature","Atlantic","Search",28.93,1
6404,1398,2026-02-01,"Standard","Atlantic","Search",14.63,0
6405,3965,2026-02-21,"Discovery","Atlantic","Organic",31.15,0
6406,1456,2026-04-24,"Signature","Atlantic","Retail_partner",20.43,0
6407,747,2026-05-12,"Standard","Atlantic","Organic",13.76,1
6408,481,2026-04-12,"Standard","Atlantic","Referral",14.45,0
6409,1754,2026-02-18,"Signature","Ontario","Organic",24.05,0
6410,2211,2026-01-13,"Standard","Atlantic","Social",16.19,0
6411,2119,2026-01-28,"Signature","Atlantic","Organic",22.09,0
6412,1640,2026-05-03,"Standard","Atlantic","Search",15.3,0
6413,3246,2026-02-17,"Standard","Atlantic","Referral",16.7,1
6414,2943,2026-05-23,"Signature","Atlantic","Organic",20.46,1
6415,2157,2026-01-17,"Signature","Atlantic","Organic",18.67,1
6416,1660,2026-04-21,"Signature","Atlantic","Social",17.74,0
6417,3194,2026-06-17,"Discovery","Atlantic","Organic",31.21,0
6418,1425,2026-04-13,"Standard","Atlantic","Search",12.28,1
6419,2474,2026-02-24,"Signature","Atlantic","Referral",22,0
6420,3990,2026-05-07,"Discovery","Atlantic","Organic",28.46,0
6421,3909,2026-03-29,"Standard","Atlantic","Referral",14.87,0
6422,2856,2026-04-27,"Signature","Atlantic","Referral",21.98,0
6423,607,2026-06-24,"Standard","Atlantic","Social",11.01,1
6424,736,2026-03-20,"Discovery","Atlantic","Retail_partner",29.84,0
6425,2134,2026-02-03,"Discovery","Atlantic","Social",32.09,0
6426,3011,2026-03-12,"Discovery","Atlantic","Organic",31.61,0
6427,2290,2026-03-29,"Standard","Ontario","Retail_partner",17.8,0
6428,3585,2026-02-24,"Standard","Atlantic","Search",16.44,0
6429,3620,2026-01-12,"Signature","Ontario","Organic",22.96,0
6430,3177,2026-01-09,"Standard","Atlantic","Referral",19.51,0
6431,1596,2026-04-09,"Standard","Atlantic","Organic",14.26,0
6432,3298,2026-04-04,"Discovery","Atlantic","Search",31.1,0
6433,958,2026-02-06,"Discovery","Atlantic","Organic",38.61,0
6434,1305,2026-03-18,"Standard","Ontario","Search",19.23,1
6435,1210,2026-04-10,"Standard","Atlantic","Referral",12.96,0
6436,3873,2026-05-21,"Standard","Atlantic","Organic",12,0
6437,1365,2026-02-28,"Standard","Atlantic","Organic",13.88,0
6438,481,2026-02-09,"Standard","Atlantic","Organic",18.07,1
6439,387,2026-02-02,"Discovery","Ontario","Organic",30.12,0
6440,1196,2026-03-25,"Discovery","Ontario","Search",34.53,1
6441,1002,2026-06-01,"Standard","Atlantic","Social",13.94,1
6442,2957,2026-03-02,"Standard","Atlantic","Search",14.97,0
6443,2801,2026-03-25,"Signature","Atlantic","Social",19.03,0
6444,1656,2026-03-15,"Signature","Atlantic","Organic",22.65,0
6445,2610,2026-06-02,"Standard","Atlantic","Organic",13.16,0
6446,1908,2026-01-24,"Signature","Atlantic","Referral",21.41,0
6447,1308,2026-02-28,"Standard","Atlantic","Search",13.04,0
6448,1456,2026-06-22,"Standard","Ontario","Search",17.34,0
6449,2996,2026-05-08,"Signature","Atlantic","Social",22.38,0
6450,2527,2026-02-03,"Signature","Atlantic","Organic",26.69,0
6451,87,2026-01-26,"Signature","Atlantic","Organic",22.25,1
6452,148,2026-02-24,"Standard","Atlantic","Referral",13.63,1
6453,3386,2026-06-08,"Standard","Ontario","Organic",19.44,0
6454,1590,2026-03-20,"Signature","Atlantic","Social",21.57,0
6455,1626,2026-04-22,"Standard","Atlantic","Organic",11.15,0
6456,2654,2026-04-03,"Signature","Atlantic","Referral",23.8,0
6457,3052,2026-01-05,"Standard","Atlantic","Organic",12.07,0
6458,3754,2026-05-07,"Standard","Atlantic","Social",15.05,0
6459,1826,2026-05-05,"Signature","Ontario","Organic",25.17,0
6460,2946,2026-06-10,"Discovery","Atlantic","Social",33.02,0
6461,945,2026-06-23,"Signature","Atlantic","Referral",28.21,0
6462,2649,2026-05-12,"Signature","Atlantic","Retail_partner",20.92,0
6463,770,2026-04-13,"Standard","Atlantic","Organic",14.73,0
6464,546,2026-03-03,"Standard","Atlantic","Retail_partner",11.81,1
6465,22,2026-03-30,"Standard","Atlantic","Organic",13.37,1
6466,3840,2026-04-19,"Standard","Atlantic","Organic",14.15,1
6467,832,2026-03-24,"Standard","Ontario","Social",16.56,0
6468,356,2026-06-03,"Signature","Atlantic","Social",24.54,0
6469,3235,2026-05-13,"Standard","Atlantic","Organic",20.76,0
6470,1071,2026-02-10,"Discovery","Atlantic","Referral",32.83,1
6471,968,2026-01-27,"Standard","Atlantic","Referral",12.54,0
6472,2268,2026-07-01,"Standard","Ontario","Organic",15.73,0
6473,2164,2026-02-06,"Standard","Atlantic","Organic",15.39,1
6474,1277,2026-02-25,"Signature","Atlantic","Organic",19.07,1
6475,3998,2026-06-23,"Standard","Atlantic","Social",15.73,0
6476,3884,2026-04-04,"Standard","Atlantic","Social",9.77,0
6477,1783,2026-05-31,"Standard","Atlantic","Organic",16.05,0
6478,3323,2026-01-07,"Discovery","Atlantic","Referral",34.13,0
6479,1983,2026-04-01,"Standard","Ontario","Organic",19.47,0
6480,3932,2026-01-16,"Standard","Atlantic","Social",13.15,1
6481,2659,2026-01-15,"Signature","Atlantic","Organic",26.32,0
6482,3480,2026-04-03,"Standard","Atlantic","Organic",14.07,1
6483,2664,2026-05-31,"Standard","Atlantic","Search",16.58,0
6484,2038,2026-02-25,"Signature","Ontario","Referral",19.84,0
6485,2411,2026-03-16,"Standard","Ontario","Organic",18.8,0
6486,2443,2026-04-16,"Signature","Atlantic","Referral",21.37,0
6487,3998,2026-01-12,"Discovery","Atlantic","Organic",33.77,0
6488,745,2026-04-18,"Standard","Atlantic","Social",16.79,0
6489,3524,2026-04-16,"Standard","Atlantic","Organic",14.07,0
6490,2068,2026-05-28,"Discovery","Atlantic","Organic",29.24,0
6491,2307,2026-07-01,"Standard","Ontario","Retail_partner",14.92,0
6492,3420,2026-03-31,"Standard","Atlantic","Social",14.39,0
6493,969,2026-05-16,"Standard","Atlantic","Social",13.09,0
6494,1515,2026-03-03,"Signature","Atlantic","Social",24.64,0
6495,3260,2026-03-13,"Discovery","Atlantic","Referral",31.49,0
6496,1807,2026-04-12,"Standard","Atlantic","Search",12.98,0
6497,652,2026-02-16,"Standard","Atlantic","Organic",11.96,0
6498,1009,2026-05-06,"Signature","Ontario","Search",25.54,0
6499,1140,2026-06-04,"Signature","Atlantic","Organic",22.38,0
6500,3315,2026-06-29,"Discovery","Ontario","Social",29.34,0
6501,2076,2026-06-05,"Signature","Atlantic","Organic",24.79,0
6502,2422,2026-01-06,"Standard","Ontario","Organic",19.39,0
6503,734,2026-03-02,"Standard","Atlantic","Social",16.8,0
6504,467,2026-03-20,"Signature","Atlantic","Search",25.67,0
6505,701,2026-03-21,"Standard","Atlantic","Organic",14.6,0
6506,1258,2026-06-24,"Signature","Atlantic","Retail_partner",22.02,1
6507,3224,2026-06-21,"Signature","Atlantic","Social",24.32,0
6508,2197,2026-03-31,"Standard","Ontario","Social",16.45,0
6509,2460,2026-04-13,"Discovery","Atlantic","Social",28.58,1
6510,1622,2026-01-26,"Standard","Ontario","Organic",16.23,0
6511,1450,2026-04-20,"Standard","Atlantic","Referral",14.91,0
6512,2071,2026-05-05,"Discovery","Atlantic","Organic",35.8,0
6513,470,2026-02-09,"Standard","Atlantic","Organic",18.43,0
6514,1265,2026-02-04,"Standard","Atlantic","Social",19.69,0
6515,3932,2026-04-09,"Standard","Atlantic","Organic",16.58,0
6516,2178,2026-01-24,"Discovery","Atlantic","Organic",33.56,0
6517,3520,2026-04-04,"Standard","Atlantic","Organic",12.65,0
6518,2064,2026-06-03,"Standard","Atlantic","Search",15.5,0
6519,3754,2026-05-15,"Standard","Ontario","Search",20.78,0
6520,2942,2026-01-06,"Signature","Atlantic","Referral",19.69,0
6521,2178,2026-04-08,"Signature","Atlantic","Referral",25.41,0
6522,1660,2026-03-08,"Standard","Ontario","Organic",18.22,1
6523,1488,2026-05-07,"Discovery","Atlantic","Retail_partner",30.39,0
6524,1130,2026-06-17,"Signature","Atlantic","Search",26.53,0
6525,2926,2026-02-02,"Standard","Atlantic","Organic",13.51,1
6526,3157,2026-04-08,"Standard","Ontario","Organic",9.96,1
6527,2540,2026-01-14,"Standard","Atlantic","Search",17.24,1
6528,65,2026-01-12,"Standard","Atlantic","Organic",16.93,0
6529,1609,2026-05-27,"Standard","Atlantic","Social",9.86,0
6530,549,2026-05-25,"Signature","Atlantic","Search",24.32,0
6531,3467,2026-02-08,"Standard","Atlantic","Search",15.5,0
6532,2016,2026-07-01,"Standard","Atlantic","Organic",14.07,0
6533,2340,2026-05-24,"Discovery","Atlantic","Organic",31.19,1
6534,2872,2026-06-04,"Standard","Atlantic","Search",10.7,0
6535,1275,2026-05-29,"Standard","Atlantic","Retail_partner",15.88,0
6536,3335,2026-02-22,"Signature","Atlantic","Search",24.9,0
6537,70,2026-03-21,"Discovery","Atlantic","Social",37.72,0
6538,1223,2026-04-27,"Standard","Atlantic","Referral",16.09,0
6539,2073,2026-06-18,"Standard","Atlantic","Organic",12.1,1
6540,249,2026-02-02,"Signature","Atlantic","Search",27.46,0
6541,2517,2026-05-26,"Standard","Atlantic","Social",14.89,0
6542,1896,2026-06-17,"Signature","Ontario","Organic",27.3,1
6543,525,2026-02-05,"Standard","Atlantic","Social",14.64,0
6544,765,2026-05-14,"Standard","Atlantic","Organic",17.29,0
6545,3413,2026-04-30,"Signature","Atlantic","Organic",22,1
6546,1157,2026-04-13,"Signature","Atlantic","Organic",25.38,0
6547,1461,2026-02-03,"Signature","Ontario","Referral",26.16,0
6548,1746,2026-04-27,"Standard","Atlantic","Organic",17.54,1
6549,3586,2026-03-18,"Signature","Atlantic","Retail_partner",24.48,0
6550,3384,2026-04-12,"Standard","Ontario","Organic",14.57,0
6551,90,2026-04-29,"Discovery","Atlantic","Social",31.98,0
6552,193,2026-02-26,"Discovery","Atlantic","Organic",38.98,0
6553,1565,2026-03-03,"Standard","Ontario","Social",15.35,1
6554,3291,2026-04-23,"Standard","Ontario","Search",12.91,0
6555,2079,2026-02-07,"Standard","Ontario","Organic",15.28,0
6556,964,2026-05-10,"Signature","Atlantic","Retail_partner",21.86,0
6557,3538,2026-03-31,"Standard","Atlantic","Referral",18.38,1
6558,2376,2026-06-16,"Signature","Atlantic","Search",22.07,0
6559,2514,2026-04-28,"Signature","Atlantic","Organic",20.37,0
6560,3002,2026-04-13,"Standard","Ontario","Organic",16.03,0
6561,3387,2026-02-03,"Standard","Atlantic","Organic",14.48,0
6562,3172,2026-02-26,"Standard","Atlantic","Search",15.9,1
6563,3276,2026-05-12,"Signature","Atlantic","Organic",26.7,0
6564,1543,2026-06-29,"Standard","Ontario","Social",15.57,0
6565,2512,2026-05-08,"Discovery","Atlantic","Organic",32.92,0
6566,82,2026-01-01,"Standard","Atlantic","Organic",13.23,1
6567,2072,2026-03-05,"Standard","Atlantic","Organic",16.98,0
6568,1982,2026-05-30,"Standard","Atlantic","Organic",15.61,0
6569,1687,2026-04-09,"Standard","Atlantic","Search",17.16,1
6570,655,2026-06-17,"Signature","Ontario","Organic",23.76,0
6571,1269,2026-03-26,"Signature","Atlantic","Referral",23.6,0
6572,2227,2026-06-01,"Standard","Atlantic","Organic",14.14,0
6573,984,2026-05-28,"Signature","Atlantic","Referral",19.93,0
6574,1971,2026-02-23,"Standard","Atlantic","Retail_partner",15.83,0
6575,3741,2026-06-17,"Signature","Ontario","Retail_partner",23.63,0
6576,3122,2026-04-29,"Standard","Atlantic","Referral",15.24,1
6577,3525,2026-03-18,"Signature","Atlantic","Search",22.2,0
6578,2552,2026-01-06,"Standard","Atlantic","Search",17.26,0
6579,2851,2026-02-08,"Standard","Atlantic","Social",12.44,1
6580,3855,2026-01-14,"Standard","Atlantic","Social",12.86,0
6581,3557,2026-06-10,"Standard","Atlantic","Referral",12.97,0
6582,1758,2026-06-29,"Signature","Atlantic","Organic",26.32,0
6583,1684,2026-06-19,"Standard","Atlantic","Organic",18.19,0
6584,64,2026-05-20,"Standard","Atlantic","Organic",14.51,0
6585,3370,2026-06-17,"Standard","Atlantic","Organic",14.31,0
6586,205,2026-06-25,"Signature","Atlantic","Social",19.53,0
6587,1315,2026-06-25,"Standard","Atlantic","Search",14.9,0
6588,1858,2026-02-19,"Standard","Atlantic","Retail_partner",14.21,0
6589,3449,2026-01-13,"Signature","Atlantic","Organic",24.07,0
6590,1687,2026-06-19,"Standard","Atlantic","Search",12.88,0
6591,3123,2026-05-21,"Signature","Atlantic","Social",22.5,0
6592,144,2026-06-24,"Discovery","Atlantic","Social",33.98,1
6593,1396,2026-05-02,"Standard","Atlantic","Organic",13.43,0
6594,2622,2026-05-04,"Discovery","Atlantic","Referral",30.46,0
6595,3064,2026-04-23,"Discovery","Atlantic","Organic",30.14,0
6596,715,2026-01-28,"Signature","Atlantic","Referral",24.92,0
6597,3043,2026-02-19,"Signature","Atlantic","Organic",22.34,0
6598,113,2026-03-08,"Standard","Atlantic","Retail_partner",12.17,1
6599,529,2026-06-22,"Signature","Atlantic","Search",24.4,0
6600,442,2026-07-01,"Standard","Atlantic","Search",17.81,0
6601,2296,2026-04-19,"Signature","Ontario","Organic",24.24,0
6602,2212,2026-01-02,"Discovery","Atlantic","Referral",33.26,0
6603,142,2026-03-16,"Discovery","Atlantic","Social",27.09,0
6604,3875,2026-02-07,"Signature","Atlantic","Social",22.55,0
6605,2993,2026-03-04,"Standard","Atlantic","Referral",13.5,0
6606,2515,2026-04-19,"Discovery","Atlantic","Retail_partner",35.04,0
6607,495,2026-05-05,"Discovery","Ontario","Organic",31.06,0
6608,3465,2026-06-11,"Discovery","Ontario","Retail_partner",35.48,1
6609,670,2026-02-18,"Standard","Atlantic","Organic",16.97,0
6610,18,2026-03-09,"Standard","Atlantic","Organic",15.41,0
6611,1506,2026-05-26,"Standard","Ontario","Organic",11.15,0
6612,636,2026-01-12,"Standard","Atlantic","Social",11.08,0
6613,3753,2026-04-05,"Signature","Ontario","Retail_partner",23.32,0
6614,1053,2026-05-04,"Standard","Atlantic","Referral",13.83,1
6615,1617,2026-05-03,"Standard","Atlantic","Organic",9.2,1
6616,3960,2026-03-21,"Discovery","Atlantic","Organic",34.26,1
6617,117,2026-05-28,"Signature","Ontario","Organic",25.73,0
6618,1455,2026-05-09,"Standard","Atlantic","Social",11.87,1
6619,696,2026-01-25,"Standard","Atlantic","Retail_partner",15.9,0
6620,1962,2026-04-03,"Standard","Atlantic","Social",17.9,1
6621,3701,2026-03-20,"Standard","Ontario","Social",14.17,0
6622,2496,2026-01-15,"Standard","Atlantic","Retail_partner",10.98,1
6623,240,2026-05-26,"Standard","Atlantic","Organic",12.95,1
6624,3759,2026-03-05,"Standard","Atlantic","Retail_partner",16.01,0
6625,3028,2026-05-05,"Standard","Atlantic","Organic",16.57,0
6626,432,2026-04-15,"Standard","Ontario","Social",18.22,0
6627,2123,2026-05-30,"Standard","Atlantic","Social",17,1
6628,2439,2026-05-24,"Standard","Atlantic","Organic",11.21,0
6629,3225,2026-05-02,"Standard","Atlantic","Social",14.57,0
6630,3354,2026-01-18,"Signature","Atlantic","Organic",25.74,0
6631,3946,2026-05-25,"Signature","Atlantic","Social",25.04,0
6632,3012,2026-05-27,"Signature","Atlantic","Search",19.83,0
6633,2110,2026-03-24,"Discovery","Atlantic","Organic",35.51,1
6634,3446,2026-02-26,"Standard","Ontario","Retail_partner",14.32,0
6635,2147,2026-05-07,"Standard","Atlantic","Search",12.85,0
6636,2592,2026-04-24,"Signature","Atlantic","Social",19.67,0
6637,2079,2026-03-16,"Standard","Atlantic","Social",13.71,0
6638,1111,2026-06-24,"Standard","Atlantic","Search",12.52,0
6639,3617,2026-06-02,"Standard","Atlantic","Social",17.28,0
6640,922,2026-02-11,"Signature","Atlantic","Retail_partner",22.55,0
6641,2578,2026-02-28,"Discovery","Ontario","Organic",33.04,0
6642,1528,2026-06-23,"Standard","Atlantic","Social",15.33,0
6643,907,2026-02-03,"Standard","Ontario","Retail_partner",15.21,0
6644,696,2026-01-08,"Standard","Atlantic","Organic",13.1,0
6645,1333,2026-05-25,"Signature","Atlantic","Social",21.53,0
6646,203,2026-03-23,"Signature","Atlantic","Retail_partner",22.56,0
6647,3043,2026-06-28,"Standard","Atlantic","Referral",14.99,1
6648,3745,2026-04-09,"Signature","Atlantic","Referral",21.91,0
6649,198,2026-05-25,"Standard","Atlantic","Organic",18.15,1
6650,3121,2026-02-18,"Signature","Atlantic","Referral",20.93,0
6651,1659,2026-06-22,"Signature","Ontario","Organic",18,0
6652,1554,2026-04-09,"Discovery","Ontario","Social",35.88,0
6653,2568,2026-05-25,"Standard","Ontario","Organic",9.42,0
6654,111,2026-05-21,"Standard","Atlantic","Retail_partner",13.9,0
6655,3460,2026-04-02,"Standard","Ontario","Social",17.92,1
6656,1914,2026-05-08,"Standard","Atlantic","Social",14.34,0
6657,48,2026-04-22,"Signature","Atlantic","Organic",26.06,0
6658,1374,2026-03-31,"Discovery","Atlantic","Referral",34.03,0
6659,3119,2026-01-13,"Standard","Atlantic","Organic",18.74,1
6660,580,2026-04-19,"Signature","Atlantic","Organic",23.33,1
6661,2710,2026-05-11,"Standard","Atlantic","Organic",13.17,1
6662,3811,2026-01-21,"Standard","Atlantic","Organic",17.82,0
6663,1697,2026-04-17,"Standard","Atlantic","Organic",13.42,0
6664,3574,2026-05-07,"Standard","Atlantic","Search",11.31,0
6665,1988,2026-05-06,"Standard","Atlantic","Referral",17.99,1
6666,1554,2026-04-25,"Discovery","Atlantic","Organic",32.43,0
6667,1191,2026-03-17,"Signature","Atlantic","Referral",21.57,1
6668,3985,2026-06-12,"Standard","Atlantic","Referral",14.81,1
6669,2719,2026-05-07,"Signature","Atlantic","Organic",27.01,0
6670,2898,2026-05-21,"Standard","Atlantic","Social",14.53,0
6671,2560,2026-03-22,"Discovery","Atlantic","Search",31.36,0
6672,2792,2026-02-10,"Standard","Ontario","Search",17.69,0
6673,2610,2026-02-16,"Standard","Atlantic","Organic",10.69,1
6674,3384,2026-06-14,"Signature","Ontario","Social",21.23,0
6675,1695,2026-04-24,"Signature","Atlantic","Search",18.14,0
6676,1936,2026-01-19,"Standard","Atlantic","Social",9.9,0
6677,3229,2026-02-16,"Standard","Atlantic","Search",16.16,1
6678,1895,2026-05-13,"Signature","Ontario","Organic",26.2,0
6679,3455,2026-03-17,"Standard","Atlantic","Referral",16.83,0
6680,503,2026-06-08,"Signature","Atlantic","Search",27.59,1
6681,402,2026-04-27,"Discovery","Atlantic","Organic",32.06,0
6682,156,2026-05-08,"Signature","Atlantic","Organic",22.76,0
6683,965,2026-05-02,"Signature","Atlantic","Social",19.67,0
6684,2514,2026-04-03,"Standard","Atlantic","Search",15.3,1
6685,2953,2026-06-13,"Signature","Atlantic","Social",21.14,1
6686,1751,2026-03-09,"Standard","Atlantic","Organic",10.16,0
6687,3720,2026-03-17,"Signature","Atlantic","Social",23.58,0
6688,886,2026-01-31,"Standard","Atlantic","Organic",14.96,0
6689,3586,2026-06-08,"Standard","Atlantic","Organic",14.21,0
6690,113,2026-01-20,"Standard","Atlantic","Search",13.92,0
6691,3967,2026-06-06,"Discovery","Atlantic","Organic",32.46,0
6692,3954,2026-02-18,"Discovery","Atlantic","Social",29.7,0
6693,1381,2026-06-06,"Standard","Atlantic","Search",18.18,0
6694,3616,2026-04-19,"Signature","Ontario","Organic",21.82,0
6695,1149,2026-05-01,"Standard","Atlantic","Search",14.87,0
6696,644,2026-03-25,"Standard","Ontario","Organic",12.17,0
6697,2637,2026-04-14,"Signature","Atlantic","Organic",26.56,0
6698,3585,2026-01-09,"Signature","Ontario","Organic",25.12,0
6699,2125,2026-05-23,"Signature","Atlantic","Search",21.19,0
6700,3085,2026-03-23,"Signature","Atlantic","Referral",22.2,1
6701,3670,2026-05-08,"Standard","Atlantic","Organic",9.87,0
6702,1492,2026-01-26,"Standard","Ontario","Social",18.41,0
6703,2993,2026-03-15,"Discovery","Atlantic","Organic",26.78,0
6704,9,2026-06-01,"Signature","Atlantic","Organic",19.33,0
6705,1890,2026-02-20,"Standard","Atlantic","Organic",12.81,0
6706,3287,2026-01-09,"Signature","Ontario","Search",21.88,0
6707,3567,2026-06-16,"Standard","Atlantic","Organic",8.95,0
6708,1568,2026-03-04,"Standard","Atlantic","Social",16.66,0
6709,206,2026-06-29,"Signature","Atlantic","Social",26.5,0
6710,1008,2026-03-27,"Standard","Atlantic","Organic",16.33,0
6711,2206,2026-03-23,"Standard","Atlantic","Social",14.01,1
6712,1783,2026-03-18,"Signature","Atlantic","Organic",18.95,1
6713,3547,2026-04-06,"Signature","Atlantic","Search",20.54,0
6714,3951,2026-04-17,"Standard","Ontario","Referral",14.89,1
6715,1205,2026-04-30,"Signature","Atlantic","Organic",20.58,0
6716,316,2026-03-04,"Signature","Atlantic","Organic",23.32,0
6717,3297,2026-04-11,"Standard","Atlantic","Search",11.21,0
6718,797,2026-05-13,"Standard","Atlantic","Retail_partner",17.76,1
6719,2898,2026-04-10,"Signature","Atlantic","Search",25.39,0
6720,3673,2026-05-18,"Standard","Ontario","Referral",15.49,0
6721,1478,2026-06-01,"Signature","Ontario","Retail_partner",22.73,0
6722,1551,2026-05-22,"Discovery","Atlantic","Social",31.68,0
6723,2798,2026-04-29,"Discovery","Atlantic","Social",30.69,0
6724,3494,2026-03-01,"Signature","Atlantic","Search",19.82,0
6725,2335,2026-06-05,"Standard","Ontario","Retail_partner",10.59,0
6726,2419,2026-04-16,"Signature","Ontario","Social",18.85,0
6727,754,2026-05-04,"Signature","Ontario","Organic",25.39,0
6728,2677,2026-06-09,"Standard","Ontario","Organic",18.86,0
6729,2194,2026-06-09,"Standard","Ontario","Organic",15.7,0
6730,1363,2026-02-21,"Signature","Atlantic","Referral",21.22,0
6731,1979,2026-05-27,"Signature","Atlantic","Search",24.24,1
6732,2931,2026-04-14,"Standard","Atlantic","Organic",18.17,0
6733,2675,2026-03-04,"Signature","Atlantic","Social",23.59,0
6734,481,2026-05-20,"Signature","Atlantic","Search",21.58,0
6735,1858,2026-02-25,"Discovery","Atlantic","Retail_partner",28.38,0
6736,3882,2026-05-18,"Discovery","Atlantic","Retail_partner",32.04,1
6737,3125,2026-05-28,"Discovery","Atlantic","Organic",29.59,0
6738,858,2026-03-04,"Standard","Atlantic","Organic",14.01,1
6739,834,2026-02-26,"Standard","Atlantic","Referral",13.45,0
6740,3607,2026-03-12,"Standard","Atlantic","Retail_partner",12.68,0
6741,3508,2026-01-15,"Signature","Atlantic","Referral",21.66,0
6742,2349,2026-01-03,"Standard","Atlantic","Organic",13.1,0
6743,3077,2026-04-25,"Standard","Atlantic","Referral",15.88,0
6744,1998,2026-02-26,"Discovery","Atlantic","Retail_partner",34.13,0
6745,1249,2026-02-16,"Signature","Ontario","Social",24.86,1
6746,2765,2026-03-09,"Discovery","Atlantic","Social",33.69,0
6747,2784,2026-03-02,"Signature","Atlantic","Retail_partner",24.48,0
6748,1879,2026-04-27,"Signature","Atlantic","Social",18.99,0
6749,1377,2026-01-12,"Discovery","Atlantic","Search",28.36,0
6750,258,2026-06-09,"Signature","Atlantic","Referral",22.44,0
6751,103,2026-04-23,"Signature","Atlantic","Social",22.95,0
6752,3931,2026-05-23,"Signature","Atlantic","Social",22.06,1
6753,3747,2026-02-14,"Standard","Atlantic","Social",13.62,0
6754,1064,2026-05-31,"Signature","Ontario","Search",21.42,1
6755,2125,2026-01-12,"Standard","Atlantic","Search",14.59,0
6756,3387,2026-05-03,"Standard","Ontario","Organic",13.32,0
6757,209,2026-05-03,"Standard","Atlantic","Organic",15.16,0
6758,2893,2026-01-20,"Signature","Atlantic","Organic",21.3,0
6759,1391,2026-06-11,"Standard","Ontario","Search",15.08,0
6760,2511,2026-04-21,"Standard","Atlantic","Social",15.51,0
6761,3651,2026-04-16,"Signature","Atlantic","Retail_partner",23.71,0
6762,3057,2026-01-11,"Signature","Atlantic","Organic",22.16,0
6763,3088,2026-04-10,"Standard","Atlantic","Search",17.65,0
6764,3418,2026-06-28,"Signature","Ontario","Referral",22.71,1
6765,3785,2026-05-05,"Discovery","Atlantic","Referral",33.2,0
6766,1542,2026-05-02,"Standard","Ontario","Search",14.4,0
6767,2360,2026-02-11,"Standard","Atlantic","Social",14.07,1
6768,3244,2026-05-22,"Standard","Atlantic","Retail_partner",16,0
6769,798,2026-05-28,"Standard","Atlantic","Organic",16.77,0
6770,1489,2026-04-06,"Signature","Atlantic","Organic",23.63,0
6771,2070,2026-04-18,"Signature","Atlantic","Social",21.07,0
6772,269,2026-05-24,"Standard","Atlantic","Search",17.06,0
6773,2212,2026-01-14,"Standard","Ontario","Retail_partner",14.24,0
6774,1636,2026-01-13,"Standard","Atlantic","Retail_partner",20.09,1
6775,2724,2026-05-11,"Signature","Ontario","Social",24.63,0
6776,3089,2026-01-18,"Discovery","Atlantic","Organic",32.34,1
6777,3180,2026-05-10,"Standard","Ontario","Organic",17.78,0
6778,681,2026-05-03,"Discovery","Atlantic","Retail_partner",31.13,1
6779,993,2026-04-15,"Discovery","Atlantic","Organic",33.04,0
6780,2636,2026-03-12,"Standard","Atlantic","Social",17.91,0
6781,1795,2026-05-28,"Standard","Ontario","Organic",16.38,0
6782,800,2026-05-21,"Standard","Atlantic","Organic",13.35,0
6783,2364,2026-04-19,"Discovery","Atlantic","Organic",31.21,0
6784,940,2026-02-24,"Discovery","Atlantic","Organic",29.56,0
6785,3435,2026-02-22,"Standard","Atlantic","Organic",13.03,0
6786,1449,2026-03-14,"Standard","Ontario","Retail_partner",17.86,1
6787,1031,2026-05-19,"Signature","Atlantic","Search",20.38,0
6788,1359,2026-04-08,"Standard","Atlantic","Organic",14.69,1
6789,2205,2026-05-03,"Signature","Atlantic","Organic",25.13,0
6790,2939,2026-03-27,"Discovery","Atlantic","Organic",28.79,0
6791,2758,2026-05-26,"Signature","Atlantic","Organic",20.12,0
6792,1529,2026-05-09,"Standard","Atlantic","Retail_partner",11.88,0
6793,941,2026-06-04,"Signature","Atlantic","Retail_partner",27.84,0
6794,2469,2026-05-21,"Signature","Atlantic","Organic",18.06,0
6795,2132,2026-02-19,"Standard","Atlantic","Social",10.2,0
6796,1853,2026-04-17,"Standard","Atlantic","Social",12.14,0
6797,41,2026-04-06,"Standard","Atlantic","Referral",16.52,0
6798,1789,2026-04-29,"Standard","Atlantic","Organic",12.29,1
6799,1832,2026-03-12,"Standard","Ontario","Search",12.08,1
6800,956,2026-06-19,"Standard","Atlantic","Social",14.69,0
6801,1221,2026-01-11,"Signature","Atlantic","Search",23.94,0
6802,1489,2026-01-24,"Standard","Ontario","Search",17.11,0
6803,3108,2026-01-26,"Signature","Atlantic","Social",22.19,0
6804,2400,2026-01-10,"Signature","Atlantic","Social",22.08,1
6805,2621,2026-01-09,"Standard","Atlantic","Social",15.56,0
6806,416,2026-05-28,"Signature","Atlantic","Organic",23.42,0
6807,2601,2026-03-31,"Signature","Atlantic","Retail_partner",25.7,0
6808,3018,2026-05-26,"Standard","Atlantic","Search",16.18,1
6809,2481,2026-06-13,"Signature","Atlantic","Organic",19.73,0
6810,2331,2026-04-29,"Signature","Atlantic","Search",23.56,0
6811,3356,2026-03-27,"Standard","Atlantic","Social",16.18,0
6812,3636,2026-06-19,"Standard","Atlantic","Organic",14.9,0
6813,2340,2026-06-13,"Signature","Atlantic","Organic",25.43,1
6814,3230,2026-03-04,"Discovery","Atlantic","Organic",30.6,1
6815,624,2026-01-23,"Signature","Ontario","Retail_partner",23.13,0
6816,2669,2026-02-15,"Standard","Ontario","Search",19.71,1
6817,3425,2026-04-03,"Standard","Atlantic","Search",11.23,0
6818,1696,2026-05-25,"Standard","Ontario","Social",17.49,0
6819,2506,2026-03-19,"Standard","Ontario","Organic",15.36,0
6820,2307,2026-02-02,"Standard","Atlantic","Search",13.98,0
6821,2993,2026-05-14,"Standard","Atlantic","Search",15.37,0
6822,835,2026-05-30,"Discovery","Ontario","Social",31.32,0
6823,2833,2026-05-28,"Discovery","Atlantic","Referral",28.49,0
6824,2162,2026-01-29,"Signature","Atlantic","Search",20.69,0
6825,155,2026-01-03,"Standard","Atlantic","Search",16.98,1
6826,3784,2026-03-18,"Standard","Ontario","Organic",17.55,0
6827,349,2026-04-10,"Signature","Ontario","Social",25.71,0
6828,1820,2026-01-08,"Standard","Atlantic","Search",13.97,0
6829,6,2026-01-17,"Signature","Ontario","Organic",22.67,1
6830,3203,2026-06-04,"Signature","Ontario","Search",22.49,1
6831,2953,2026-04-23,"Signature","Atlantic","Social",22.7,0
6832,3257,2026-05-01,"Standard","Atlantic","Social",17.74,1
6833,3482,2026-05-30,"Standard","Atlantic","Social",16.8,1
6834,3810,2026-06-04,"Standard","Atlantic","Social",17.95,1
6835,3848,2026-06-03,"Standard","Atlantic","Retail_partner",11.88,0
6836,3039,2026-02-05,"Discovery","Atlantic","Social",26.72,0
6837,1194,2026-02-28,"Standard","Atlantic","Search",15.58,1
6838,1729,2026-05-30,"Discovery","Atlantic","Retail_partner",29.07,0
6839,947,2026-06-11,"Signature","Atlantic","Organic",25.8,0
6840,713,2026-06-10,"Standard","Atlantic","Organic",12.65,1
6841,3618,2026-02-20,"Signature","Atlantic","Search",19.62,0
6842,2667,2026-05-08,"Standard","Atlantic","Organic",13.78,0
6843,1126,2026-05-25,"Standard","Ontario","Social",18.34,1
6844,2974,2026-03-31,"Standard","Atlantic","Retail_partner",13.52,0
6845,132,2026-05-29,"Standard","Ontario","Search",17.83,1
6846,2389,2026-05-09,"Standard","Atlantic","Social",14.68,1
6847,1522,2026-07-01,"Discovery","Atlantic","Organic",31.16,0
6848,1868,2026-06-23,"Standard","Atlantic","Organic",13.74,0
6849,2837,2026-03-14,"Discovery","Ontario","Search",29.26,0
6850,1288,2026-05-26,"Standard","Atlantic","Organic",16.52,0
6851,2868,2026-01-20,"Discovery","Atlantic","Organic",31.06,0
6852,602,2026-01-02,"Standard","Atlantic","Organic",19.17,1
6853,2485,2026-01-02,"Standard","Ontario","Organic",16.89,0
6854,1326,2026-05-28,"Discovery","Atlantic","Search",33.63,1
6855,1458,2026-06-11,"Standard","Ontario","Organic",17.9,0
6856,768,2026-05-16,"Signature","Atlantic","Search",18.75,0
6857,2285,2026-02-18,"Standard","Ontario","Social",18.38,1
6858,500,2026-03-11,"Standard","Ontario","Retail_partner",11.9,0
6859,931,2026-04-06,"Signature","Atlantic","Referral",23.04,0
6860,3519,2026-01-04,"Standard","Atlantic","Retail_partner",16.47,0
6861,1154,2026-05-06,"Signature","Atlantic","Social",23.69,0
6862,307,2026-04-18,"Standard","Atlantic","Social",14.91,0
6863,999,2026-04-22,"Discovery","Atlantic","Referral",32.24,0
6864,2084,2026-06-22,"Discovery","Atlantic","Social",30.9,0
6865,974,2026-01-06,"Standard","Atlantic","Search",12.43,0
6866,1873,2026-02-21,"Standard","Atlantic","Social",13.87,0
6867,2445,2026-06-27,"Standard","Atlantic","Search",15.57,0
6868,643,2026-06-30,"Standard","Atlantic","Organic",16.59,1
6869,3821,2026-05-03,"Signature","Atlantic","Organic",24.13,1
6870,738,2026-03-31,"Standard","Atlantic","Organic",17.97,0
6871,1441,2026-06-01,"Signature","Atlantic","Search",24.72,1
6872,1734,2026-06-21,"Signature","Atlantic","Organic",23.35,0
6873,2685,2026-01-10,"Signature","Atlantic","Referral",23.41,0
6874,2943,2026-01-18,"Signature","Atlantic","Organic",24.31,0
6875,911,2026-04-05,"Signature","Atlantic","Referral",21.53,0
6876,1042,2026-03-13,"Discovery","Atlantic","Organic",29.6,0
6877,1201,2026-03-01,"Standard","Atlantic","Organic",15.26,0
6878,2230,2026-06-28,"Signature","Atlantic","Social",22.83,0
6879,690,2026-03-09,"Signature","Ontario","Referral",21.6,0
6880,977,2026-02-09,"Signature","Atlantic","Organic",26.94,1
6881,1389,2026-02-15,"Signature","Atlantic","Referral",20.39,0
6882,1483,2026-01-26,"Signature","Ontario","Organic",21.96,0
6883,831,2026-05-10,"Signature","Atlantic","Organic",23.29,0
6884,1021,2026-05-21,"Standard","Atlantic","Retail_partner",11.69,1
6885,2909,2026-05-24,"Standard","Atlantic","Organic",18.76,0
6886,2268,2026-04-13,"Standard","Atlantic","Organic",13.68,0
6887,3699,2026-02-07,"Signature","Atlantic","Social",22.3,0
6888,2248,2026-04-16,"Standard","Ontario","Search",18.16,0
6889,974,2026-02-17,"Signature","Atlantic","Organic",19.02,0
6890,1921,2026-04-16,"Signature","Atlantic","Search",22.92,0
6891,1843,2026-04-24,"Signature","Atlantic","Search",25.4,0
6892,2106,2026-05-31,"Discovery","Atlantic","Social",34.56,0
6893,527,2026-01-30,"Signature","Atlantic","Organic",17.9,0
6894,991,2026-02-17,"Discovery","Atlantic","Social",32.85,0
6895,1895,2026-04-06,"Standard","Atlantic","Referral",10.72,1
6896,2490,2026-04-14,"Signature","Atlantic","Social",19.79,1
6897,3819,2026-04-08,"Signature","Atlantic","Social",26.1,0
6898,2498,2026-03-20,"Signature","Atlantic","Organic",18.11,1
6899,463,2026-06-28,"Standard","Atlantic","Search",12.44,0
6900,426,2026-04-29,"Standard","Atlantic","Search",14.41,0
6901,2820,2026-06-28,"Standard","Atlantic","Social",11.2,1
6902,353,2026-04-19,"Signature","Atlantic","Referral",24.73,0
6903,499,2026-04-18,"Standard","Ontario","Organic",17.16,1
6904,2961,2026-05-06,"Signature","Atlantic","Search",21.43,0
6905,3276,2026-02-24,"Signature","Atlantic","Referral",21.05,0
6906,3688,2026-01-23,"Discovery","Atlantic","Social",29.73,1
6907,2376,2026-03-08,"Standard","Atlantic","Organic",9.33,0
6908,3059,2026-02-23,"Standard","Atlantic","Referral",13.27,1
6909,3956,2026-05-24,"Standard","Atlantic","Social",14.6,0
6910,2340,2026-01-11,"Discovery","Atlantic","Search",28.9,0
6911,1229,2026-02-13,"Signature","Atlantic","Social",19.13,0
6912,2613,2026-01-25,"Signature","Atlantic","Organic",19.93,0
6913,1270,2026-03-23,"Standard","Atlantic","Search",16.29,0
6914,265,2026-02-05,"Signature","Atlantic","Search",23.03,0
6915,3011,2026-06-28,"Discovery","Atlantic","Search",34.02,1
6916,44,2026-04-16,"Standard","Atlantic","Social",11.95,0
6917,1322,2026-02-25,"Signature","Atlantic","Organic",26.11,0
6918,2133,2026-06-18,"Standard","Atlantic","Retail_partner",11.03,0
6919,3645,2026-04-23,"Standard","Atlantic","Organic",11.21,1
6920,1150,2026-02-11,"Signature","Atlantic","Organic",21.73,0
6921,1315,2026-03-08,"Signature","Atlantic","Organic",24.93,0
6922,2807,2026-06-14,"Discovery","Atlantic","Organic",33.52,0
6923,2564,2026-04-12,"Signature","Atlantic","Search",20.95,0
6924,3494,2026-03-10,"Standard","Atlantic","Search",11.01,1
6925,1989,2026-05-06,"Standard","Atlantic","Search",16.68,0
6926,1298,2026-05-25,"Standard","Atlantic","Organic",14.56,0
6927,111,2026-06-10,"Standard","Atlantic","Referral",17.77,0
6928,2125,2026-02-20,"Standard","Atlantic","Organic",11.18,0
6929,3288,2026-04-01,"Standard","Atlantic","Social",12.81,0
6930,608,2026-02-14,"Standard","Atlantic","Organic",15.02,1
6931,3931,2026-04-17,"Standard","Atlantic","Organic",13.27,1
6932,3881,2026-06-29,"Standard","Atlantic","Search",19.63,0
6933,103,2026-05-19,"Signature","Atlantic","Retail_partner",20.33,0
6934,3889,2026-05-23,"Standard","Atlantic","Search",15.19,1
6935,2917,2026-01-06,"Signature","Atlantic","Organic",22.72,1
6936,3209,2026-05-03,"Standard","Atlantic","Retail_partner",12.4,1
6937,3862,2026-06-28,"Signature","Atlantic","Organic",19.16,0
6938,2113,2026-04-20,"Standard","Atlantic","Referral",12.41,0
6939,635,2026-04-04,"Standard","Atlantic","Organic",13.92,0
6940,2911,2026-01-30,"Signature","Atlantic","Referral",21.73,0
6941,860,2026-01-09,"Signature","Ontario","Organic",22.93,0
6942,3189,2026-06-01,"Signature","Atlantic","Retail_partner",23.17,1
6943,336,2026-01-26,"Signature","Atlantic","Organic",22.18,0
6944,3578,2026-01-01,"Signature","Ontario","Retail_partner",19.28,1
6945,163,2026-05-30,"Standard","Ontario","Referral",15.85,0
6946,3250,2026-01-31,"Standard","Atlantic","Social",16.32,1
6947,735,2026-05-19,"Standard","Ontario","Referral",20.15,0
6948,3441,2026-05-12,"Standard","Ontario","Search",11.8,0
6949,2534,2026-02-23,"Standard","Ontario","Search",15.7,1
6950,3755,2026-01-06,"Standard","Atlantic","Organic",11.33,1
6951,3053,2026-02-17,"Standard","Atlantic","Social",14.89,0
6952,335,2026-02-21,"Standard","Atlantic","Social",14.61,0
6953,1896,2026-05-26,"Signature","Atlantic","Search",21.15,1
6954,3292,2026-03-12,"Standard","Atlantic","Organic",18.21,0
6955,1557,2026-04-24,"Standard","Atlantic","Search",13.99,0
6956,153,2026-04-14,"Discovery","Atlantic","Referral",31.21,0
6957,1241,2026-05-03,"Signature","Atlantic","Organic",19.88,0
6958,3014,2026-03-02,"Signature","Atlantic","Retail_partner",18.43,0
6959,3330,2026-06-22,"Standard","Atlantic","Referral",17.58,0
6960,1771,2026-01-07,"Standard","Atlantic","Social",15.81,0
6961,1844,2026-02-07,"Standard","Atlantic","Search",11.67,0
6962,2262,2026-04-22,"Standard","Atlantic","Search",13.29,0
6963,2360,2026-01-16,"Standard","Atlantic","Organic",13.95,0
6964,2302,2026-04-05,"Signature","Atlantic","Organic",22.87,0
6965,2260,2026-01-10,"Standard","Ontario","Organic",14.21,0
6966,824,2026-03-07,"Discovery","Atlantic","Referral",32.08,0
6967,3086,2026-02-02,"Discovery","Ontario","Search",33.89,0
6968,1779,2026-02-05,"Standard","Atlantic","Referral",19.79,1
6969,296,2026-03-07,"Standard","Atlantic","Social",15.24,1
6970,534,2026-02-21,"Signature","Atlantic","Organic",20.76,0
6971,1478,2026-03-02,"Signature","Atlantic","Organic",26.57,0
6972,2795,2026-06-03,"Signature","Atlantic","Referral",21.52,0
6973,3293,2026-03-24,"Signature","Atlantic","Organic",24.99,0
6974,3658,2026-04-06,"Signature","Atlantic","Search",22.04,0
6975,507,2026-01-09,"Signature","Atlantic","Organic",17.79,0
6976,710,2026-04-25,"Standard","Ontario","Referral",15.08,1
6977,2622,2026-04-02,"Standard","Atlantic","Organic",18.32,0
6978,2923,2026-03-03,"Standard","Atlantic","Social",13.51,0
6979,3474,2026-03-08,"Standard","Ontario","Social",12.57,0
6980,1795,2026-02-05,"Discovery","Atlantic","Organic",29.48,0
6981,2945,2026-03-17,"Standard","Atlantic","Organic",17.66,1
6982,902,2026-02-07,"Standard","Atlantic","Referral",12.53,0
6983,3779,2026-01-06,"Signature","Ontario","Referral",21.29,1
6984,1572,2026-05-03,"Standard","Atlantic","Search",19.01,0
6985,2518,2026-01-12,"Standard","Atlantic","Organic",17.15,0
6986,1816,2026-03-15,"Standard","Atlantic","Search",15.44,1
6987,3519,2026-02-12,"Signature","Atlantic","Referral",22.78,0
6988,1269,2026-05-28,"Standard","Atlantic","Search",16.09,0
6989,2537,2026-06-28,"Standard","Atlantic","Retail_partner",16.24,0
6990,487,2026-04-20,"Standard","Atlantic","Social",17.13,0
6991,401,2026-01-08,"Standard","Atlantic","Organic",13.19,0
6992,2494,2026-01-13,"Discovery","Atlantic","Referral",31.09,0
6993,1204,2026-02-01,"Discovery","Atlantic","Retail_partner",27.99,0
6994,2279,2026-05-26,"Standard","Atlantic","Social",13.74,1
6995,1915,2026-02-10,"Standard","Atlantic","Search",18.67,0
6996,436,2026-06-24,"Standard","Atlantic","Social",15.22,0
6997,329,2026-04-05,"Signature","Atlantic","Referral",23.91,0
6998,2073,2026-01-04,"Standard","Atlantic","Organic",16.64,1
6999,331,2026-04-05,"Standard","Atlantic","Referral",16.03,1
7000,1156,2026-05-11,"Signature","Atlantic","Social",19.82,0
7001,627,2026-06-30,"Standard","Ontario","Organic",16.35,1
7002,3780,2026-02-28,"Signature","Ontario","Organic",27.47,0
7003,889,2026-04-23,"Discovery","Atlantic","Referral",30.51,0
7004,3177,2026-04-23,"Discovery","Atlantic","Organic",26.58,1
7005,76,2026-04-24,"Standard","Atlantic","Organic",11.89,0
7006,153,2026-03-08,"Standard","Atlantic","Social",13.01,0
7007,1723,2026-04-14,"Standard","Ontario","Organic",18.63,1
7008,2270,2026-04-16,"Standard","Ontario","Social",19.61,0
7009,2469,2026-03-17,"Discovery","Atlantic","Organic",28.56,0
7010,664,2026-05-23,"Standard","Atlantic","Referral",15.63,1
7011,31,2026-01-01,"Standard","Atlantic","Social",15.35,0
7012,2359,2026-06-30,"Standard","Atlantic","Search",17.22,1
7013,1707,2026-06-24,"Standard","Atlantic","Search",16.21,0
7014,3304,2026-03-16,"Standard","Atlantic","Organic",17.54,0
7015,2828,2026-04-02,"Standard","Atlantic","Organic",12.93,0
7016,3395,2026-05-09,"Discovery","Atlantic","Search",35.4,0
7017,943,2026-05-11,"Signature","Atlantic","Referral",29.24,0
7018,476,2026-01-30,"Signature","Atlantic","Organic",22.92,1
7019,2467,2026-06-01,"Discovery","Atlantic","Search",29.87,0
7020,2674,2026-06-06,"Standard","Atlantic","Organic",13.22,0
7021,2706,2026-05-23,"Standard","Atlantic","Search",15.42,0
7022,712,2026-03-21,"Standard","Atlantic","Social",15.17,0
7023,2567,2026-03-12,"Signature","Ontario","Organic",21.94,0
7024,3659,2026-02-26,"Discovery","Atlantic","Search",34.35,0
7025,3110,2026-03-12,"Standard","Atlantic","Referral",18.05,1
7026,2682,2026-05-24,"Standard","Atlantic","Organic",16.29,0
7027,233,2026-03-08,"Standard","Atlantic","Referral",17.1,0
7028,464,2026-04-26,"Standard","Atlantic","Search",13.23,0
7029,817,2026-05-20,"Signature","Atlantic","Referral",22.26,0
7030,1149,2026-06-19,"Discovery","Ontario","Social",28.74,0
7031,275,2026-06-07,"Standard","Atlantic","Organic",17.94,0
7032,2732,2026-04-05,"Standard","Atlantic","Search",11.7,1
7033,651,2026-02-20,"Signature","Atlantic","Social",22.01,0
7034,1075,2026-06-25,"Signature","Ontario","Organic",25.39,0
7035,894,2026-01-10,"Standard","Atlantic","Referral",17.24,0
7036,1485,2026-06-18,"Standard","Atlantic","Organic",16.71,0
7037,1255,2026-01-14,"Signature","Atlantic","Search",18.55,0
7038,1311,2026-02-12,"Standard","Atlantic","Organic",11.47,0
7039,1958,2026-03-23,"Standard","Atlantic","Organic",12.31,0
7040,1285,2026-04-15,"Standard","Ontario","Search",11.43,0
7041,3950,2026-03-28,"Standard","Atlantic","Social",15.5,0
7042,3985,2026-05-15,"Standard","Atlantic","Retail_partner",14.76,1
7043,1114,2026-01-10,"Signature","Ontario","Retail_partner",27.86,0
7044,2764,2026-04-03,"Standard","Atlantic","Referral",18.01,1
7045,2443,2026-02-08,"Signature","Atlantic","Referral",21.4,0
7046,647,2026-02-23,"Standard","Atlantic","Social",14.74,0
7047,1718,2026-04-06,"Standard","Ontario","Search",12.26,1
7048,1129,2026-02-23,"Standard","Atlantic","Organic",16.55,0
7049,2956,2026-03-10,"Standard","Atlantic","Search",20.97,0
7050,2796,2026-01-05,"Signature","Atlantic","Search",22.55,0
7051,3589,2026-02-10,"Standard","Atlantic","Search",11.29,1
7052,120,2026-03-06,"Standard","Ontario","Search",10.64,0
7053,944,2026-05-27,"Standard","Atlantic","Organic",15.38,0
7054,1072,2026-01-03,"Discovery","Atlantic","Organic",32.46,0
7055,331,2026-02-16,"Standard","Atlantic","Referral",15.65,0
7056,1736,2026-05-11,"Standard","Atlantic","Social",16.52,0
7057,3309,2026-02-06,"Standard","Atlantic","Organic",15.64,1
7058,3655,2026-03-19,"Standard","Atlantic","Social",13.89,0
7059,471,2026-01-28,"Signature","Atlantic","Social",22.24,1
7060,2467,2026-02-27,"Signature","Atlantic","Retail_partner",21.32,1
7061,3199,2026-03-22,"Standard","Atlantic","Referral",15.3,0
7062,342,2026-05-03,"Signature","Atlantic","Organic",25.02,0
7063,625,2026-04-23,"Standard","Ontario","Referral",16.48,0
7064,818,2026-03-30,"Standard","Atlantic","Referral",11.71,1
7065,543,2026-03-19,"Signature","Atlantic","Search",24.78,0
7066,3149,2026-04-02,"Discovery","Ontario","Referral",32.8,0
7067,1835,2026-05-16,"Signature","Ontario","Organic",22.71,1
7068,2222,2026-05-26,"Discovery","Ontario","Search",34.96,0
7069,3086,2026-03-01,"Signature","Atlantic","Organic",22.08,0
7070,1577,2026-05-30,"Standard","Atlantic","Search",17.44,0
7071,1173,2026-02-11,"Signature","Atlantic","Social",23.74,1
7072,692,2026-04-14,"Standard","Atlantic","Organic",15.34,0
7073,2421,2026-06-14,"Standard","Atlantic","Retail_partner",14.38,1
7074,3293,2026-05-26,"Signature","Atlantic","Search",17.91,0
7075,2743,2026-05-26,"Signature","Ontario","Search",20.45,1
7076,3548,2026-02-27,"Standard","Atlantic","Social",16.62,0
7077,3835,2026-06-25,"Standard","Atlantic","Organic",18.12,1
7078,645,2026-01-29,"Standard","Ontario","Referral",16.48,0
7079,92,2026-02-05,"Standard","Atlantic","Retail_partner",12.47,1
7080,3196,2026-06-21,"Standard","Atlantic","Social",14.9,0
7081,1703,2026-03-17,"Signature","Atlantic","Organic",23.31,0
7082,1935,2026-03-29,"Standard","Atlantic","Organic",14.63,1
7083,2511,2026-01-21,"Standard","Ontario","Organic",15.32,1
7084,3486,2026-01-28,"Signature","Atlantic","Referral",23.03,0
7085,1642,2026-06-05,"Standard","Ontario","Organic",14.36,1
7086,1138,2026-04-19,"Standard","Atlantic","Organic",11.46,0
7087,3586,2026-05-13,"Discovery","Ontario","Social",32.37,1
7088,1314,2026-01-03,"Standard","Atlantic","Search",17.88,0
7089,43,2026-04-07,"Signature","Ontario","Search",26.12,0
7090,2968,2026-02-10,"Signature","Ontario","Social",21.7,0
7091,3199,2026-02-10,"Signature","Atlantic","Search",21.6,0
7092,1915,2026-03-18,"Standard","Atlantic","Organic",18.72,1
7093,3325,2026-01-25,"Standard","Atlantic","Retail_partner",14.55,1
7094,428,2026-05-24,"Standard","Atlantic","Search",18.95,0
7095,2561,2026-02-06,"Standard","Atlantic","Search",17.09,1
7096,2093,2026-01-28,"Signature","Atlantic","Search",23.39,0
7097,1306,2026-03-17,"Signature","Atlantic","Organic",21.76,0
7098,1738,2026-05-25,"Signature","Ontario","Retail_partner",24.67,0
7099,203,2026-03-21,"Standard","Atlantic","Social",18.58,1
7100,386,2026-04-07,"Signature","Atlantic","Social",26.59,0
7101,694,2026-04-24,"Standard","Atlantic","Social",18.07,0
7102,2357,2026-01-08,"Signature","Atlantic","Referral",18.87,0
7103,2892,2026-01-06,"Standard","Atlantic","Search",13.85,0
7104,2860,2026-01-09,"Standard","Atlantic","Organic",14.82,0
7105,2564,2026-03-06,"Signature","Atlantic","Organic",25.17,1
7106,1870,2026-03-17,"Standard","Atlantic","Referral",15.74,0
7107,2309,2026-06-06,"Signature","Ontario","Social",25.92,0
7108,2206,2026-04-18,"Standard","Atlantic","Organic",15.58,0
7109,1392,2026-04-26,"Signature","Atlantic","Organic",25.97,0
7110,3538,2026-01-07,"Signature","Atlantic","Social",23.58,0
7111,1883,2026-01-12,"Signature","Atlantic","Organic",22.38,0
7112,3395,2026-03-13,"Signature","Ontario","Search",25.22,0
7113,3245,2026-02-06,"Discovery","Atlantic","Organic",36.15,1
7114,3435,2026-03-11,"Discovery","Atlantic","Referral",31.6,0
7115,1377,2026-06-26,"Standard","Ontario","Referral",12.85,0
7116,1873,2026-06-12,"Signature","Atlantic","Social",21.34,1
7117,1320,2026-01-28,"Signature","Atlantic","Social",24.36,0
7118,747,2026-02-21,"Standard","Ontario","Search",14.88,0
7119,1950,2026-01-29,"Signature","Atlantic","Organic",21.08,0
7120,1916,2026-04-19,"Standard","Ontario","Referral",15.01,1
7121,165,2026-04-06,"Standard","Atlantic","Organic",14.43,0
7122,3091,2026-04-30,"Standard","Ontario","Referral",19.13,1
7123,2905,2026-01-06,"Standard","Ontario","Organic",18.75,0
7124,3176,2026-03-09,"Signature","Atlantic","Retail_partner",23.82,0
7125,1208,2026-04-14,"Standard","Atlantic","Social",12.93,1
7126,1641,2026-03-12,"Standard","Atlantic","Social",15.07,0
7127,3283,2026-05-01,"Standard","Atlantic","Social",12.51,0
7128,1729,2026-04-19,"Discovery","Atlantic","Organic",34.91,1
7129,1074,2026-06-04,"Signature","Atlantic","Referral",21.66,0
7130,1068,2026-06-23,"Discovery","Atlantic","Search",29.16,0
7131,3181,2026-02-28,"Standard","Atlantic","Referral",16.82,0
7132,456,2026-01-29,"Signature","Atlantic","Search",17.29,0
7133,439,2026-01-07,"Standard","Atlantic","Search",13.36,0
7134,3922,2026-06-16,"Discovery","Atlantic","Organic",30.4,0
7135,1789,2026-06-05,"Standard","Atlantic","Search",11.85,0
7136,3468,2026-05-24,"Signature","Ontario","Referral",22.65,1
7137,118,2026-01-03,"Standard","Atlantic","Search",19.04,0
7138,1618,2026-06-10,"Standard","Atlantic","Organic",12.03,0
7139,2709,2026-02-15,"Signature","Atlantic","Search",22.38,0
7140,1212,2026-02-06,"Signature","Ontario","Search",24.57,0
7141,1874,2026-02-14,"Discovery","Atlantic","Retail_partner",32.88,0
7142,3149,2026-04-25,"Standard","Atlantic","Organic",16.67,0
7143,2947,2026-01-17,"Discovery","Atlantic","Referral",30.62,0
7144,1953,2026-05-26,"Signature","Atlantic","Referral",23.09,0
7145,2508,2026-05-08,"Standard","Ontario","Organic",14.85,0
7146,1848,2026-06-30,"Discovery","Atlantic","Organic",31.07,1
7147,3256,2026-04-25,"Standard","Atlantic","Retail_partner",17.76,1
7148,1419,2026-06-08,"Standard","Atlantic","Retail_partner",14.77,0
7149,1478,2026-03-06,"Standard","Atlantic","Social",10.31,0
7150,1443,2026-04-05,"Signature","Atlantic","Organic",21.79,1
7151,3791,2026-05-19,"Standard","Ontario","Retail_partner",18.7,0
7152,599,2026-03-29,"Standard","Atlantic","Search",14.37,0
7153,1285,2026-02-24,"Discovery","Atlantic","Organic",35.18,0
7154,1213,2026-03-28,"Discovery","Ontario","Organic",35.42,0
7155,1725,2026-06-19,"Signature","Atlantic","Social",24.65,0
7156,1806,2026-02-02,"Standard","Atlantic","Organic",17.88,0
7157,874,2026-01-25,"Signature","Atlantic","Organic",21.37,0
7158,3369,2026-04-13,"Discovery","Ontario","Social",36.27,0
7159,1988,2026-06-26,"Discovery","Atlantic","Social",25.58,0
7160,1987,2026-02-15,"Signature","Atlantic","Organic",20.89,0
7161,950,2026-02-10,"Standard","Atlantic","Organic",17.99,0
7162,2614,2026-02-03,"Standard","Atlantic","Organic",19.47,1
7163,1204,2026-02-07,"Discovery","Atlantic","Social",31.82,0
7164,2966,2026-06-11,"Discovery","Atlantic","Search",33.74,0
7165,2535,2026-01-18,"Standard","Atlantic","Search",19.15,0
7166,927,2026-01-07,"Standard","Ontario","Organic",13.09,0
7167,485,2026-04-05,"Standard","Atlantic","Social",17.26,0
7168,3790,2026-02-27,"Signature","Ontario","Organic",20.8,0
7169,1953,2026-01-25,"Standard","Atlantic","Social",11.4,0
7170,3413,2026-05-25,"Discovery","Ontario","Retail_partner",32.08,1
7171,2206,2026-04-07,"Standard","Atlantic","Search",15.71,0
7172,3121,2026-06-05,"Discovery","Ontario","Social",30.53,0
7173,17,2026-02-04,"Discovery","Atlantic","Retail_partner",32.75,0
7174,2943,2026-04-25,"Signature","Atlantic","Organic",23.12,0
7175,3739,2026-02-24,"Standard","Atlantic","Referral",14.57,0
7176,511,2026-05-12,"Signature","Atlantic","Organic",25.51,0
7177,1993,2026-02-04,"Standard","Atlantic","Retail_partner",15.85,0
7178,2446,2026-01-14,"Standard","Atlantic","Organic",15.93,0
7179,341,2026-02-22,"Signature","Ontario","Search",22.51,0
7180,944,2026-03-21,"Discovery","Atlantic","Social",34.02,0
7181,3082,2026-06-23,"Standard","Atlantic","Social",17.9,0
7182,1669,2026-06-03,"Standard","Atlantic","Organic",16.97,0
7183,2955,2026-06-05,"Standard","Atlantic","Retail_partner",15.19,0
7184,189,2026-06-26,"Signature","Atlantic","Social",24.4,0
7185,2144,2026-03-06,"Signature","Atlantic","Search",20.85,0
7186,2079,2026-06-21,"Signature","Atlantic","Social",21.8,0
7187,1908,2026-05-03,"Signature","Atlantic","Referral",23.78,0
7188,3973,2026-02-22,"Standard","Atlantic","Search",16.84,0
7189,1282,2026-05-02,"Signature","Atlantic","Organic",18.94,0
7190,1086,2026-04-16,"Standard","Atlantic","Organic",20.85,1
7191,1526,2026-05-26,"Standard","Ontario","Social",20.86,0
7192,3255,2026-06-04,"Standard","Atlantic","Search",15.53,0
7193,2673,2026-01-05,"Standard","Atlantic","Social",15.57,0
7194,182,2026-01-06,"Standard","Ontario","Social",16.72,0
7195,3398,2026-04-22,"Signature","Atlantic","Social",19.73,1
7196,3794,2026-03-26,"Signature","Atlantic","Social",22.33,0
7197,225,2026-01-27,"Standard","Atlantic","Social",13.3,0
7198,1619,2026-01-20,"Standard","Ontario","Search",13.84,0
7199,1662,2026-06-30,"Standard","Atlantic","Organic",13.99,0
7200,1980,2026-04-03,"Discovery","Atlantic","Social",33.1,0
7201,2626,2026-04-29,"Standard","Atlantic","Search",16.94,0
7202,1687,2026-02-08,"Signature","Atlantic","Social",23.71,0
7203,322,2026-02-08,"Standard","Ontario","Organic",16.19,1
7204,1321,2026-02-18,"Standard","Atlantic","Social",21.27,0
7205,2496,2026-02-23,"Discovery","Atlantic","Organic",28.38,0
7206,3830,2026-07-01,"Signature","Atlantic","Organic",19.75,0
7207,335,2026-05-05,"Standard","Ontario","Social",10.82,0
7208,293,2026-02-24,"Signature","Ontario","Search",21.37,1
7209,1296,2026-02-01,"Signature","Atlantic","Referral",21.34,0
7210,3202,2026-04-26,"Standard","Ontario","Organic",15.28,0
7211,1143,2026-05-04,"Discovery","Atlantic","Referral",24.75,0
7212,1971,2026-06-10,"Standard","Atlantic","Referral",16.08,1
7213,300,2026-02-06,"Standard","Atlantic","Social",14,0
7214,1195,2026-03-16,"Signature","Atlantic","Organic",22.28,0
7215,435,2026-05-05,"Signature","Atlantic","Search",21.23,1
7216,3047,2026-05-26,"Signature","Atlantic","Organic",22.34,0
7217,533,2026-02-03,"Discovery","Atlantic","Referral",30.94,0
7218,1686,2026-06-15,"Signature","Atlantic","Organic",20.57,0
7219,2811,2026-05-06,"Standard","Ontario","Referral",17.22,1
7220,1183,2026-01-29,"Standard","Atlantic","Social",14.09,1
7221,1889,2026-01-07,"Standard","Atlantic","Referral",12.62,0
7222,3323,2026-03-06,"Signature","Atlantic","Search",20.4,1
7223,892,2026-04-17,"Signature","Atlantic","Organic",16.72,1
7224,9,2026-04-02,"Discovery","Atlantic","Organic",33.91,0
7225,131,2026-02-23,"Standard","Ontario","Retail_partner",14.17,0
7226,1965,2026-05-11,"Signature","Atlantic","Search",22.88,1
7227,3251,2026-05-09,"Signature","Atlantic","Social",22.74,0
7228,1612,2026-01-09,"Standard","Atlantic","Referral",16.8,1
7229,1609,2026-05-07,"Standard","Ontario","Organic",17.99,0
7230,766,2026-06-12,"Standard","Atlantic","Organic",15.42,0
7231,1849,2026-01-14,"Discovery","Atlantic","Social",35.15,0
7232,2441,2026-04-13,"Discovery","Atlantic","Organic",34.01,1
7233,782,2026-03-26,"Standard","Atlantic","Organic",16.34,0
7234,2755,2026-01-26,"Standard","Atlantic","Referral",17.97,0
7235,2893,2026-03-09,"Standard","Ontario","Search",15.16,0
7236,1477,2026-03-26,"Standard","Ontario","Organic",21.4,0
7237,1430,2026-01-02,"Standard","Atlantic","Social",15.23,0
7238,3476,2026-05-18,"Signature","Atlantic","Search",24.19,0
7239,2905,2026-01-27,"Standard","Ontario","Search",16.55,0
7240,2479,2026-02-14,"Discovery","Ontario","Retail_partner",35.54,0
7241,1243,2026-04-20,"Signature","Atlantic","Organic",18.26,0
7242,1675,2026-01-14,"Discovery","Atlantic","Social",34.09,1
7243,1097,2026-02-06,"Signature","Atlantic","Organic",23.64,1
7244,69,2026-01-15,"Standard","Atlantic","Retail_partner",10.32,0
7245,2314,2026-03-14,"Discovery","Atlantic","Social",32.07,0
7246,2454,2026-04-10,"Standard","Atlantic","Retail_partner",14.21,1
7247,2127,2026-05-08,"Signature","Atlantic","Organic",22.01,0
7248,2734,2026-06-25,"Standard","Atlantic","Retail_partner",15.72,0
7249,3773,2026-03-17,"Standard","Atlantic","Search",14.46,0
7250,2764,2026-05-06,"Standard","Atlantic","Retail_partner",16.81,0
7251,1677,2026-01-28,"Standard","Atlantic","Organic",15.35,0
7252,3280,2026-01-16,"Signature","Atlantic","Social",21.04,1
7253,2636,2026-04-24,"Standard","Atlantic","Social",12.71,0
7254,164,2026-04-29,"Signature","Atlantic","Social",22.14,0
7255,2247,2026-04-14,"Standard","Atlantic","Organic",12.65,1
7256,2885,2026-01-05,"Standard","Atlantic","Organic",15.75,0
7257,3291,2026-04-30,"Discovery","Atlantic","Referral",25.92,0
7258,2370,2026-05-06,"Standard","Atlantic","Referral",17,0
7259,223,2026-02-13,"Standard","Ontario","Referral",15.22,0
7260,3531,2026-05-12,"Signature","Atlantic","Retail_partner",23.27,0
7261,1335,2026-03-17,"Standard","Atlantic","Organic",17.24,0
7262,579,2026-06-30,"Standard","Atlantic","Organic",17.99,0
7263,824,2026-02-05,"Standard","Atlantic","Organic",14.46,0
7264,1530,2026-04-28,"Discovery","Atlantic","Social",31.59,1
7265,255,2026-03-11,"Discovery","Atlantic","Organic",32.41,0
7266,3509,2026-01-23,"Signature","Ontario","Search",24.51,1
7267,2404,2026-05-09,"Signature","Atlantic","Retail_partner",20.79,0
7268,1972,2026-06-27,"Signature","Atlantic","Search",20.07,0
7269,137,2026-04-05,"Standard","Ontario","Search",18.88,0
7270,2584,2026-04-19,"Signature","Atlantic","Referral",20.95,0
7271,2798,2026-03-18,"Signature","Atlantic","Social",19.52,0
7272,3314,2026-06-25,"Discovery","Atlantic","Search",35.56,0
7273,1633,2026-05-28,"Standard","Atlantic","Social",14.47,1
7274,3694,2026-06-10,"Signature","Atlantic","Social",21.01,0
7275,3683,2026-04-13,"Signature","Ontario","Organic",26.37,0
7276,973,2026-05-07,"Signature","Atlantic","Organic",21.35,0
7277,408,2026-02-26,"Signature","Ontario","Organic",26.71,1
7278,758,2026-05-04,"Signature","Atlantic","Search",18.22,0
7279,3390,2026-05-31,"Standard","Atlantic","Social",17.65,0
7280,3843,2026-05-27,"Standard","Ontario","Organic",12.13,0
7281,1157,2026-04-28,"Standard","Ontario","Referral",14.93,0
7282,2113,2026-03-29,"Signature","Atlantic","Social",21.99,0
7283,3083,2026-02-26,"Standard","Atlantic","Referral",17.16,0
7284,1383,2026-01-24,"Standard","Atlantic","Search",12.13,0
7285,3243,2026-03-25,"Standard","Atlantic","Social",9.96,0
7286,2988,2026-01-04,"Standard","Atlantic","Referral",15.32,0
7287,1210,2026-06-15,"Signature","Atlantic","Search",22.04,0
7288,1608,2026-06-08,"Standard","Atlantic","Social",11.41,1
7289,2201,2026-02-07,"Signature","Atlantic","Search",23.78,0
7290,416,2026-04-09,"Signature","Atlantic","Organic",24.21,0
7291,248,2026-06-24,"Signature","Atlantic","Search",21.65,0
7292,2646,2026-06-28,"Standard","Atlantic","Organic",11.58,1
7293,1482,2026-02-14,"Signature","Atlantic","Search",19.83,0
7294,380,2026-06-16,"Standard","Atlantic","Organic",15.64,0
7295,482,2026-01-11,"Discovery","Ontario","Referral",31.3,0
7296,998,2026-05-24,"Standard","Atlantic","Social",17.01,0
7297,3306,2026-02-19,"Standard","Atlantic","Organic",13.2,1
7298,1074,2026-02-02,"Standard","Atlantic","Referral",13.18,0
7299,3210,2026-04-07,"Standard","Atlantic","Retail_partner",16.83,0
7300,1706,2026-02-22,"Standard","Atlantic","Organic",11.35,0
7301,1190,2026-02-02,"Standard","Ontario","Retail_partner",15.49,0
7302,1485,2026-04-05,"Standard","Atlantic","Social",17.41,1
7303,2014,2026-05-21,"Standard","Ontario","Organic",15.17,1
7304,3043,2026-03-26,"Standard","Atlantic","Referral",18.59,0
7305,3025,2026-05-30,"Discovery","Ontario","Search",31.94,0
7306,2586,2026-02-21,"Signature","Atlantic","Search",23.57,0
7307,1747,2026-05-11,"Standard","Atlantic","Retail_partner",12.21,0
7308,292,2026-02-13,"Signature","Atlantic","Social",22.58,0
7309,1872,2026-04-23,"Standard","Atlantic","Organic",14.65,0
7310,1916,2026-02-21,"Signature","Atlantic","Search",22.45,1
7311,953,2026-03-24,"Signature","Ontario","Search",21.46,0
7312,3835,2026-05-09,"Standard","Atlantic","Search",16.59,0
7313,2098,2026-05-16,"Standard","Atlantic","Search",15.72,0
7314,3970,2026-04-13,"Signature","Atlantic","Referral",23.21,0
7315,1494,2026-04-10,"Signature","Atlantic","Referral",19.32,0
7316,413,2026-05-16,"Standard","Ontario","Organic",16.98,0
7317,1203,2026-03-20,"Signature","Atlantic","Organic",22.33,1
7318,2228,2026-06-26,"Standard","Ontario","Retail_partner",14,0
7319,500,2026-04-01,"Standard","Atlantic","Organic",10.71,0
7320,1486,2026-05-28,"Signature","Atlantic","Social",20.48,0
7321,3760,2026-03-03,"Standard","Atlantic","Referral",13.57,0
7322,1629,2026-05-19,"Standard","Ontario","Search",14.09,0
7323,8,2026-04-05,"Signature","Atlantic","Organic",21.36,1
7324,1963,2026-02-17,"Standard","Atlantic","Organic",10,0
7325,1586,2026-02-12,"Standard","Atlantic","Search",14.74,0
7326,3399,2026-01-25,"Standard","Atlantic","Referral",13.49,0
7327,2566,2026-04-24,"Signature","Ontario","Organic",23.55,0
7328,2080,2026-01-31,"Standard","Atlantic","Social",15.5,0
7329,577,2026-04-06,"Standard","Atlantic","Search",15.45,0
7330,2341,2026-06-02,"Standard","Ontario","Social",18.23,0
7331,3306,2026-02-05,"Standard","Atlantic","Organic",15.78,1
7332,1458,2026-05-02,"Standard","Atlantic","Search",16.39,0
7333,640,2026-01-13,"Standard","Ontario","Social",17.07,0
7334,386,2026-06-29,"Standard","Atlantic","Search",14.61,1
7335,782,2026-06-06,"Standard","Atlantic","Organic",16.97,0
7336,3184,2026-05-21,"Standard","Atlantic","Social",16.68,1
7337,1864,2026-02-08,"Standard","Atlantic","Social",13.2,0
7338,357,2026-01-20,"Signature","Atlantic","Referral",19.66,1
7339,2815,2026-04-24,"Standard","Ontario","Search",18.63,0
7340,3254,2026-03-22,"Signature","Atlantic","Organic",22.05,0
7341,1953,2026-05-15,"Standard","Atlantic","Referral",16.55,0
7342,1061,2026-03-23,"Standard","Atlantic","Organic",19.36,0
7343,1759,2026-03-10,"Standard","Atlantic","Organic",16.35,1
7344,3797,2026-03-19,"Signature","Atlantic","Organic",20.13,0
7345,573,2026-05-30,"Standard","Atlantic","Social",20.32,0
7346,2071,2026-05-09,"Standard","Atlantic","Organic",13.24,0
7347,2240,2026-02-13,"Signature","Atlantic","Search",24.19,1
7348,985,2026-03-25,"Standard","Atlantic","Organic",13.91,0
7349,2369,2026-01-10,"Discovery","Ontario","Search",28.74,0
7350,3705,2026-01-05,"Standard","Atlantic","Organic",15.38,1
7351,934,2026-01-06,"Signature","Atlantic","Social",21.92,0
7352,2545,2026-04-24,"Standard","Atlantic","Social",16.19,0
7353,1,2026-06-03,"Signature","Atlantic","Organic",22.66,0
7354,3434,2026-06-20,"Standard","Atlantic","Organic",10.66,1
7355,3104,2026-02-01,"Standard","Atlantic","Social",17.66,0
7356,1597,2026-01-16,"Standard","Atlantic","Organic",12.64,0
7357,2476,2026-01-07,"Signature","Atlantic","Organic",21.27,0
7358,2107,2026-01-11,"Discovery","Atlantic","Organic",32.91,0
7359,603,2026-06-17,"Standard","Atlantic","Search",14.01,0
7360,247,2026-02-20,"Standard","Atlantic","Search",16.84,1
7361,3922,2026-05-28,"Standard","Atlantic","Referral",18.15,0
7362,3901,2026-04-17,"Signature","Atlantic","Organic",24.37,1
7363,2341,2026-03-22,"Standard","Atlantic","Retail_partner",20.74,0
7364,2844,2026-06-10,"Standard","Atlantic","Referral",18.91,0
7365,3812,2026-01-31,"Discovery","Ontario","Organic",35.27,0
7366,3281,2026-05-07,"Standard","Atlantic","Social",12.41,0
7367,3139,2026-03-02,"Standard","Ontario","Organic",14.34,0
7368,3412,2026-03-23,"Signature","Atlantic","Search",23.26,0
7369,1115,2026-03-01,"Standard","Atlantic","Search",19.89,1
7370,3830,2026-01-08,"Standard","Atlantic","Organic",17.6,0
7371,1152,2026-01-05,"Discovery","Atlantic","Social",28.09,0
7372,2065,2026-05-30,"Standard","Atlantic","Organic",13.72,0
7373,3847,2026-02-18,"Standard","Atlantic","Retail_partner",16.42,1
7374,1420,2026-02-20,"Standard","Ontario","Retail_partner",15.75,0
7375,3563,2026-06-24,"Standard","Atlantic","Referral",15.35,0
7376,297,2026-06-23,"Signature","Atlantic","Social",19.27,0
7377,62,2026-03-16,"Standard","Atlantic","Referral",15.47,0
7378,1559,2026-04-19,"Standard","Atlantic","Search",17.98,0
7379,2887,2026-06-02,"Discovery","Atlantic","Social",33.65,0
7380,1955,2026-03-29,"Standard","Ontario","Retail_partner",16.27,0
7381,2429,2026-05-09,"Signature","Atlantic","Search",23.12,0
7382,815,2026-06-05,"Signature","Atlantic","Search",18,0
7383,3295,2026-04-18,"Discovery","Atlantic","Retail_partner",33.11,0
7384,667,2026-05-31,"Standard","Atlantic","Retail_partner",14.25,1
7385,2429,2026-02-10,"Standard","Atlantic","Social",13.69,0
7386,1669,2026-03-06,"Signature","Atlantic","Social",21.95,0
7387,3009,2026-06-03,"Standard","Atlantic","Organic",19.48,1
7388,1486,2026-01-26,"Discovery","Atlantic","Retail_partner",31.59,0
7389,1112,2026-06-16,"Standard","Atlantic","Search",17.07,0
7390,1351,2026-03-17,"Standard","Ontario","Organic",15.95,1
7391,467,2026-04-01,"Standard","Atlantic","Social",18.97,0
7392,757,2026-02-12,"Standard","Atlantic","Search",14.45,1
7393,2441,2026-05-16,"Signature","Atlantic","Social",18.1,0
7394,3423,2026-03-08,"Standard","Atlantic","Search",15.45,0
7395,2410,2026-06-03,"Discovery","Atlantic","Social",32.99,0
7396,3462,2026-02-11,"Signature","Atlantic","Social",20.02,0
7397,1024,2026-06-12,"Standard","Ontario","Search",14.1,0
7398,3059,2026-06-15,"Standard","Atlantic","Organic",15.97,0
7399,3752,2026-03-03,"Standard","Atlantic","Retail_partner",19.57,0
7400,589,2026-04-02,"Discovery","Atlantic","Referral",30.56,0
7401,418,2026-05-17,"Standard","Atlantic","Search",16.79,0
7402,369,2026-02-25,"Signature","Ontario","Referral",23.18,0
7403,392,2026-04-28,"Standard","Atlantic","Organic",13.93,0
7404,2773,2026-02-21,"Standard","Ontario","Social",16.58,0
7405,191,2026-02-05,"Signature","Atlantic","Organic",18.26,0
7406,2655,2026-01-25,"Standard","Atlantic","Social",17.84,1
7407,3099,2026-05-24,"Standard","Ontario","Organic",19.21,1
7408,635,2026-03-24,"Signature","Ontario","Organic",22.46,0
7409,426,2026-06-12,"Signature","Ontario","Social",22.92,1
7410,2848,2026-04-29,"Standard","Atlantic","Retail_partner",13.44,0
7411,378,2026-03-18,"Discovery","Atlantic","Retail_partner",35.93,0
7412,2840,2026-03-30,"Standard","Ontario","Search",17.67,0
7413,3657,2026-06-01,"Signature","Atlantic","Referral",21.47,0
7414,747,2026-04-10,"Signature","Atlantic","Social",26.5,0
7415,843,2026-03-10,"Signature","Atlantic","Organic",23.08,0
7416,3560,2026-03-23,"Signature","Ontario","Retail_partner",24.3,0
7417,2634,2026-02-26,"Discovery","Atlantic","Referral",35.86,1
7418,279,2026-03-15,"Signature","Ontario","Search",25.39,0
7419,2259,2026-06-17,"Standard","Atlantic","Social",11.09,1
7420,221,2026-01-18,"Standard","Atlantic","Search",17.63,0
7421,1385,2026-06-18,"Signature","Ontario","Social",20.6,0
7422,602,2026-05-21,"Signature","Atlantic","Search",24.32,0
7423,1575,2026-04-12,"Standard","Ontario","Social",15.61,1
7424,2733,2026-01-19,"Signature","Ontario","Social",21.23,0
7425,2948,2026-04-09,"Signature","Atlantic","Retail_partner",22.81,0
7426,1574,2026-04-18,"Standard","Atlantic","Organic",13.26,0
7427,1299,2026-04-14,"Discovery","Atlantic","Social",34.1,0
7428,1359,2026-01-25,"Standard","Ontario","Organic",16.71,1
7429,657,2026-04-10,"Standard","Ontario","Retail_partner",15.13,0
7430,812,2026-01-22,"Standard","Ontario","Search",18.97,0
7431,2540,2026-05-24,"Signature","Atlantic","Social",17.78,0
7432,3609,2026-02-02,"Standard","Atlantic","Search",11.73,0
7433,935,2026-03-24,"Standard","Atlantic","Organic",16.33,0
7434,3410,2026-01-14,"Discovery","Atlantic","Organic",31.76,0
7435,990,2026-05-20,"Discovery","Atlantic","Search",28.92,0
7436,1007,2026-04-06,"Signature","Atlantic","Referral",18.57,0
7437,314,2026-05-09,"Signature","Atlantic","Organic",25.03,0
7438,2693,2026-05-20,"Signature","Atlantic","Referral",22.96,0
7439,1670,2026-04-07,"Standard","Atlantic","Organic",14.27,0
7440,989,2026-06-18,"Standard","Ontario","Search",14.96,0
7441,2257,2026-01-18,"Standard","Atlantic","Referral",15.77,0
7442,3283,2026-02-09,"Standard","Ontario","Organic",16.51,0
7443,2603,2026-06-10,"Discovery","Atlantic","Organic",28.9,0
7444,769,2026-03-24,"Standard","Atlantic","Organic",19.06,0
7445,3653,2026-05-19,"Signature","Ontario","Organic",24.34,0
7446,184,2026-03-07,"Discovery","Ontario","Search",35.05,0
7447,2476,2026-02-15,"Signature","Atlantic","Search",20.55,0
7448,559,2026-02-02,"Standard","Atlantic","Search",16.05,0
7449,1392,2026-03-30,"Discovery","Atlantic","Organic",33.03,0
7450,275,2026-03-19,"Signature","Atlantic","Search",25.36,0
7451,3515,2026-02-26,"Standard","Ontario","Search",17.33,0
7452,3202,2026-04-11,"Signature","Atlantic","Organic",24,0
7453,1487,2026-02-04,"Standard","Atlantic","Organic",12.97,0
7454,1939,2026-04-12,"Discovery","Atlantic","Referral",32.71,0
7455,1443,2026-03-27,"Discovery","Atlantic","Organic",31.62,0
7456,2637,2026-06-06,"Standard","Atlantic","Search",12.02,1
7457,2010,2026-05-12,"Discovery","Atlantic","Retail_partner",28.75,0
7458,1754,2026-06-02,"Signature","Atlantic","Organic",28.89,1
7459,850,2026-05-17,"Discovery","Ontario","Referral",33.45,0
7460,3685,2026-01-18,"Signature","Atlantic","Retail_partner",19.59,0
7461,3419,2026-04-25,"Standard","Atlantic","Search",13.7,0
7462,2219,2026-06-05,"Standard","Atlantic","Search",16.37,1
7463,1779,2026-06-05,"Standard","Atlantic","Social",19.76,0
7464,1756,2026-04-19,"Discovery","Atlantic","Social",28.99,0
7465,2310,2026-03-27,"Standard","Atlantic","Social",12.28,0
7466,988,2026-02-12,"Discovery","Atlantic","Retail_partner",29.22,0
7467,2196,2026-06-19,"Discovery","Atlantic","Organic",32.18,1
7468,1837,2026-03-04,"Discovery","Atlantic","Organic",30.08,0
7469,1894,2026-04-23,"Standard","Atlantic","Social",12.31,0
7470,1090,2026-03-10,"Standard","Atlantic","Social",14.35,0
7471,3996,2026-06-25,"Standard","Atlantic","Search",13.94,0
7472,3966,2026-03-27,"Standard","Atlantic","Search",13.44,1
7473,1605,2026-04-15,"Signature","Atlantic","Organic",23.95,0
7474,2600,2026-02-14,"Standard","Atlantic","Search",11.76,0
7475,3985,2026-03-06,"Standard","Atlantic","Organic",10.9,1
7476,935,2026-06-29,"Signature","Atlantic","Social",22.85,0
7477,3668,2026-01-22,"Signature","Ontario","Organic",22.59,0
7478,3862,2026-01-10,"Signature","Ontario","Social",23.29,0
7479,715,2026-01-10,"Standard","Atlantic","Retail_partner",16.2,0
7480,2678,2026-06-17,"Standard","Atlantic","Organic",12.57,1
7481,2316,2026-03-21,"Standard","Atlantic","Organic",10.63,1
7482,3556,2026-03-17,"Standard","Atlantic","Organic",20.15,0
7483,2480,2026-02-14,"Standard","Atlantic","Organic",12.55,1
7484,579,2026-01-30,"Standard","Ontario","Referral",12.22,1
7485,2594,2026-02-24,"Standard","Atlantic","Retail_partner",16.14,0
7486,1220,2026-06-21,"Signature","Atlantic","Organic",26.05,0
7487,3170,2026-06-24,"Signature","Atlantic","Retail_partner",23.75,0
7488,3696,2026-01-08,"Standard","Atlantic","Organic",15.07,0
7489,2396,2026-01-17,"Signature","Atlantic","Organic",20.65,0
7490,598,2026-01-07,"Signature","Atlantic","Retail_partner",22.41,0
7491,3396,2026-03-10,"Standard","Atlantic","Referral",15.22,0
7492,1146,2026-03-13,"Standard","Atlantic","Organic",16.14,0
7493,3093,2026-03-14,"Discovery","Ontario","Organic",33.13,0
7494,1984,2026-06-22,"Signature","Atlantic","Organic",21.38,0
7495,3121,2026-06-09,"Standard","Atlantic","Organic",15.89,0
7496,3702,2026-06-13,"Standard","Atlantic","Organic",15.12,0
7497,2971,2026-01-08,"Signature","Atlantic","Search",21.06,0
7498,2102,2026-01-16,"Signature","Atlantic","Social",26.85,1
7499,1134,2026-04-12,"Discovery","Atlantic","Search",31.53,0
7500,3170,2026-01-05,"Signature","Atlantic","Social",18.2,0
7501,3893,2026-04-11,"Signature","Atlantic","Organic",22.9,0
7502,1193,2026-06-07,"Standard","Ontario","Social",16.09,0
7503,3537,2026-05-30,"Standard","Ontario","Search",16.03,0
7504,1055,2026-05-26,"Standard","Ontario","Organic",14.32,1
7505,2980,2026-02-04,"Signature","Atlantic","Search",22.52,0
7506,2304,2026-01-06,"Standard","Atlantic","Referral",15.13,1
7507,2845,2026-04-10,"Discovery","Atlantic","Referral",31.27,0
7508,65,2026-02-19,"Standard","Atlantic","Search",14.2,1
7509,3856,2026-06-06,"Discovery","Atlantic","Retail_partner",35.5,0
7510,2781,2026-01-23,"Discovery","Atlantic","Social",32.97,0
7511,2985,2026-07-01,"Standard","Atlantic","Organic",14.98,1
7512,890,2026-02-24,"Discovery","Ontario","Organic",35.65,0
7513,2819,2026-02-13,"Standard","Atlantic","Organic",17.43,0
7514,1714,2026-03-28,"Standard","Atlantic","Organic",13.76,0
7515,3904,2026-06-17,"Standard","Atlantic","Search",18.93,0
7516,3919,2026-03-24,"Standard","Ontario","Social",15.7,1
7517,1982,2026-06-05,"Standard","Atlantic","Social",19.22,0
7518,1115,2026-05-26,"Standard","Atlantic","Search",14.07,0
7519,2349,2026-02-15,"Signature","Atlantic","Retail_partner",26.39,0
7520,1083,2026-05-14,"Signature","Atlantic","Organic",24.1,1
7521,3204,2026-05-09,"Signature","Atlantic","Search",25.44,1
7522,3427,2026-03-26,"Standard","Atlantic","Organic",9.24,0
7523,596,2026-02-21,"Standard","Atlantic","Search",14.18,0
7524,487,2026-04-28,"Standard","Atlantic","Organic",16.1,0
7525,707,2026-03-23,"Standard","Atlantic","Social",18.22,0
7526,1494,2026-05-31,"Standard","Atlantic","Retail_partner",16.78,0
7527,2392,2026-02-11,"Standard","Atlantic","Search",12.9,0
7528,77,2026-04-25,"Discovery","Ontario","Organic",38.27,0
7529,46,2026-04-10,"Standard","Ontario","Organic",14.95,0
7530,94,2026-02-05,"Standard","Atlantic","Organic",15.83,1
7531,766,2026-02-27,"Standard","Atlantic","Social",17.59,0
7532,1708,2026-01-21,"Signature","Atlantic","Organic",20.82,0
7533,1251,2026-06-29,"Standard","Ontario","Referral",12.95,1
7534,3553,2026-05-28,"Standard","Atlantic","Referral",12.94,0
7535,2821,2026-06-27,"Signature","Atlantic","Search",23.63,0
7536,3831,2026-04-02,"Discovery","Atlantic","Referral",32.13,1
7537,450,2026-01-14,"Discovery","Ontario","Referral",32.52,0
7538,3027,2026-02-15,"Signature","Ontario","Organic",26.84,0
7539,255,2026-01-23,"Signature","Atlantic","Referral",19.85,0
7540,3598,2026-01-31,"Standard","Ontario","Social",14.03,0
7541,566,2026-05-17,"Standard","Atlantic","Organic",17.4,1
7542,3067,2026-06-04,"Standard","Atlantic","Retail_partner",19.32,0
7543,2909,2026-05-08,"Signature","Atlantic","Social",25.1,0
7544,2874,2026-05-16,"Standard","Atlantic","Organic",15.69,0
7545,1879,2026-03-15,"Standard","Atlantic","Search",14.55,1
7546,3326,2026-03-14,"Standard","Atlantic","Search",15.7,0
7547,1946,2026-05-23,"Standard","Atlantic","Referral",15.55,0
7548,283,2026-05-29,"Signature","Ontario","Search",25.08,0
7549,2011,2026-04-11,"Signature","Atlantic","Social",27.72,0
7550,2621,2026-06-20,"Standard","Atlantic","Search",13.24,1
7551,123,2026-02-07,"Discovery","Atlantic","Retail_partner",31.02,0
7552,3852,2026-05-27,"Standard","Atlantic","Organic",14.05,0
7553,885,2026-06-18,"Signature","Atlantic","Search",24.69,0
7554,2482,2026-04-07,"Standard","Atlantic","Organic",16.28,0
7555,557,2026-03-12,"Standard","Atlantic","Referral",16.35,1
7556,3411,2026-03-18,"Standard","Atlantic","Referral",15.33,0
7557,2264,2026-05-22,"Discovery","Atlantic","Referral",30.96,0
7558,1203,2026-01-04,"Standard","Atlantic","Referral",14.9,0
7559,2492,2026-06-19,"Standard","Atlantic","Referral",13.65,1
7560,3754,2026-05-13,"Discovery","Ontario","Retail_partner",34.15,0
7561,2992,2026-06-12,"Discovery","Ontario","Referral",33.35,0
7562,2400,2026-06-09,"Standard","Atlantic","Search",11.08,0
7563,726,2026-05-10,"Standard","Ontario","Search",16.82,1
7564,1913,2026-06-20,"Standard","Atlantic","Referral",15.73,0
7565,1227,2026-05-07,"Standard","Atlantic","Search",14.67,0
7566,169,2026-02-01,"Standard","Atlantic","Search",16.94,0
7567,835,2026-01-07,"Discovery","Atlantic","Organic",29.74,0
7568,117,2026-01-26,"Signature","Atlantic","Social",22.87,0
7569,2775,2026-03-18,"Discovery","Atlantic","Referral",34.84,0
7570,230,2026-06-22,"Discovery","Ontario","Search",33.72,0
7571,1902,2026-02-20,"Signature","Atlantic","Social",29.31,0
7572,3348,2026-04-01,"Standard","Atlantic","Social",15.57,0
7573,1772,2026-04-30,"Signature","Atlantic","Search",23.24,0
7574,2839,2026-06-04,"Signature","Ontario","Referral",20.85,0
7575,3579,2026-01-25,"Signature","Atlantic","Organic",22.57,0
7576,3932,2026-02-22,"Standard","Atlantic","Referral",19.39,0
7577,1529,2026-01-07,"Discovery","Atlantic","Social",34.08,0
7578,596,2026-05-09,"Signature","Atlantic","Referral",17.04,1
7579,2692,2026-03-15,"Standard","Atlantic","Search",16.38,1
7580,925,2026-01-03,"Standard","Atlantic","Referral",14.56,0
7581,1435,2026-05-22,"Standard","Ontario","Organic",14.88,0
7582,442,2026-01-21,"Signature","Atlantic","Organic",22.62,0
7583,3971,2026-01-20,"Discovery","Atlantic","Social",34.71,0
7584,1186,2026-06-21,"Discovery","Atlantic","Organic",32.36,0
7585,3663,2026-01-10,"Standard","Atlantic","Search",14.38,0
7586,1496,2026-06-29,"Signature","Atlantic","Search",31.13,0
7587,3664,2026-06-01,"Signature","Ontario","Search",25.03,0
7588,1872,2026-02-01,"Signature","Ontario","Organic",21.23,0
7589,399,2026-05-07,"Signature","Atlantic","Social",20.93,1
7590,2270,2026-02-17,"Standard","Ontario","Referral",13.67,1
7591,17,2026-03-09,"Standard","Atlantic","Search",16.77,0
7592,3496,2026-03-05,"Signature","Atlantic","Referral",22.92,0
7593,1982,2026-05-30,"Standard","Atlantic","Search",16.99,0
7594,2937,2026-01-11,"Signature","Atlantic","Organic",21.75,1
7595,580,2026-06-14,"Standard","Atlantic","Search",15.65,0
7596,1455,2026-05-05,"Signature","Atlantic","Search",21.57,1
7597,903,2026-03-26,"Standard","Atlantic","Organic",16.14,0
7598,3594,2026-02-07,"Signature","Atlantic","Search",15.01,1
7599,974,2026-04-24,"Standard","Atlantic","Social",16.31,1
7600,2134,2026-05-02,"Discovery","Atlantic","Referral",32.87,0
7601,1358,2026-03-25,"Standard","Atlantic","Search",17.1,0
7602,39,2026-03-13,"Signature","Atlantic","Social",25.61,1
7603,2846,2026-01-29,"Standard","Atlantic","Social",18.82,0
7604,2861,2026-04-28,"Signature","Atlantic","Search",21.28,0
7605,3202,2026-07-01,"Standard","Ontario","Organic",15.65,0
7606,764,2026-04-22,"Standard","Atlantic","Organic",14.65,0
7607,3241,2026-01-07,"Signature","Atlantic","Referral",26.33,0
7608,811,2026-01-01,"Standard","Atlantic","Organic",11.48,1
7609,2131,2026-03-26,"Standard","Atlantic","Social",13.04,0
7610,378,2026-06-22,"Standard","Ontario","Search",13.37,0
7611,1101,2026-04-21,"Discovery","Atlantic","Organic",28.58,0
7612,1492,2026-06-18,"Standard","Atlantic","Organic",17.03,0
7613,473,2026-01-27,"Signature","Atlantic","Organic",18.79,0
7614,2251,2026-04-27,"Signature","Atlantic","Referral",24.77,0
7615,3264,2026-02-03,"Standard","Atlantic","Organic",14.83,1
7616,853,2026-04-11,"Standard","Ontario","Social",12.66,0
7617,632,2026-04-11,"Standard","Atlantic","Organic",13.77,0
7618,2708,2026-06-10,"Discovery","Atlantic","Referral",31.09,0
7619,2777,2026-02-08,"Standard","Atlantic","Referral",16.02,0
7620,223,2026-05-21,"Standard","Ontario","Retail_partner",10.43,0
7621,1807,2026-04-07,"Standard","Atlantic","Organic",12.82,0
7622,2086,2026-06-24,"Standard","Atlantic","Organic",19.75,1
7623,236,2026-05-17,"Signature","Atlantic","Retail_partner",27.93,0
7624,1748,2026-04-18,"Signature","Atlantic","Organic",21.27,0
7625,2070,2026-06-12,"Standard","Ontario","Social",12.96,0
7626,1024,2026-06-10,"Standard","Ontario","Search",15.63,1
7627,3949,2026-01-21,"Signature","Atlantic","Organic",23.17,1
7628,426,2026-03-20,"Signature","Atlantic","Organic",18.53,0
7629,3951,2026-06-19,"Standard","Atlantic","Search",13.68,0
7630,3126,2026-06-05,"Standard","Atlantic","Social",12.73,0
7631,2095,2026-06-12,"Standard","Atlantic","Social",11.84,0
7632,1213,2026-01-01,"Standard","Atlantic","Search",18.21,0
7633,3272,2026-03-30,"Signature","Atlantic","Search",26.38,0
7634,3356,2026-02-19,"Signature","Atlantic","Organic",18.18,0
7635,1151,2026-04-16,"Standard","Atlantic","Search",15.97,1
7636,2410,2026-05-20,"Standard","Ontario","Social",16.35,0
7637,2490,2026-05-23,"Signature","Atlantic","Retail_partner",19.36,0
7638,964,2026-04-17,"Signature","Ontario","Social",26.21,0
7639,3571,2026-04-17,"Signature","Atlantic","Organic",24.79,0
7640,892,2026-07-01,"Standard","Ontario","Search",16.99,0
7641,2530,2026-01-30,"Standard","Atlantic","Organic",12.96,1
7642,590,2026-02-02,"Standard","Atlantic","Retail_partner",16.58,0
7643,1123,2026-04-16,"Signature","Atlantic","Retail_partner",21.61,0
7644,1675,2026-06-30,"Standard","Ontario","Retail_partner",20.89,1
7645,2281,2026-04-02,"Standard","Atlantic","Search",13.04,0
7646,2885,2026-05-20,"Standard","Atlantic","Referral",18.16,0
7647,1553,2026-04-01,"Signature","Atlantic","Organic",18.12,1
7648,62,2026-05-09,"Standard","Atlantic","Search",13.37,1
7649,3406,2026-06-05,"Standard","Atlantic","Social",8.55,0
7650,3997,2026-05-20,"Standard","Atlantic","Retail_partner",18.58,0
7651,1329,2026-01-31,"Signature","Atlantic","Organic",24.34,0
7652,280,2026-03-10,"Signature","Atlantic","Social",20.91,0
7653,1255,2026-05-01,"Standard","Atlantic","Organic",14.57,1
7654,1158,2026-01-12,"Standard","Atlantic","Referral",11.16,1
7655,2543,2026-02-19,"Signature","Atlantic","Social",19.6,0
7656,3962,2026-06-29,"Standard","Atlantic","Organic",14.7,0
7657,411,2026-04-26,"Standard","Ontario","Referral",11.77,0
7658,813,2026-06-26,"Standard","Ontario","Organic",12.44,1
7659,2817,2026-01-05,"Standard","Ontario","Social",15.27,1
7660,3358,2026-01-02,"Standard","Atlantic","Referral",16.95,1
7661,714,2026-01-11,"Discovery","Ontario","Retail_partner",33.15,0
7662,345,2026-02-18,"Standard","Atlantic","Organic",10.44,1
7663,244,2026-06-08,"Standard","Atlantic","Organic",13.96,0
7664,933,2026-03-09,"Discovery","Atlantic","Organic",35.21,0
7665,3424,2026-04-18,"Discovery","Ontario","Organic",37.78,0
7666,1736,2026-01-12,"Standard","Atlantic","Social",14.04,1
7667,2170,2026-02-26,"Standard","Atlantic","Search",15.13,1
7668,501,2026-06-15,"Standard","Atlantic","Retail_partner",14.89,0
7669,402,2026-01-03,"Signature","Atlantic","Search",20.76,0
7670,3213,2026-05-12,"Discovery","Atlantic","Referral",26.3,0
7671,2546,2026-06-08,"Standard","Atlantic","Organic",21.47,0
7672,2216,2026-05-13,"Standard","Ontario","Search",13.84,1
7673,2120,2026-02-17,"Discovery","Atlantic","Search",29.39,0
7674,2853,2026-01-12,"Signature","Atlantic","Search",19.12,0
7675,1481,2026-03-16,"Standard","Ontario","Organic",16.37,0
7676,2009,2026-03-06,"Signature","Atlantic","Organic",23.46,0
7677,2469,2026-01-27,"Standard","Atlantic","Social",17.34,0
7678,2122,2026-05-15,"Standard","Atlantic","Referral",16.06,1
7679,2055,2026-04-25,"Signature","Atlantic","Social",23.79,1
7680,2138,2026-05-12,"Signature","Ontario","Social",23.13,0
7681,468,2026-03-27,"Signature","Ontario","Organic",22.1,0
7682,3649,2026-06-16,"Signature","Ontario","Organic",26.48,0
7683,2957,2026-05-27,"Standard","Atlantic","Social",13.18,0
7684,230,2026-03-18,"Standard","Atlantic","Social",15.44,1
7685,1658,2026-02-01,"Standard","Ontario","Organic",15.33,1
7686,573,2026-01-13,"Standard","Ontario","Search",14.65,0
7687,3881,2026-04-21,"Signature","Ontario","Search",22,0
7688,852,2026-03-26,"Discovery","Atlantic","Organic",28.11,1
7689,1751,2026-03-18,"Signature","Atlantic","Search",20.79,0
7690,2264,2026-02-01,"Signature","Atlantic","Organic",23.08,0
7691,3899,2026-03-06,"Signature","Ontario","Search",20.83,0
7692,3921,2026-03-30,"Standard","Atlantic","Organic",16.98,0
7693,530,2026-06-22,"Standard","Atlantic","Retail_partner",16.56,1
7694,1112,2026-04-16,"Signature","Atlantic","Referral",20.52,0
7695,1579,2026-02-27,"Standard","Ontario","Search",14.01,0
7696,1574,2026-03-01,"Standard","Atlantic","Organic",14.48,0
7697,330,2026-02-12,"Discovery","Ontario","Social",34.31,0
7698,1407,2026-01-30,"Standard","Atlantic","Organic",15.5,0
7699,3757,2026-02-05,"Standard","Atlantic","Organic",19.16,1
7700,511,2026-02-04,"Standard","Ontario","Retail_partner",14.47,0
7701,3000,2026-05-16,"Standard","Atlantic","Organic",15.33,0
7702,3924,2026-01-23,"Signature","Atlantic","Organic",24.15,0
7703,1477,2026-06-30,"Standard","Ontario","Search",13.27,0
7704,1952,2026-04-12,"Signature","Atlantic","Social",24.21,0
7705,2872,2026-01-13,"Standard","Atlantic","Social",16.88,0
7706,1621,2026-03-24,"Discovery","Atlantic","Search",30.79,1
7707,745,2026-04-21,"Standard","Atlantic","Organic",13.81,1
7708,3595,2026-06-22,"Standard","Ontario","Organic",11.79,1
7709,2320,2026-01-16,"Standard","Ontario","Organic",11.95,0
7710,2390,2026-03-27,"Discovery","Atlantic","Social",32.24,0
7711,254,2026-04-18,"Standard","Atlantic","Retail_partner",11.86,0
7712,1645,2026-02-07,"Signature","Ontario","Organic",22.99,0
7713,2946,2026-05-23,"Standard","Atlantic","Search",12.57,0
7714,879,2026-06-02,"Standard","Ontario","Retail_partner",19.11,0
7715,104,2026-01-29,"Standard","Atlantic","Organic",23.39,1
7716,3843,2026-05-31,"Standard","Atlantic","Search",16.14,1
7717,1531,2026-02-22,"Standard","Atlantic","Organic",13.32,0
7718,3129,2026-03-25,"Signature","Ontario","Organic",23.38,0
7719,1138,2026-04-10,"Standard","Atlantic","Organic",15.42,0
7720,271,2026-06-19,"Discovery","Atlantic","Social",34.91,0
7721,3271,2026-01-30,"Signature","Atlantic","Organic",23.73,0
7722,1027,2026-01-25,"Standard","Atlantic","Organic",15.86,0
7723,1181,2026-01-28,"Standard","Atlantic","Social",14.07,0
7724,3377,2026-04-30,"Discovery","Atlantic","Organic",33.34,0
7725,1369,2026-01-09,"Signature","Atlantic","Search",23.78,0
7726,3265,2026-06-09,"Standard","Atlantic","Search",12.99,1
7727,3865,2026-03-06,"Signature","Atlantic","Organic",20.6,0
7728,1580,2026-01-17,"Signature","Atlantic","Social",22.78,0
7729,1882,2026-01-04,"Standard","Atlantic","Organic",16.45,1
7730,1352,2026-04-28,"Standard","Atlantic","Organic",16.29,0
7731,628,2026-01-23,"Standard","Atlantic","Referral",13.33,0
7732,3510,2026-05-20,"Standard","Atlantic","Organic",10.15,0
7733,1060,2026-04-09,"Standard","Ontario","Retail_partner",11.4,0
7734,3460,2026-03-15,"Standard","Atlantic","Organic",11.38,0
7735,3454,2026-01-28,"Signature","Ontario","Social",27.08,0
7736,1329,2026-03-18,"Standard","Atlantic","Organic",12.05,0
7737,2218,2026-05-27,"Standard","Atlantic","Search",14.53,0
7738,3251,2026-04-30,"Standard","Atlantic","Referral",15.89,0
7739,2557,2026-03-03,"Standard","Atlantic","Referral",13.34,1
7740,1879,2026-05-18,"Standard","Atlantic","Organic",16.73,1
7741,3791,2026-04-17,"Signature","Atlantic","Organic",18.64,1
7742,2826,2026-05-16,"Signature","Atlantic","Search",27.93,0
7743,2001,2026-03-31,"Standard","Atlantic","Social",17.15,0
7744,2218,2026-01-10,"Standard","Atlantic","Organic",15.24,1
7745,964,2026-02-20,"Discovery","Atlantic","Social",30.46,0
7746,585,2026-06-18,"Discovery","Atlantic","Organic",33.96,0
7747,3949,2026-04-29,"Standard","Ontario","Retail_partner",18.54,0
7748,2682,2026-01-10,"Standard","Atlantic","Organic",14.4,0
7749,128,2026-03-16,"Standard","Atlantic","Organic",15.67,0
7750,2525,2026-04-03,"Standard","Atlantic","Organic",15.39,0
7751,1325,2026-03-17,"Standard","Atlantic","Social",15.98,0
7752,1115,2026-02-10,"Signature","Atlantic","Referral",22.76,0
7753,837,2026-05-23,"Standard","Atlantic","Search",16.94,0
7754,3113,2026-06-03,"Standard","Atlantic","Social",13.6,0
7755,796,2026-01-24,"Signature","Atlantic","Social",20.15,1
7756,518,2026-05-26,"Standard","Atlantic","Referral",14.5,1
7757,3973,2026-02-13,"Standard","Atlantic","Organic",14.49,0
7758,899,2026-04-03,"Signature","Atlantic","Social",23.75,1
7759,2778,2026-01-31,"Standard","Atlantic","Organic",16.22,0
7760,771,2026-05-31,"Discovery","Ontario","Retail_partner",26.68,0
7761,637,2026-06-25,"Standard","Atlantic","Organic",19.29,0
7762,3511,2026-06-18,"Standard","Atlantic","Social",7.34,0
7763,737,2026-01-28,"Standard","Atlantic","Social",15.21,0
7764,2034,2026-05-07,"Signature","Atlantic","Referral",20.77,0
7765,1825,2026-03-17,"Standard","Atlantic","Retail_partner",13.8,0
7766,2130,2026-02-07,"Standard","Atlantic","Social",12.04,0
7767,3475,2026-05-13,"Signature","Atlantic","Organic",21.1,0
7768,2818,2026-06-14,"Standard","Atlantic","Social",12.2,0
7769,3894,2026-03-19,"Standard","Ontario","Search",15.77,0
7770,505,2026-04-14,"Standard","Atlantic","Referral",8.14,0
7771,1500,2026-03-16,"Standard","Atlantic","Search",13.49,0
7772,983,2026-04-09,"Standard","Atlantic","Social",15.24,1
7773,2142,2026-03-31,"Standard","Atlantic","Social",14.58,1
7774,1069,2026-06-30,"Signature","Atlantic","Organic",24.83,1
7775,2739,2026-02-28,"Signature","Atlantic","Organic",24.34,1
7776,908,2026-01-15,"Standard","Atlantic","Social",13.27,0
7777,3628,2026-04-23,"Discovery","Atlantic","Social",35.54,0
7778,2170,2026-03-15,"Standard","Ontario","Referral",15.28,1
7779,3243,2026-03-13,"Standard","Atlantic","Search",16.75,1
7780,2994,2026-02-07,"Signature","Atlantic","Referral",22.36,1
7781,3646,2026-01-30,"Discovery","Atlantic","Retail_partner",30.62,0
7782,2345,2026-04-02,"Standard","Atlantic","Retail_partner",11.19,0
7783,1593,2026-02-21,"Discovery","Atlantic","Organic",32.97,0
7784,672,2026-06-23,"Signature","Atlantic","Retail_partner",21.66,0
7785,2564,2026-02-23,"Standard","Atlantic","Organic",14.1,0
7786,2815,2026-06-08,"Signature","Atlantic","Organic",19.46,0
7787,2433,2026-02-12,"Standard","Atlantic","Organic",11.93,1
7788,2068,2026-04-08,"Standard","Ontario","Organic",18.65,0
7789,2709,2026-02-01,"Standard","Atlantic","Organic",17.47,1
7790,130,2026-04-14,"Signature","Atlantic","Organic",22.08,0
7791,1728,2026-04-21,"Signature","Ontario","Search",21.56,0
7792,1309,2026-04-27,"Standard","Atlantic","Referral",16.39,0
7793,1468,2026-01-07,"Discovery","Ontario","Organic",35.1,0
7794,1932,2026-04-24,"Signature","Ontario","Referral",22.18,0
7795,3998,2026-06-24,"Signature","Atlantic","Organic",18.01,1
7796,777,2026-02-05,"Signature","Atlantic","Search",18.36,0
7797,805,2026-03-17,"Signature","Atlantic","Social",24.21,0
7798,1540,2026-01-20,"Discovery","Ontario","Referral",36.07,0
7799,3161,2026-05-07,"Signature","Atlantic","Organic",19.36,0
7800,1887,2026-06-11,"Discovery","Ontario","Organic",31.03,0
7801,3017,2026-05-21,"Standard","Atlantic","Social",14.86,0
7802,861,2026-04-14,"Standard","Atlantic","Organic",13.87,1
7803,323,2026-06-18,"Discovery","Atlantic","Social",30.57,1
7804,3063,2026-02-01,"Standard","Atlantic","Search",12.65,1
7805,623,2026-03-23,"Standard","Ontario","Social",17.71,0
7806,2486,2026-02-12,"Standard","Atlantic","Social",14.69,1
7807,931,2026-06-26,"Standard","Atlantic","Social",22.35,0
7808,3472,2026-04-01,"Standard","Ontario","Retail_partner",16.64,0
7809,1989,2026-01-15,"Standard","Atlantic","Referral",12.41,1
7810,2477,2026-05-16,"Standard","Atlantic","Search",16.1,1
7811,3754,2026-04-08,"Discovery","Atlantic","Retail_partner",30.92,0
7812,3507,2026-04-03,"Signature","Atlantic","Referral",25.71,0
7813,2919,2026-04-28,"Signature","Ontario","Referral",27.1,0
7814,1683,2026-06-26,"Standard","Atlantic","Organic",16.32,1
7815,1155,2026-03-13,"Standard","Atlantic","Referral",13.91,1
7816,272,2026-06-25,"Signature","Atlantic","Search",18.91,0
7817,87,2026-04-19,"Standard","Atlantic","Retail_partner",19.62,0
7818,841,2026-01-19,"Signature","Atlantic","Referral",22.95,0
7819,1113,2026-07-01,"Discovery","Atlantic","Retail_partner",29.5,0
7820,1151,2026-02-14,"Standard","Atlantic","Social",12.62,0
7821,3610,2026-06-16,"Standard","Atlantic","Social",17.34,1
7822,2792,2026-03-02,"Standard","Atlantic","Referral",14.59,0
7823,1042,2026-04-21,"Signature","Atlantic","Search",23.52,1
7824,1640,2026-02-28,"Standard","Ontario","Referral",11.45,0
7825,180,2026-04-20,"Signature","Atlantic","Social",21.59,0
7826,38,2026-03-05,"Standard","Ontario","Referral",16.07,0
7827,64,2026-02-11,"Signature","Atlantic","Referral",26.56,0
7828,2256,2026-04-23,"Signature","Atlantic","Retail_partner",22.7,0
7829,390,2026-01-05,"Standard","Atlantic","Referral",18.63,1
7830,2717,2026-06-25,"Discovery","Ontario","Organic",37.62,1
7831,242,2026-02-15,"Standard","Atlantic","Social",18.04,1
7832,1514,2026-04-25,"Standard","Atlantic","Referral",14.02,0
7833,1868,2026-02-13,"Signature","Ontario","Social",22.39,0
7834,1970,2026-06-06,"Discovery","Atlantic","Retail_partner",30.32,0
7835,1033,2026-01-27,"Standard","Ontario","Social",20,1
7836,2757,2026-02-12,"Standard","Atlantic","Organic",19.33,0
7837,2507,2026-02-27,"Standard","Atlantic","Social",11.38,1
7838,2982,2026-03-22,"Standard","Atlantic","Social",11.47,1
7839,1373,2026-03-31,"Signature","Atlantic","Social",23.59,0
7840,3470,2026-06-21,"Standard","Ontario","Organic",14.34,0
7841,2537,2026-05-31,"Standard","Atlantic","Organic",14.71,1
7842,1008,2026-05-20,"Signature","Atlantic","Organic",21.15,1
7843,1435,2026-02-23,"Standard","Atlantic","Search",19.06,0
7844,3940,2026-01-31,"Standard","Atlantic","Organic",12.79,1
7845,167,2026-05-28,"Standard","Atlantic","Social",17.08,0
7846,3320,2026-03-19,"Discovery","Ontario","Organic",35,0
7847,3057,2026-03-22,"Discovery","Ontario","Referral",32.66,0
7848,1719,2026-05-27,"Standard","Atlantic","Social",15.29,0
7849,3496,2026-04-30,"Standard","Atlantic","Retail_partner",9.83,0
7850,2337,2026-01-23,"Standard","Atlantic","Search",13.39,1
7851,2462,2026-03-29,"Discovery","Atlantic","Retail_partner",29.05,0
7852,2274,2026-03-12,"Discovery","Atlantic","Organic",30.91,0
7853,1688,2026-02-06,"Signature","Atlantic","Referral",23.12,0
7854,980,2026-06-17,"Discovery","Atlantic","Organic",28.48,0
7855,1773,2026-02-21,"Discovery","Atlantic","Social",34.23,0
7856,1627,2026-04-06,"Standard","Atlantic","Search",15.03,0
7857,3639,2026-04-12,"Signature","Atlantic","Referral",24.56,0
7858,585,2026-05-26,"Signature","Atlantic","Social",17.95,1
7859,1047,2026-04-12,"Signature","Atlantic","Search",24.35,1
7860,3634,2026-02-18,"Standard","Atlantic","Organic",15.6,0
7861,2174,2026-05-05,"Standard","Ontario","Social",12.04,1
7862,3596,2026-01-22,"Standard","Atlantic","Organic",15.98,1
7863,2052,2026-01-19,"Standard","Atlantic","Social",18.83,1
7864,2519,2026-02-12,"Signature","Ontario","Retail_partner",22.01,1
7865,504,2026-03-16,"Signature","Ontario","Organic",26.68,1
7866,2291,2026-06-12,"Standard","Atlantic","Search",17.74,0
7867,51,2026-01-13,"Standard","Atlantic","Referral",14.55,0
7868,1247,2026-06-22,"Standard","Atlantic","Social",16.22,0
7869,243,2026-03-10,"Signature","Atlantic","Organic",23.93,0
7870,985,2026-04-15,"Signature","Atlantic","Search",24.83,0
7871,1039,2026-02-15,"Standard","Atlantic","Organic",18.94,0
7872,2333,2026-04-11,"Standard","Atlantic","Social",15.28,1
7873,2652,2026-04-17,"Standard","Atlantic","Social",14.55,0
7874,1131,2026-05-28,"Standard","Atlantic","Referral",12.15,1
7875,3111,2026-06-09,"Signature","Atlantic","Referral",22.44,1
7876,3522,2026-01-12,"Signature","Atlantic","Organic",23.24,0
7877,2375,2026-05-06,"Signature","Ontario","Organic",24.51,1
7878,974,2026-01-23,"Discovery","Atlantic","Search",31.41,0
7879,566,2026-04-16,"Standard","Atlantic","Search",14.78,0
7880,1227,2026-03-14,"Standard","Ontario","Social",13.46,0
7881,3282,2026-02-09,"Discovery","Ontario","Search",34.85,0
7882,2066,2026-01-10,"Signature","Atlantic","Social",23.34,1
7883,890,2026-05-15,"Standard","Atlantic","Referral",15.55,0
7884,908,2026-02-21,"Signature","Atlantic","Retail_partner",26.59,0
7885,1061,2026-03-11,"Standard","Atlantic","Organic",19.97,1
7886,2047,2026-01-18,"Standard","Atlantic","Search",14.48,1
7887,1891,2026-01-27,"Standard","Atlantic","Search",15.15,1
7888,3641,2026-02-24,"Standard","Atlantic","Organic",11.88,0
7889,2192,2026-05-02,"Standard","Atlantic","Retail_partner",12.28,0
7890,1674,2026-04-19,"Standard","Atlantic","Organic",15.3,1
7891,3345,2026-05-28,"Discovery","Atlantic","Referral",29.78,0
7892,3618,2026-03-15,"Signature","Atlantic","Organic",23.38,0
7893,3044,2026-03-20,"Standard","Atlantic","Organic",16.15,0
7894,3337,2026-03-17,"Standard","Atlantic","Search",15.63,0
7895,2327,2026-01-11,"Standard","Ontario","Search",19.14,0
7896,3025,2026-06-30,"Signature","Atlantic","Organic",22.28,0
7897,3730,2026-04-14,"Signature","Atlantic","Organic",19.7,0
7898,1296,2026-04-09,"Discovery","Atlantic","Social",36.47,0
7899,2977,2026-01-26,"Standard","Ontario","Search",20.47,0
7900,973,2026-01-27,"Standard","Atlantic","Search",13.33,1
7901,312,2026-04-23,"Signature","Atlantic","Organic",21.98,0
7902,1295,2026-01-06,"Signature","Atlantic","Social",19.26,0
7903,749,2026-06-15,"Standard","Atlantic","Organic",14.94,1
7904,3585,2026-04-02,"Signature","Atlantic","Referral",23.6,1
7905,3295,2026-04-05,"Standard","Ontario","Organic",19.83,1
7906,2982,2026-02-28,"Standard","Atlantic","Search",15.44,0
7907,3650,2026-01-28,"Standard","Atlantic","Search",11.79,1
7908,2674,2026-04-14,"Standard","Atlantic","Search",11.98,0
7909,609,2026-05-31,"Signature","Atlantic","Social",16.55,0
7910,3999,2026-03-04,"Standard","Atlantic","Social",12.68,0
7911,3482,2026-05-30,"Signature","Atlantic","Search",20.22,0
7912,1070,2026-06-16,"Standard","Atlantic","Organic",17.21,0
7913,3973,2026-06-17,"Signature","Atlantic","Referral",21.19,0
7914,1613,2026-05-04,"Standard","Atlantic","Retail_partner",12.66,0
7915,233,2026-04-09,"Standard","Atlantic","Organic",13.5,0
7916,2503,2026-02-11,"Standard","Atlantic","Referral",16.83,0
7917,119,2026-02-11,"Standard","Atlantic","Search",13.17,0
7918,3699,2026-03-24,"Discovery","Atlantic","Organic",36.98,0
7919,2644,2026-02-20,"Standard","Atlantic","Organic",11.6,0
7920,1554,2026-05-09,"Standard","Atlantic","Organic",15.77,0
7921,1795,2026-06-11,"Signature","Atlantic","Organic",22.84,0
7922,1846,2026-03-08,"Standard","Atlantic","Search",14.09,0
7923,265,2026-01-05,"Standard","Atlantic","Social",11.74,1
7924,2680,2026-01-18,"Standard","Ontario","Referral",15.61,0
7925,1263,2026-04-20,"Standard","Ontario","Search",17.15,1
7926,1158,2026-01-11,"Discovery","Atlantic","Retail_partner",28.66,0
7927,2682,2026-03-13,"Signature","Atlantic","Organic",24.13,0
7928,581,2026-02-25,"Standard","Ontario","Search",18.22,1
7929,2682,2026-01-23,"Signature","Atlantic","Retail_partner",23.64,0
7930,3228,2026-01-21,"Standard","Atlantic","Referral",19.29,1
7931,353,2026-01-28,"Signature","Atlantic","Social",24.84,0
7932,2455,2026-05-04,"Standard","Ontario","Retail_partner",16.42,0
7933,2850,2026-01-31,"Signature","Atlantic","Referral",20.56,0
7934,1374,2026-03-23,"Standard","Atlantic","Referral",14.85,0
7935,1891,2026-03-17,"Signature","Atlantic","Organic",22.11,0
7936,1711,2026-02-03,"Signature","Atlantic","Social",22.1,0
7937,3535,2026-04-03,"Signature","Atlantic","Social",25.9,0
7938,3540,2026-06-09,"Standard","Atlantic","Organic",17.64,0
7939,572,2026-06-24,"Standard","Atlantic","Social",18.2,0
7940,497,2026-02-01,"Signature","Atlantic","Social",24.05,0
7941,779,2026-03-26,"Signature","Atlantic","Retail_partner",23.07,0
7942,3825,2026-03-07,"Signature","Atlantic","Search",23.07,0
7943,2510,2026-03-16,"Discovery","Atlantic","Social",31.81,0
7944,3853,2026-06-21,"Standard","Atlantic","Search",15.42,1
7945,3983,2026-05-30,"Discovery","Atlantic","Social",35.47,0
7946,552,2026-03-15,"Discovery","Atlantic","Organic",30.39,0
7947,1775,2026-03-08,"Signature","Ontario","Organic",28.72,0
7948,247,2026-06-03,"Discovery","Atlantic","Search",27.47,0
7949,3570,2026-04-25,"Standard","Atlantic","Social",18.46,0
7950,1841,2026-01-11,"Standard","Ontario","Retail_partner",13.99,0
7951,2541,2026-03-23,"Standard","Atlantic","Organic",16.83,0
7952,247,2026-04-03,"Standard","Atlantic","Search",12.62,1
7953,3063,2026-02-06,"Discovery","Atlantic","Referral",33.88,0
7954,952,2026-03-22,"Standard","Atlantic","Referral",13.94,0
7955,3997,2026-04-27,"Signature","Atlantic","Organic",24.19,0
7956,2103,2026-03-14,"Standard","Atlantic","Organic",15.76,1
7957,547,2026-05-03,"Standard","Atlantic","Referral",14.57,0
7958,1545,2026-02-17,"Signature","Ontario","Organic",26.82,0
7959,3571,2026-03-18,"Standard","Ontario","Search",14.22,0
7960,3439,2026-05-19,"Discovery","Atlantic","Organic",36.11,0
7961,3067,2026-06-02,"Signature","Atlantic","Social",22.33,0
7962,42,2026-04-13,"Signature","Atlantic","Social",21.88,0
7963,3040,2026-02-22,"Signature","Atlantic","Organic",22.26,0
7964,3318,2026-01-11,"Standard","Ontario","Referral",18.19,0
7965,3915,2026-05-02,"Signature","Atlantic","Search",23.78,0
7966,1846,2026-01-21,"Discovery","Atlantic","Search",32.4,0
7967,2651,2026-01-21,"Signature","Atlantic","Referral",26.65,0
7968,776,2026-02-07,"Standard","Atlantic","Retail_partner",15.36,1
7969,2822,2026-03-07,"Standard","Atlantic","Social",15.69,1
7970,101,2026-04-18,"Discovery","Atlantic","Organic",29.15,0
7971,1817,2026-04-11,"Standard","Atlantic","Social",15.98,0
7972,1874,2026-05-21,"Signature","Atlantic","Organic",20,0
7973,1833,2026-05-15,"Standard","Atlantic","Social",14.61,0
7974,1724,2026-05-25,"Signature","Atlantic","Social",25.56,1
7975,2713,2026-02-13,"Signature","Ontario","Search",24.26,0
7976,2823,2026-02-05,"Discovery","Atlantic","Organic",33.82,0
7977,1546,2026-06-27,"Standard","Atlantic","Search",9.21,0
7978,1080,2026-05-10,"Standard","Atlantic","Organic",15.28,1
7979,1057,2026-05-19,"Discovery","Ontario","Organic",35.33,1
7980,892,2026-05-20,"Standard","Ontario","Referral",15.3,1
7981,389,2026-06-23,"Signature","Ontario","Organic",23.01,1
7982,3900,2026-02-18,"Discovery","Atlantic","Organic",32.98,1
7983,3613,2026-04-18,"Signature","Atlantic","Search",20.38,0
7984,3330,2026-05-04,"Signature","Atlantic","Referral",21.21,1
7985,2853,2026-03-23,"Standard","Atlantic","Organic",18.61,0
7986,1844,2026-03-11,"Standard","Atlantic","Search",20.03,0
7987,2770,2026-03-10,"Discovery","Atlantic","Search",29.32,0
7988,165,2026-02-09,"Standard","Ontario","Search",17.72,0
7989,1359,2026-06-03,"Discovery","Atlantic","Organic",30.15,0
7990,403,2026-06-19,"Signature","Ontario","Search",21.77,0
7991,3662,2026-03-22,"Standard","Atlantic","Social",15.13,0
7992,2556,2026-03-08,"Discovery","Atlantic","Organic",31.47,1
7993,1723,2026-01-24,"Standard","Atlantic","Search",20.66,1
7994,1353,2026-02-22,"Discovery","Atlantic","Organic",34.81,0
7995,124,2026-06-07,"Signature","Atlantic","Search",23.55,0
7996,646,2026-03-21,"Signature","Atlantic","Retail_partner",23.02,1
7997,588,2026-04-23,"Discovery","Atlantic","Referral",30.82,0
7998,2380,2026-03-23,"Discovery","Atlantic","Organic",31.3,0
7999,2810,2026-06-11,"Signature","Atlantic","Social",19.08,0
8000,167,2026-03-24,"Signature","Ontario","Social",28.43,0
8001,2725,2026-02-03,"Signature","Atlantic","Organic",21.39,0
8002,1685,2026-06-12,"Discovery","Ontario","Retail_partner",35.35,1
8003,1547,2026-03-30,"Standard","Ontario","Social",14.2,0
8004,221,2026-02-13,"Standard","Atlantic","Social",15.47,0
8005,560,2026-03-26,"Signature","Ontario","Organic",18.78,0
8006,2466,2026-05-05,"Standard","Atlantic","Organic",16.9,0
8007,409,2026-03-08,"Standard","Atlantic","Social",10.44,0
8008,548,2026-02-07,"Standard","Atlantic","Referral",11.27,1
8009,3730,2026-06-09,"Standard","Atlantic","Search",18.81,0
8010,1534,2026-04-03,"Discovery","Ontario","Organic",33.8,0
8011,2757,2026-04-09,"Standard","Atlantic","Organic",15.74,0
8012,824,2026-01-04,"Signature","Atlantic","Referral",21.92,0
8013,3311,2026-04-02,"Standard","Atlantic","Organic",11.9,0
8014,1307,2026-05-03,"Standard","Ontario","Referral",17.5,0
8015,263,2026-04-05,"Signature","Ontario","Organic",22.14,0
8016,1109,2026-04-08,"Standard","Atlantic","Retail_partner",16.35,0
8017,13,2026-04-01,"Standard","Atlantic","Organic",12.34,0
8018,1284,2026-06-04,"Signature","Atlantic","Search",21.94,0
8019,807,2026-06-14,"Signature","Atlantic","Organic",22.65,0
8020,2551,2026-01-30,"Standard","Atlantic","Referral",12.23,0
8021,1337,2026-01-24,"Signature","Atlantic","Organic",20.84,0
8022,1575,2026-01-28,"Standard","Ontario","Referral",15.37,0
8023,1362,2026-01-21,"Standard","Ontario","Organic",18.1,0
8024,1434,2026-06-27,"Standard","Atlantic","Organic",17.78,0
8025,2634,2026-03-05,"Discovery","Ontario","Social",33.9,1
8026,2670,2026-06-30,"Standard","Atlantic","Referral",13.9,0
8027,1403,2026-03-17,"Discovery","Atlantic","Search",36.02,0
8028,651,2026-02-28,"Standard","Atlantic","Search",16.03,0
8029,2337,2026-06-04,"Standard","Atlantic","Social",20.11,0
8030,3206,2026-05-23,"Standard","Atlantic","Search",14.87,0
8031,2901,2026-01-29,"Standard","Ontario","Social",17.24,0
8032,109,2026-01-18,"Signature","Ontario","Social",20.1,0
8033,1392,2026-03-26,"Signature","Atlantic","Organic",21.78,0
8034,3903,2026-03-20,"Signature","Atlantic","Social",25.08,0
8035,204,2026-06-19,"Discovery","Atlantic","Social",31.05,0
8036,1863,2026-06-19,"Discovery","Atlantic","Social",31.18,0
8037,270,2026-02-08,"Standard","Atlantic","Organic",18.62,1
8038,282,2026-02-28,"Standard","Atlantic","Social",8.6,0
8039,2770,2026-04-28,"Standard","Atlantic","Social",17.85,1
8040,3093,2026-03-07,"Standard","Atlantic","Social",11.1,0
8041,2948,2026-02-16,"Standard","Atlantic","Search",13.58,0
8042,2591,2026-03-28,"Standard","Atlantic","Organic",11.97,0
8043,1346,2026-06-16,"Standard","Atlantic","Referral",11.85,0
8044,1804,2026-03-07,"Signature","Ontario","Social",26.03,0
8045,3042,2026-01-05,"Standard","Ontario","Search",16.09,0
8046,3484,2026-03-20,"Signature","Ontario","Search",22.95,0
8047,2256,2026-01-23,"Signature","Ontario","Search",27.52,1
8048,1145,2026-06-14,"Standard","Atlantic","Search",16.45,0
8049,3089,2026-06-12,"Signature","Atlantic","Referral",17.94,0
8050,168,2026-04-02,"Standard","Atlantic","Organic",14.33,0
8051,1542,2026-02-12,"Signature","Ontario","Retail_partner",26.2,0
8052,1375,2026-01-28,"Signature","Atlantic","Organic",23.5,0
8053,989,2026-04-12,"Discovery","Ontario","Organic",38.48,0
8054,566,2026-01-06,"Standard","Atlantic","Organic",17.91,0
8055,1006,2026-04-08,"Standard","Atlantic","Search",12.66,0
8056,881,2026-01-18,"Standard","Atlantic","Organic",17.49,0
8057,3781,2026-03-22,"Signature","Atlantic","Organic",22.88,1
8058,2227,2026-02-17,"Signature","Ontario","Organic",26.54,1
8059,558,2026-04-29,"Standard","Atlantic","Organic",12.06,1
8060,3411,2026-02-18,"Signature","Atlantic","Organic",24.13,0
8061,3498,2026-06-16,"Standard","Ontario","Social",15.75,1
8062,810,2026-03-16,"Signature","Atlantic","Referral",24.76,0
8063,689,2026-01-14,"Standard","Ontario","Social",16.03,0
8064,1519,2026-04-04,"Standard","Atlantic","Organic",13.53,1
8065,788,2026-02-12,"Standard","Atlantic","Organic",16.79,0
8066,71,2026-04-09,"Signature","Atlantic","Search",24.18,0
8067,3606,2026-05-28,"Standard","Ontario","Referral",17.71,0
8068,1229,2026-06-15,"Signature","Atlantic","Organic",24.9,0
8069,441,2026-05-14,"Standard","Atlantic","Organic",17.01,0
8070,3507,2026-03-28,"Standard","Atlantic","Social",14.39,0
8071,749,2026-03-06,"Standard","Ontario","Social",20.66,0
8072,2618,2026-03-10,"Standard","Atlantic","Organic",15.72,0
8073,2461,2026-01-05,"Signature","Ontario","Organic",24.59,0
8074,2201,2026-04-05,"Standard","Atlantic","Organic",10.47,0
8075,1152,2026-02-21,"Standard","Ontario","Social",14.71,0
8076,2399,2026-03-16,"Signature","Atlantic","Organic",19.9,0
8077,1113,2026-04-16,"Standard","Atlantic","Organic",13.39,0
8078,75,2026-05-22,"Standard","Atlantic","Organic",18.77,1
8079,409,2026-03-01,"Standard","Atlantic","Search",13.52,1
8080,3357,2026-06-04,"Standard","Ontario","Referral",16.95,0
8081,3962,2026-02-21,"Discovery","Atlantic","Referral",33.01,0
8082,2792,2026-05-10,"Standard","Ontario","Search",11.89,1
8083,1928,2026-06-20,"Signature","Atlantic","Organic",21.18,0
8084,1199,2026-03-27,"Signature","Atlantic","Organic",22.44,1
8085,1472,2026-06-16,"Signature","Atlantic","Organic",21.76,0
8086,90,2026-03-16,"Discovery","Ontario","Organic",29.64,0
8087,3890,2026-06-29,"Signature","Atlantic","Referral",22.71,0
8088,1846,2026-01-08,"Standard","Atlantic","Organic",15.35,0
8089,3941,2026-05-18,"Signature","Ontario","Search",23.26,0
8090,2348,2026-02-26,"Standard","Atlantic","Referral",11.98,0
8091,347,2026-05-24,"Signature","Atlantic","Social",21.98,1
8092,528,2026-04-25,"Signature","Atlantic","Search",16.71,0
8093,1588,2026-01-30,"Standard","Atlantic","Referral",12.56,0
8094,3557,2026-06-22,"Standard","Atlantic","Referral",18.17,1
8095,729,2026-03-27,"Discovery","Atlantic","Referral",31.85,0
8096,9,2026-01-31,"Signature","Atlantic","Referral",20.05,0
8097,3870,2026-01-20,"Signature","Atlantic","Referral",25.66,0
8098,1257,2026-02-10,"Standard","Ontario","Search",15.75,0
8099,476,2026-06-10,"Standard","Atlantic","Social",17.8,0
8100,2184,2026-01-02,"Signature","Atlantic","Organic",24.65,0
8101,3593,2026-01-06,"Standard","Atlantic","Referral",10.57,0
8102,1187,2026-06-11,"Standard","Atlantic","Organic",16.92,0
8103,1962,2026-04-27,"Signature","Ontario","Search",26.29,0
8104,3545,2026-05-28,"Discovery","Atlantic","Social",24.96,0
8105,2064,2026-06-26,"Standard","Atlantic","Social",12.77,1
8106,1083,2026-05-18,"Discovery","Atlantic","Organic",37.12,0
8107,2450,2026-03-21,"Standard","Atlantic","Organic",16.18,1
8108,2671,2026-02-04,"Standard","Ontario","Social",16.85,0
8109,1141,2026-03-21,"Discovery","Ontario","Organic",35.32,0
8110,2747,2026-03-23,"Standard","Ontario","Organic",14.16,1
8111,1213,2026-01-08,"Signature","Atlantic","Social",23.42,0
8112,1857,2026-06-09,"Signature","Atlantic","Organic",16.24,0
8113,1512,2026-02-28,"Signature","Atlantic","Social",25.51,0
8114,1647,2026-02-23,"Standard","Ontario","Search",17.21,1
8115,120,2026-05-27,"Standard","Atlantic","Retail_partner",17.42,1
8116,2030,2026-03-24,"Standard","Ontario","Social",13.09,1
8117,2797,2026-05-09,"Standard","Atlantic","Organic",12.27,1
8118,3847,2026-05-24,"Standard","Ontario","Search",15.26,0
8119,380,2026-01-03,"Discovery","Atlantic","Social",35.12,0
8120,3991,2026-01-10,"Signature","Atlantic","Social",21.01,0
8121,2516,2026-05-16,"Signature","Atlantic","Organic",22.21,1
8122,1531,2026-02-10,"Standard","Atlantic","Social",15.08,0
8123,1183,2026-03-04,"Standard","Atlantic","Social",12.16,0
8124,2348,2026-04-27,"Signature","Atlantic","Organic",21.23,0
8125,3591,2026-06-07,"Signature","Atlantic","Social",20.87,0
8126,3276,2026-02-14,"Discovery","Atlantic","Organic",28.18,0
8127,1995,2026-01-10,"Standard","Atlantic","Organic",15.36,1
8128,3522,2026-05-10,"Discovery","Atlantic","Organic",26.73,0
8129,3975,2026-01-11,"Standard","Atlantic","Social",12.61,0
8130,149,2026-04-04,"Discovery","Atlantic","Referral",29.73,0
8131,1918,2026-01-15,"Standard","Atlantic","Social",15.92,0
8132,2100,2026-05-17,"Standard","Atlantic","Organic",14.63,0
8133,3375,2026-01-17,"Standard","Atlantic","Social",18.05,0
8134,3857,2026-01-25,"Discovery","Atlantic","Social",30.46,0
8135,3466,2026-02-13,"Signature","Atlantic","Organic",25.59,0
8136,1458,2026-04-23,"Standard","Atlantic","Retail_partner",15.03,0
8137,492,2026-02-11,"Standard","Atlantic","Social",14.32,0
8138,3177,2026-03-24,"Standard","Atlantic","Organic",16.09,0
8139,1223,2026-03-26,"Signature","Atlantic","Organic",25.81,0
8140,2599,2026-04-29,"Standard","Atlantic","Social",17.38,1
8141,13,2026-05-05,"Standard","Atlantic","Organic",10.91,0
8142,63,2026-06-19,"Standard","Atlantic","Organic",14.71,1
8143,1397,2026-04-29,"Discovery","Atlantic","Referral",34.9,0
8144,3632,2026-05-25,"Standard","Ontario","Organic",13.94,0
8145,3613,2026-01-24,"Signature","Atlantic","Organic",24.78,0
8146,3269,2026-04-27,"Standard","Atlantic","Search",17.12,0
8147,2602,2026-06-24,"Standard","Ontario","Organic",14.67,0
8148,1157,2026-06-17,"Standard","Atlantic","Organic",14.47,0
8149,3584,2026-01-02,"Signature","Atlantic","Retail_partner",21.15,0
8150,3816,2026-04-08,"Standard","Atlantic","Search",14.78,0
8151,2316,2026-01-06,"Signature","Ontario","Referral",26.63,1
8152,118,2026-03-30,"Signature","Atlantic","Social",27.16,0
8153,1909,2026-05-12,"Signature","Ontario","Organic",29,0
8154,3977,2026-01-24,"Standard","Atlantic","Organic",13.55,1
8155,2844,2026-06-20,"Standard","Atlantic","Organic",16.6,1
8156,350,2026-01-18,"Standard","Atlantic","Organic",19.65,0
8157,1557,2026-06-04,"Standard","Atlantic","Organic",12.63,1
8158,1948,2026-04-30,"Discovery","Atlantic","Search",30.53,0
8159,2490,2026-02-27,"Standard","Ontario","Organic",11.48,0
8160,653,2026-06-11,"Signature","Atlantic","Referral",22.87,0
8161,1422,2026-07-01,"Standard","Atlantic","Referral",10.33,1
8162,3192,2026-01-27,"Standard","Atlantic","Search",15.36,0
8163,2552,2026-04-14,"Standard","Atlantic","Organic",13.3,0
8164,1304,2026-03-21,"Signature","Atlantic","Social",15.38,0
8165,1781,2026-03-18,"Signature","Atlantic","Organic",21.51,0
8166,1715,2026-02-23,"Standard","Atlantic","Organic",14.2,1
8167,1464,2026-01-23,"Signature","Ontario","Social",25.35,0
8168,3788,2026-02-15,"Standard","Atlantic","Search",13.58,0
8169,2492,2026-03-07,"Signature","Atlantic","Organic",22.15,0
8170,2474,2026-01-08,"Standard","Atlantic","Organic",18.38,0
8171,259,2026-02-28,"Discovery","Atlantic","Social",35.42,0
8172,955,2026-02-22,"Standard","Atlantic","Referral",20.27,1
8173,2639,2026-06-24,"Signature","Ontario","Organic",24.1,1
8174,1821,2026-01-04,"Standard","Atlantic","Search",18.65,0
8175,86,2026-03-14,"Signature","Atlantic","Search",27.28,0
8176,2561,2026-01-10,"Standard","Atlantic","Social",13.17,0
8177,3037,2026-04-07,"Standard","Atlantic","Organic",15.86,1
8178,612,2026-06-17,"Discovery","Atlantic","Retail_partner",36.33,1
8179,2359,2026-01-06,"Standard","Ontario","Organic",13.45,0
8180,1615,2026-02-16,"Standard","Atlantic","Organic",12.28,0
8181,1733,2026-03-23,"Standard","Atlantic","Social",15.67,0
8182,3505,2026-06-21,"Standard","Atlantic","Organic",9.52,1
8183,48,2026-02-16,"Discovery","Atlantic","Organic",35.88,0
8184,3005,2026-05-16,"Standard","Atlantic","Retail_partner",16.2,0
8185,342,2026-02-27,"Standard","Atlantic","Retail_partner",15.02,0
8186,3688,2026-04-06,"Standard","Atlantic","Search",18.8,0
8187,2094,2026-04-08,"Standard","Atlantic","Social",9.36,0
8188,2450,2026-01-22,"Discovery","Atlantic","Social",33.45,0
8189,2761,2026-04-22,"Signature","Atlantic","Organic",19.66,0
8190,125,2026-02-14,"Standard","Atlantic","Search",16.83,1
8191,1462,2026-01-14,"Discovery","Atlantic","Social",31.68,0
8192,1885,2026-04-02,"Standard","Atlantic","Social",10.1,0
8193,1389,2026-05-19,"Standard","Ontario","Organic",19.32,1
8194,1385,2026-06-06,"Standard","Atlantic","Referral",12.22,0
8195,1213,2026-02-07,"Signature","Atlantic","Organic",24.79,0
8196,2854,2026-01-03,"Standard","Ontario","Referral",19.31,0
8197,4000,2026-05-31,"Standard","Atlantic","Referral",12.32,0
8198,999,2026-02-26,"Signature","Atlantic","Social",22.02,0
8199,3311,2026-03-31,"Standard","Atlantic","Referral",19.01,0
8200,2017,2026-04-19,"Signature","Ontario","Referral",25.54,1
8201,1802,2026-05-16,"Standard","Atlantic","Organic",17.3,1
8202,687,2026-06-16,"Signature","Atlantic","Search",22.96,0
8203,712,2026-02-28,"Standard","Atlantic","Organic",12.88,0
8204,2603,2026-02-20,"Standard","Atlantic","Referral",15.97,0
8205,2582,2026-03-09,"Standard","Atlantic","Social",20.02,1
8206,1949,2026-05-26,"Signature","Atlantic","Social",19.05,0
8207,534,2026-02-14,"Standard","Atlantic","Organic",12.75,0
8208,936,2026-04-08,"Standard","Ontario","Search",15.12,0
8209,135,2026-03-01,"Signature","Ontario","Referral",21.4,0
8210,1241,2026-05-07,"Signature","Ontario","Social",23.57,0
8211,3302,2026-06-23,"Standard","Atlantic","Social",15.33,0
8212,1133,2026-03-15,"Standard","Atlantic","Referral",15.59,0
8213,3573,2026-04-14,"Signature","Atlantic","Organic",24.51,0
8214,2650,2026-03-12,"Standard","Atlantic","Search",12.58,0
8215,3463,2026-06-19,"Standard","Atlantic","Organic",13.73,0
8216,3053,2026-05-08,"Signature","Atlantic","Social",21.05,0
8217,651,2026-06-19,"Discovery","Atlantic","Referral",31.43,0
8218,2834,2026-04-11,"Standard","Atlantic","Referral",15.52,0
8219,3478,2026-04-08,"Standard","Atlantic","Search",15.94,1
8220,1252,2026-01-30,"Discovery","Atlantic","Organic",35.25,0
8221,2866,2026-05-09,"Signature","Ontario","Social",22.06,0
8222,1580,2026-05-23,"Discovery","Ontario","Search",31.21,1
8223,2532,2026-03-04,"Standard","Atlantic","Referral",14.63,1
8224,3915,2026-05-20,"Standard","Atlantic","Organic",15.73,0
8225,59,2026-05-05,"Standard","Atlantic","Search",12.92,0
8226,1492,2026-03-02,"Standard","Atlantic","Social",9.68,0
8227,2276,2026-04-14,"Discovery","Atlantic","Search",30.57,0
8228,83,2026-01-03,"Standard","Atlantic","Referral",9.51,0
8229,2075,2026-04-30,"Standard","Ontario","Referral",14.51,0
8230,659,2026-05-02,"Discovery","Atlantic","Search",32.06,0
8231,1449,2026-02-06,"Standard","Ontario","Search",12.49,0
8232,3082,2026-06-11,"Signature","Atlantic","Organic",21.26,0
8233,674,2026-01-12,"Standard","Ontario","Search",17.09,0
8234,3464,2026-05-29,"Standard","Atlantic","Search",15.78,1
8235,1781,2026-04-30,"Standard","Ontario","Referral",14.15,1
8236,2223,2026-01-21,"Standard","Atlantic","Search",17.34,0
8237,436,2026-02-14,"Standard","Atlantic","Search",14.7,1
8238,3769,2026-06-11,"Standard","Atlantic","Organic",13.88,0
8239,682,2026-04-13,"Standard","Atlantic","Search",8.25,0
8240,505,2026-06-18,"Discovery","Atlantic","Search",29.11,1
8241,3288,2026-05-10,"Standard","Atlantic","Organic",17.56,1
8242,447,2026-04-23,"Signature","Ontario","Social",24.47,0
8243,3249,2026-04-26,"Signature","Ontario","Search",24.29,0
8244,1870,2026-01-29,"Standard","Atlantic","Referral",14.98,1
8245,1953,2026-05-30,"Standard","Atlantic","Organic",12.86,0
8246,909,2026-03-26,"Standard","Ontario","Organic",14.38,1
8247,1455,2026-04-21,"Standard","Atlantic","Organic",15.04,1
8248,3451,2026-04-22,"Signature","Atlantic","Organic",19.87,1
8249,590,2026-06-12,"Standard","Ontario","Social",11.93,0
8250,1766,2026-02-24,"Signature","Atlantic","Social",21.01,1
8251,449,2026-03-03,"Discovery","Atlantic","Organic",32.73,0
8252,2732,2026-04-12,"Discovery","Atlantic","Organic",32.5,0
8253,2672,2026-02-02,"Standard","Atlantic","Referral",17.49,1
8254,2291,2026-05-10,"Signature","Atlantic","Search",19.91,0
8255,2791,2026-02-13,"Standard","Atlantic","Organic",17.72,0
8256,1915,2026-05-14,"Discovery","Ontario","Social",33.14,0
8257,3333,2026-04-24,"Signature","Atlantic","Referral",22.1,0
8258,1152,2026-03-21,"Signature","Ontario","Organic",26.41,1
8259,2616,2026-01-28,"Standard","Atlantic","Organic",17.02,0
8260,149,2026-02-27,"Signature","Ontario","Organic",25.63,1
8261,936,2026-06-20,"Standard","Atlantic","Organic",12.05,0
8262,1180,2026-04-21,"Signature","Atlantic","Social",21.58,0
8263,3218,2026-04-18,"Signature","Atlantic","Social",21.38,0
8264,3495,2026-02-01,"Discovery","Atlantic","Search",32.1,0
8265,1756,2026-06-16,"Standard","Atlantic","Organic",15.32,1
8266,153,2026-04-04,"Standard","Atlantic","Organic",14.51,0
8267,3523,2026-06-20,"Standard","Atlantic","Search",14.22,1
8268,1143,2026-06-26,"Standard","Ontario","Search",17.66,0
8269,233,2026-04-27,"Signature","Ontario","Search",27.27,1
8270,2671,2026-05-24,"Standard","Atlantic","Referral",15.66,1
8271,224,2026-03-16,"Standard","Atlantic","Social",13.64,0
8272,1535,2026-04-05,"Signature","Atlantic","Retail_partner",26.14,0
8273,3068,2026-01-28,"Standard","Atlantic","Organic",14.86,0
8274,1889,2026-04-06,"Signature","Atlantic","Organic",26.79,0
8275,1524,2026-02-19,"Standard","Atlantic","Search",13.85,0
8276,1799,2026-02-13,"Standard","Atlantic","Retail_partner",12.13,1
8277,1029,2026-06-12,"Standard","Atlantic","Organic",13.95,0
8278,1768,2026-04-06,"Discovery","Atlantic","Search",33.22,0
8279,589,2026-03-06,"Signature","Atlantic","Organic",20.82,0
8280,1565,2026-07-01,"Standard","Atlantic","Social",14.68,0
8281,1705,2026-06-20,"Discovery","Atlantic","Organic",31.11,0
8282,558,2026-01-28,"Discovery","Atlantic","Organic",31.53,0
8283,2678,2026-02-27,"Standard","Atlantic","Search",16.19,0
8284,3142,2026-06-13,"Discovery","Atlantic","Social",27.91,0
8285,1852,2026-03-22,"Standard","Atlantic","Search",13.31,1
8286,15,2026-06-27,"Signature","Ontario","Organic",24.8,0
8287,1465,2026-05-31,"Signature","Atlantic","Organic",19.29,0
8288,1548,2026-02-12,"Standard","Ontario","Organic",14.01,0
8289,3945,2026-06-07,"Standard","Ontario","Social",15.34,0
8290,3574,2026-02-12,"Standard","Ontario","Organic",14.64,0
8291,1575,2026-01-28,"Discovery","Atlantic","Organic",34.15,1
8292,3624,2026-02-11,"Signature","Atlantic","Social",21.23,0
8293,1005,2026-05-29,"Signature","Ontario","Organic",22.09,0
8294,1315,2026-03-18,"Standard","Atlantic","Social",16.44,1
8295,1721,2026-04-03,"Standard","Atlantic","Organic",13.43,0
8296,2055,2026-04-01,"Discovery","Atlantic","Retail_partner",32.98,0
8297,219,2026-05-21,"Standard","Atlantic","Organic",19.12,0
8298,3676,2026-03-07,"Standard","Atlantic","Retail_partner",15.02,0
8299,1927,2026-04-10,"Standard","Atlantic","Organic",15.39,0
8300,3884,2026-05-27,"Standard","Atlantic","Search",13.27,1
8301,3702,2026-05-07,"Signature","Atlantic","Search",22.44,0
8302,1616,2026-07-01,"Signature","Ontario","Retail_partner",24.52,0
8303,3133,2026-04-24,"Standard","Ontario","Organic",14,0
8304,3000,2026-01-04,"Standard","Atlantic","Organic",16.93,0
8305,2524,2026-03-22,"Signature","Atlantic","Retail_partner",23.61,0
8306,1495,2026-01-23,"Signature","Atlantic","Organic",17.83,0
8307,2391,2026-04-23,"Signature","Atlantic","Retail_partner",25.2,0
8308,3260,2026-05-16,"Signature","Atlantic","Search",24.5,0
8309,3537,2026-05-05,"Standard","Atlantic","Organic",16.04,0
8310,3294,2026-05-24,"Signature","Ontario","Referral",26.93,1
8311,798,2026-03-07,"Standard","Ontario","Referral",11.8,0
8312,1031,2026-04-09,"Standard","Atlantic","Social",14.54,0
8313,2301,2026-02-21,"Standard","Atlantic","Organic",17.23,0
8314,1680,2026-01-23,"Standard","Atlantic","Referral",15.58,0
8315,1266,2026-06-10,"Signature","Ontario","Retail_partner",27.95,0
8316,748,2026-01-10,"Standard","Ontario","Referral",12.87,0
8317,1364,2026-01-21,"Signature","Ontario","Search",24.72,0
8318,3789,2026-02-08,"Signature","Atlantic","Referral",23.56,0
8319,8,2026-05-31,"Standard","Atlantic","Organic",14.16,0
8320,2541,2026-04-24,"Standard","Atlantic","Social",15.84,0
8321,3554,2026-06-14,"Standard","Atlantic","Social",13.67,0
8322,1322,2026-04-16,"Discovery","Atlantic","Search",33.61,0
8323,1065,2026-01-21,"Standard","Atlantic","Search",15.38,1
8324,930,2026-01-17,"Standard","Atlantic","Social",12.12,0
8325,1549,2026-03-06,"Discovery","Atlantic","Search",30.25,1
8326,1643,2026-06-29,"Signature","Atlantic","Referral",24.27,0
8327,1592,2026-03-05,"Signature","Ontario","Search",25.09,1
8328,3601,2026-02-11,"Signature","Atlantic","Social",24.7,0
8329,2195,2026-05-20,"Standard","Atlantic","Organic",17.81,0
8330,2236,2026-04-09,"Standard","Atlantic","Social",19.08,0
8331,2940,2026-02-05,"Standard","Ontario","Organic",13.86,0
8332,3533,2026-04-17,"Standard","Atlantic","Social",13.06,0
8333,1593,2026-05-23,"Standard","Ontario","Social",16.89,0
8334,1459,2026-06-28,"Standard","Atlantic","Search",16.3,0
8335,322,2026-05-24,"Standard","Ontario","Social",11.47,0
8336,1314,2026-04-30,"Standard","Atlantic","Organic",13.57,1
8337,1802,2026-04-27,"Standard","Atlantic","Retail_partner",12.44,0
8338,1918,2026-03-22,"Signature","Atlantic","Organic",23.84,0
8339,516,2026-02-25,"Signature","Atlantic","Organic",25.05,0
8340,3143,2026-06-01,"Signature","Atlantic","Referral",21.76,0
8341,794,2026-04-06,"Standard","Atlantic","Social",17.67,1
8342,1338,2026-06-19,"Signature","Atlantic","Referral",22.06,0
8343,3767,2026-04-03,"Signature","Ontario","Organic",25.4,0
8344,3008,2026-05-13,"Standard","Atlantic","Search",16.25,0
8345,3773,2026-01-12,"Signature","Atlantic","Organic",17.62,0
8346,3978,2026-04-04,"Discovery","Atlantic","Referral",31.28,0
8347,2129,2026-06-21,"Standard","Atlantic","Retail_partner",17.42,0
8348,2351,2026-01-26,"Signature","Atlantic","Retail_partner",24.66,1
8349,537,2026-04-14,"Standard","Atlantic","Search",17.31,1
8350,1869,2026-03-20,"Standard","Atlantic","Organic",16.12,1
8351,1956,2026-04-06,"Standard","Ontario","Social",15.65,0
8352,1447,2026-04-08,"Signature","Atlantic","Organic",24.23,0
8353,1510,2026-03-23,"Signature","Atlantic","Organic",25.77,0
8354,2317,2026-02-28,"Standard","Atlantic","Social",10.92,1
8355,1471,2026-01-12,"Standard","Atlantic","Search",13.74,1
8356,2866,2026-01-17,"Signature","Atlantic","Organic",23.25,0
8357,1033,2026-03-03,"Standard","Atlantic","Search",12.12,0
8358,428,2026-01-25,"Standard","Ontario","Referral",14.84,0
8359,2403,2026-04-16,"Standard","Atlantic","Retail_partner",16.39,0
8360,278,2026-01-04,"Signature","Atlantic","Social",22.67,0
8361,2073,2026-05-16,"Discovery","Atlantic","Organic",33.51,0
8362,352,2026-02-06,"Standard","Atlantic","Organic",15.18,0
8363,2605,2026-03-23,"Standard","Atlantic","Referral",16.88,0
8364,1894,2026-05-11,"Standard","Atlantic","Referral",15.16,1
8365,3716,2026-05-15,"Signature","Ontario","Organic",24.56,0
8366,998,2026-05-15,"Standard","Atlantic","Organic",14.83,0
8367,240,2026-02-04,"Standard","Atlantic","Search",13.65,0
8368,2459,2026-05-16,"Standard","Atlantic","Search",17.06,0
8369,2162,2026-04-29,"Standard","Atlantic","Organic",12.39,0
8370,950,2026-04-26,"Standard","Atlantic","Organic",16.89,0
8371,2871,2026-03-25,"Standard","Atlantic","Search",13.75,0
8372,2460,2026-05-28,"Standard","Atlantic","Search",15.41,1
8373,886,2026-03-14,"Standard","Atlantic","Retail_partner",14.3,0
8374,1401,2026-01-02,"Standard","Atlantic","Organic",14.84,0
8375,1509,2026-06-12,"Standard","Atlantic","Organic",15.38,1
8376,3912,2026-04-12,"Discovery","Ontario","Organic",32.42,0
8377,3083,2026-05-12,"Signature","Ontario","Retail_partner",19.19,0
8378,176,2026-03-24,"Signature","Atlantic","Retail_partner",21.52,0
8379,26,2026-01-16,"Signature","Atlantic","Organic",18.35,0
8380,661,2026-01-14,"Standard","Atlantic","Organic",11.2,1
8381,515,2026-06-24,"Standard","Ontario","Organic",15.4,0
8382,334,2026-05-04,"Standard","Atlantic","Search",13.01,0
8383,2176,2026-01-06,"Standard","Atlantic","Search",14.28,1
8384,1923,2026-03-07,"Discovery","Ontario","Referral",33,1
8385,3152,2026-05-26,"Standard","Atlantic","Organic",11.75,0
8386,1329,2026-05-16,"Signature","Atlantic","Organic",23.11,0
8387,2754,2026-01-27,"Standard","Ontario","Social",15.39,0
8388,197,2026-01-28,"Standard","Atlantic","Referral",11.42,0
8389,2582,2026-06-13,"Standard","Atlantic","Social",18.61,0
8390,3858,2026-06-25,"Standard","Atlantic","Organic",12.85,1
8391,3954,2026-05-18,"Standard","Atlantic","Retail_partner",14.79,0
8392,2705,2026-03-20,"Standard","Atlantic","Search",17.65,0
8393,2457,2026-03-04,"Standard","Atlantic","Organic",12.26,0
8394,2834,2026-01-05,"Standard","Atlantic","Organic",11.63,0
8395,1113,2026-05-03,"Standard","Atlantic","Social",15.1,1
8396,570,2026-05-09,"Standard","Atlantic","Social",16.12,0
8397,2704,2026-05-20,"Standard","Ontario","Search",13.39,0
8398,1328,2026-02-19,"Standard","Atlantic","Retail_partner",11.6,0
8399,3002,2026-04-12,"Standard","Ontario","Social",17.18,1
8400,1999,2026-06-03,"Standard","Ontario","Referral",17.18,1
8401,3615,2026-06-05,"Standard","Atlantic","Retail_partner",13.22,0
8402,1652,2026-06-12,"Discovery","Ontario","Search",33.18,1
8403,2343,2026-02-05,"Standard","Atlantic","Referral",18.96,0
8404,1551,2026-01-18,"Signature","Atlantic","Referral",27.07,1
8405,790,2026-06-15,"Standard","Atlantic","Organic",14.27,0
8406,1571,2026-04-26,"Standard","Atlantic","Search",15.93,0
8407,3171,2026-02-16,"Signature","Atlantic","Organic",22.08,0
8408,2550,2026-01-15,"Signature","Atlantic","Organic",20.25,0
8409,1230,2026-03-01,"Standard","Atlantic","Organic",16.47,0
8410,2853,2026-03-02,"Standard","Atlantic","Search",16.63,0
8411,833,2026-04-03,"Standard","Ontario","Retail_partner",15.6,1
8412,1181,2026-03-10,"Standard","Atlantic","Retail_partner",15.38,0
8413,691,2026-01-09,"Standard","Ontario","Search",16.09,0
8414,2979,2026-04-30,"Standard","Atlantic","Referral",15.97,0
8415,3018,2026-06-01,"Standard","Atlantic","Referral",11.57,1
8416,1745,2026-06-15,"Standard","Ontario","Search",17.5,1
8417,978,2026-04-20,"Standard","Atlantic","Referral",15.95,1
8418,3807,2026-06-14,"Standard","Atlantic","Retail_partner",11.93,1
8419,2885,2026-02-19,"Signature","Atlantic","Organic",21.02,0
8420,562,2026-02-25,"Standard","Ontario","Search",10.69,0
8421,3060,2026-01-09,"Standard","Atlantic","Social",16.23,0
8422,2615,2026-06-15,"Standard","Atlantic","Search",14.17,0
8423,2788,2026-02-19,"Signature","Atlantic","Search",21.56,0
8424,3772,2026-04-27,"Standard","Atlantic","Referral",16.17,0
8425,937,2026-06-06,"Signature","Atlantic","Retail_partner",25.05,0
8426,1683,2026-03-13,"Discovery","Atlantic","Organic",32.22,0
8427,3525,2026-04-27,"Signature","Atlantic","Organic",24.39,0
8428,2993,2026-01-28,"Standard","Atlantic","Social",19.14,1
8429,3554,2026-03-30,"Discovery","Atlantic","Organic",32.28,0
8430,3665,2026-05-18,"Standard","Atlantic","Retail_partner",13.92,0
8431,2352,2026-01-14,"Discovery","Atlantic","Retail_partner",33.96,0
8432,1565,2026-02-20,"Standard","Atlantic","Organic",21.47,1
8433,1518,2026-02-15,"Standard","Atlantic","Search",14.31,0
8434,3413,2026-06-22,"Signature","Atlantic","Search",22.68,1
8435,3294,2026-06-28,"Standard","Atlantic","Retail_partner",17.79,0
8436,180,2026-02-16,"Discovery","Atlantic","Social",28.94,0
8437,2431,2026-04-28,"Discovery","Atlantic","Search",29.68,0
8438,2836,2026-05-17,"Standard","Ontario","Organic",13.12,0
8439,95,2026-02-22,"Standard","Atlantic","Retail_partner",15.04,0
8440,100,2026-02-04,"Standard","Ontario","Organic",16.9,0
8441,218,2026-01-16,"Standard","Atlantic","Organic",11.02,1
8442,1686,2026-01-28,"Standard","Ontario","Social",17.81,0
8443,510,2026-03-19,"Standard","Atlantic","Organic",14.36,0
8444,591,2026-05-23,"Standard","Atlantic","Referral",15.43,0
8445,3928,2026-04-01,"Signature","Atlantic","Organic",21.67,0
8446,228,2026-04-17,"Standard","Atlantic","Organic",13.82,1
8447,2317,2026-04-24,"Standard","Atlantic","Organic",15.3,0
8448,3993,2026-01-27,"Standard","Atlantic","Organic",10.2,1
8449,2148,2026-03-09,"Standard","Atlantic","Referral",16.64,0
8450,2689,2026-04-03,"Signature","Atlantic","Organic",20.48,1
8451,499,2026-02-13,"Standard","Atlantic","Social",14.33,0
8452,2583,2026-04-26,"Standard","Atlantic","Organic",14.31,1
8453,3044,2026-05-30,"Signature","Atlantic","Organic",25.11,0
8454,1952,2026-06-27,"Signature","Atlantic","Referral",21.14,0
8455,2982,2026-06-03,"Standard","Atlantic","Social",13.37,0
8456,341,2026-03-10,"Standard","Atlantic","Social",18.82,0
8457,3371,2026-06-03,"Standard","Atlantic","Organic",11.34,1
8458,787,2026-03-15,"Standard","Atlantic","Social",14.73,0
8459,2177,2026-03-31,"Standard","Atlantic","Referral",19.86,0
8460,2826,2026-05-04,"Signature","Ontario","Retail_partner",21.91,1
8461,169,2026-06-20,"Discovery","Atlantic","Organic",31.15,0
8462,3392,2026-03-15,"Discovery","Atlantic","Search",35.19,0
8463,2380,2026-06-12,"Standard","Atlantic","Search",15.81,0
8464,1599,2026-01-17,"Discovery","Atlantic","Social",31.28,0
8465,733,2026-03-08,"Standard","Atlantic","Organic",13.93,0
8466,3529,2026-06-28,"Standard","Atlantic","Referral",17.29,0
8467,347,2026-03-21,"Standard","Atlantic","Referral",16.01,0
8468,1908,2026-01-11,"Standard","Atlantic","Social",13.41,1
8469,3562,2026-02-16,"Signature","Ontario","Organic",26.75,0
8470,1490,2026-03-30,"Standard","Ontario","Organic",11.96,0
8471,3903,2026-05-08,"Standard","Ontario","Organic",16.04,0
8472,2720,2026-05-19,"Discovery","Atlantic","Organic",35.58,0
8473,3762,2026-05-21,"Standard","Ontario","Search",14.59,0
8474,922,2026-06-21,"Standard","Atlantic","Organic",11.07,1
8475,1663,2026-02-18,"Standard","Atlantic","Search",10.49,1
8476,162,2026-06-22,"Discovery","Atlantic","Organic",30.89,0
8477,405,2026-04-06,"Signature","Atlantic","Organic",20.16,1
8478,1084,2026-04-22,"Discovery","Atlantic","Search",34.63,0
8479,1395,2026-06-29,"Discovery","Ontario","Social",30.6,0
8480,3901,2026-02-17,"Signature","Atlantic","Search",23.56,0
8481,428,2026-06-09,"Signature","Ontario","Search",28.16,0
8482,1203,2026-01-23,"Standard","Atlantic","Search",14.44,0
8483,684,2026-04-27,"Standard","Atlantic","Social",11.63,0
8484,533,2026-06-06,"Standard","Atlantic","Organic",19.48,0
8485,2625,2026-05-07,"Standard","Ontario","Organic",16.39,1
8486,3862,2026-01-27,"Standard","Atlantic","Retail_partner",16.79,0
8487,3210,2026-04-05,"Signature","Ontario","Organic",23.43,0
8488,3947,2026-03-04,"Signature","Atlantic","Social",21.19,1
8489,1794,2026-03-21,"Standard","Atlantic","Organic",16.82,1
8490,745,2026-03-04,"Standard","Atlantic","Social",19.55,0
8491,1956,2026-05-02,"Signature","Atlantic","Retail_partner",25.39,1
8492,1579,2026-03-21,"Signature","Ontario","Referral",25.89,0
8493,3833,2026-06-05,"Signature","Atlantic","Referral",21.2,0
8494,3362,2026-06-26,"Standard","Atlantic","Organic",13.79,0
8495,3250,2026-01-08,"Standard","Atlantic","Search",16.83,0
8496,2116,2026-02-05,"Standard","Atlantic","Search",13.21,0
8497,1037,2026-06-18,"Standard","Atlantic","Search",11.89,1
8498,3568,2026-02-27,"Signature","Atlantic","Search",24.63,0
8499,1672,2026-01-28,"Signature","Ontario","Search",26.03,1
8500,2067,2026-04-14,"Standard","Atlantic","Retail_partner",17.91,0
8501,1568,2026-02-09,"Signature","Ontario","Social",21.4,0
8502,1814,2026-04-18,"Signature","Atlantic","Organic",23.3,0
8503,1157,2026-01-20,"Signature","Atlantic","Search",21.32,0
8504,2662,2026-01-09,"Standard","Atlantic","Referral",14.99,0
8505,2506,2026-03-15,"Standard","Ontario","Organic",14.68,0
8506,153,2026-05-20,"Discovery","Atlantic","Search",29.79,0
8507,549,2026-04-01,"Standard","Atlantic","Organic",14.47,1
8508,809,2026-01-15,"Discovery","Atlantic","Organic",29.35,0
8509,3617,2026-01-30,"Standard","Atlantic","Referral",15.9,1
8510,1771,2026-06-30,"Standard","Atlantic","Organic",19.27,0
8511,1274,2026-01-10,"Signature","Atlantic","Retail_partner",21.03,0
8512,284,2026-05-26,"Standard","Atlantic","Organic",14.92,0
8513,1148,2026-01-07,"Signature","Ontario","Organic",28.45,0
8514,1275,2026-04-26,"Discovery","Atlantic","Retail_partner",32.03,0
8515,1439,2026-02-10,"Discovery","Atlantic","Social",31.23,0
8516,650,2026-06-27,"Discovery","Atlantic","Social",35.15,1
8517,3389,2026-03-12,"Standard","Atlantic","Search",21.5,0
8518,3400,2026-06-28,"Discovery","Ontario","Search",31.43,0
8519,483,2026-06-19,"Standard","Ontario","Retail_partner",14.73,0
8520,2512,2026-03-11,"Signature","Ontario","Social",19.86,0
8521,2538,2026-05-31,"Standard","Atlantic","Referral",14.95,1
8522,2732,2026-03-07,"Standard","Atlantic","Social",14.95,1
8523,712,2026-02-16,"Discovery","Ontario","Social",33.02,1
8524,2145,2026-03-22,"Signature","Atlantic","Search",22.42,0
8525,2489,2026-04-05,"Standard","Atlantic","Retail_partner",16.17,0
8526,1388,2026-05-10,"Standard","Atlantic","Search",12.63,0
8527,1440,2026-02-06,"Signature","Atlantic","Search",22.55,0
8528,1627,2026-06-24,"Discovery","Ontario","Organic",32,0
8529,448,2026-02-17,"Standard","Ontario","Social",13.28,0
8530,2120,2026-04-06,"Signature","Atlantic","Retail_partner",22.76,0
8531,2747,2026-04-24,"Signature","Atlantic","Referral",21.71,0
8532,66,2026-03-22,"Standard","Ontario","Organic",17.7,0
8533,1014,2026-06-13,"Signature","Atlantic","Retail_partner",22.09,0
8534,824,2026-05-29,"Standard","Atlantic","Referral",11.92,1
8535,2223,2026-05-05,"Signature","Atlantic","Referral",20.56,0
8536,3793,2026-01-18,"Signature","Atlantic","Organic",23.76,0
8537,2745,2026-05-06,"Standard","Atlantic","Referral",13.67,0
8538,3088,2026-06-03,"Standard","Atlantic","Social",14.27,1
8539,1011,2026-05-19,"Standard","Ontario","Social",12.03,0
8540,1330,2026-01-14,"Standard","Atlantic","Referral",10.51,0
8541,3876,2026-05-18,"Standard","Atlantic","Social",18.81,1
8542,2899,2026-01-10,"Signature","Atlantic","Organic",25.39,0
8543,2225,2026-04-15,"Signature","Atlantic","Organic",23.9,0
8544,328,2026-01-17,"Signature","Atlantic","Organic",21.66,1
8545,781,2026-01-24,"Standard","Ontario","Organic",12.71,0
8546,2161,2026-01-14,"Standard","Atlantic","Referral",14.53,0
8547,2659,2026-02-06,"Standard","Atlantic","Referral",17.09,0
8548,1025,2026-02-20,"Signature","Atlantic","Social",24.42,0
8549,3386,2026-04-02,"Signature","Atlantic","Social",23.65,0
8550,3332,2026-04-27,"Standard","Atlantic","Search",14.7,1
8551,2360,2026-01-16,"Signature","Atlantic","Search",27.21,0
8552,2322,2026-03-12,"Discovery","Atlantic","Referral",28.42,0
8553,1529,2026-01-25,"Standard","Atlantic","Search",10.48,0
8554,3813,2026-05-26,"Signature","Atlantic","Social",22.49,0
8555,1813,2026-01-27,"Standard","Atlantic","Referral",16.35,0
8556,2957,2026-02-10,"Discovery","Atlantic","Referral",29.46,0
8557,606,2026-06-15,"Standard","Atlantic","Organic",16.51,1
8558,3412,2026-06-12,"Discovery","Atlantic","Organic",28.83,0
8559,1042,2026-06-29,"Standard","Atlantic","Search",10.14,0
8560,3135,2026-03-16,"Discovery","Atlantic","Social",35.91,0
8561,2437,2026-06-29,"Standard","Atlantic","Search",13.01,0
8562,267,2026-04-30,"Signature","Atlantic","Organic",23.37,0
8563,1618,2026-04-03,"Standard","Atlantic","Search",14.27,0
8564,670,2026-01-24,"Standard","Atlantic","Retail_partner",16.73,0
8565,3561,2026-04-20,"Standard","Atlantic","Search",12.48,1
8566,2088,2026-01-12,"Standard","Ontario","Social",19.26,0
8567,1683,2026-03-06,"Standard","Ontario","Organic",13.75,0
8568,2967,2026-06-07,"Signature","Atlantic","Search",21.78,0
8569,3512,2026-06-13,"Standard","Atlantic","Search",13.8,0
8570,2530,2026-04-30,"Standard","Atlantic","Organic",12.91,1
8571,2598,2026-01-08,"Standard","Atlantic","Search",17.85,1
8572,3842,2026-03-24,"Standard","Ontario","Social",11.33,0
8573,373,2026-03-03,"Standard","Atlantic","Organic",13.64,0
8574,962,2026-04-08,"Signature","Atlantic","Organic",24.38,0
8575,2406,2026-01-10,"Standard","Atlantic","Search",16.17,0
8576,869,2026-03-30,"Signature","Ontario","Search",23.08,0
8577,3774,2026-06-08,"Standard","Atlantic","Organic",16.42,0
8578,2779,2026-05-19,"Standard","Atlantic","Referral",17.32,0
8579,1837,2026-05-27,"Standard","Atlantic","Search",15.29,0
8580,631,2026-04-17,"Signature","Atlantic","Social",19.98,0
8581,2824,2026-02-09,"Discovery","Atlantic","Referral",29.6,0
8582,2496,2026-01-02,"Standard","Atlantic","Social",15.35,1
8583,1070,2026-02-07,"Standard","Atlantic","Social",18.52,0
8584,1815,2026-06-10,"Standard","Ontario","Social",13.34,0
8585,3232,2026-06-10,"Discovery","Atlantic","Referral",30.07,0
8586,1009,2026-07-01,"Standard","Ontario","Referral",14.53,0
8587,2204,2026-03-09,"Standard","Atlantic","Organic",11.69,1
8588,3096,2026-05-25,"Signature","Atlantic","Retail_partner",19.61,0
8589,1581,2026-01-09,"Standard","Ontario","Referral",14.64,0
8590,1330,2026-06-09,"Standard","Ontario","Search",18.22,0
8591,1059,2026-04-22,"Standard","Atlantic","Referral",12.84,0
8592,764,2026-05-08,"Standard","Atlantic","Referral",16.31,1
8593,1618,2026-04-05,"Standard","Atlantic","Organic",16.47,0
8594,1704,2026-06-12,"Signature","Atlantic","Organic",20.52,0
8595,2254,2026-02-06,"Discovery","Atlantic","Organic",30.07,0
8596,132,2026-04-25,"Standard","Atlantic","Social",15.33,0
8597,3596,2026-06-24,"Discovery","Atlantic","Organic",31.83,0
8598,3822,2026-04-15,"Standard","Atlantic","Search",15.51,1
8599,3178,2026-01-01,"Standard","Atlantic","Organic",16.8,0
8600,2360,2026-01-16,"Standard","Atlantic","Search",15.94,0
8601,409,2026-02-06,"Standard","Atlantic","Search",14.22,0
8602,130,2026-02-06,"Signature","Atlantic","Organic",24.6,0
8603,1547,2026-06-10,"Standard","Atlantic","Social",17.23,1
8604,1253,2026-02-27,"Standard","Ontario","Organic",14.38,0
8605,703,2026-07-01,"Standard","Ontario","Retail_partner",16.98,0
8606,2559,2026-05-31,"Standard","Atlantic","Referral",13.27,0
8607,2267,2026-03-01,"Signature","Atlantic","Search",22.87,0
8608,3209,2026-01-05,"Standard","Ontario","Referral",15.84,0
8609,737,2026-06-08,"Signature","Atlantic","Organic",24.99,0
8610,3700,2026-04-29,"Standard","Ontario","Organic",16.16,0
8611,1783,2026-03-05,"Standard","Atlantic","Retail_partner",16.75,0
8612,1600,2026-01-03,"Standard","Atlantic","Organic",13.56,0
8613,1731,2026-04-28,"Discovery","Atlantic","Search",32.81,0
8614,2070,2026-04-22,"Standard","Ontario","Organic",15.72,0
8615,3336,2026-06-17,"Standard","Atlantic","Retail_partner",15.19,0
8616,1192,2026-03-25,"Standard","Atlantic","Organic",13.46,0
8617,2805,2026-06-04,"Discovery","Ontario","Social",32.08,0
8618,2892,2026-05-05,"Standard","Atlantic","Organic",16.08,0
8619,332,2026-04-05,"Signature","Atlantic","Referral",23.71,1
8620,3331,2026-02-01,"Standard","Ontario","Organic",17.42,0
8621,3343,2026-01-09,"Signature","Ontario","Organic",22.97,0
8622,3023,2026-03-24,"Discovery","Atlantic","Referral",32.39,0
8623,2364,2026-04-30,"Standard","Atlantic","Referral",16.8,0
8624,3891,2026-01-18,"Signature","Ontario","Search",24.33,0
8625,1258,2026-05-29,"Standard","Atlantic","Retail_partner",16.26,0
8626,3818,2026-04-17,"Standard","Atlantic","Organic",13.49,0
8627,795,2026-06-27,"Standard","Atlantic","Organic",8.7,0
8628,2806,2026-01-25,"Discovery","Atlantic","Retail_partner",36.72,0
8629,543,2026-04-03,"Discovery","Atlantic","Organic",31,0
8630,1501,2026-03-30,"Standard","Atlantic","Social",20.55,0
8631,1072,2026-06-17,"Standard","Ontario","Organic",16.33,0
8632,373,2026-06-08,"Standard","Atlantic","Search",12.32,0
8633,2266,2026-04-14,"Standard","Atlantic","Social",19.89,0
8634,966,2026-06-13,"Standard","Atlantic","Social",16.61,0
8635,2719,2026-04-24,"Standard","Ontario","Organic",22.08,1
8636,2481,2026-06-17,"Signature","Atlantic","Search",21.79,0
8637,3716,2026-01-13,"Discovery","Atlantic","Retail_partner",34.39,0
8638,605,2026-06-05,"Signature","Atlantic","Search",24.73,0
8639,2694,2026-01-17,"Discovery","Atlantic","Social",31.59,0
8640,2005,2026-05-16,"Signature","Atlantic","Social",20.19,0
8641,2000,2026-03-26,"Standard","Atlantic","Organic",14.4,1
8642,2946,2026-05-08,"Signature","Atlantic","Organic",21.55,0
8643,311,2026-03-13,"Standard","Atlantic","Referral",11.28,1
8644,2022,2026-03-21,"Standard","Atlantic","Social",17.13,1
8645,1436,2026-06-27,"Signature","Atlantic","Referral",25.75,0
8646,215,2026-01-18,"Standard","Atlantic","Referral",8.9,0
8647,3235,2026-01-25,"Signature","Atlantic","Organic",25.52,1
8648,3545,2026-02-10,"Signature","Atlantic","Organic",23.55,1
8649,1815,2026-01-14,"Standard","Atlantic","Social",13.42,0
8650,906,2026-01-02,"Signature","Atlantic","Referral",25.07,0
8651,366,2026-04-20,"Standard","Atlantic","Organic",13,0
8652,3756,2026-02-20,"Standard","Ontario","Referral",16.63,0
8653,2680,2026-05-13,"Standard","Atlantic","Social",18.6,0
8654,2643,2026-01-21,"Signature","Atlantic","Organic",20.12,1
8655,212,2026-02-19,"Signature","Atlantic","Organic",22.67,1
8656,2626,2026-01-04,"Standard","Ontario","Search",15.81,0
8657,225,2026-03-13,"Signature","Atlantic","Social",19.81,0
8658,426,2026-04-17,"Signature","Atlantic","Organic",20.26,1
8659,1216,2026-02-14,"Discovery","Atlantic","Organic",32.09,0
8660,3044,2026-05-27,"Standard","Atlantic","Search",12.81,0
8661,586,2026-06-06,"Signature","Ontario","Retail_partner",23.25,0
8662,1353,2026-05-26,"Standard","Atlantic","Social",14.78,0
8663,1904,2026-01-13,"Standard","Atlantic","Organic",13.34,1
8664,1607,2026-05-14,"Signature","Atlantic","Retail_partner",18.58,0
8665,2464,2026-04-30,"Standard","Atlantic","Retail_partner",14.09,1
8666,1597,2026-01-27,"Standard","Atlantic","Organic",17.48,1
8667,2958,2026-01-05,"Signature","Atlantic","Social",25.58,0
8668,1649,2026-05-02,"Standard","Atlantic","Organic",19.34,0
8669,946,2026-05-19,"Signature","Atlantic","Social",19.79,0
8670,1878,2026-04-04,"Standard","Atlantic","Retail_partner",16.68,1
8671,1618,2026-02-26,"Standard","Atlantic","Search",16.07,1
8672,3575,2026-01-16,"Signature","Atlantic","Retail_partner",19.26,0
8673,3386,2026-03-18,"Standard","Atlantic","Organic",10.44,0
8674,3719,2026-06-07,"Standard","Atlantic","Search",11.79,1
8675,3063,2026-03-30,"Signature","Atlantic","Search",20.07,1
8676,398,2026-05-12,"Signature","Atlantic","Referral",22.74,1
8677,739,2026-02-19,"Standard","Atlantic","Social",16.77,0
8678,2494,2026-06-25,"Signature","Atlantic","Retail_partner",20.76,1
8679,1593,2026-03-07,"Discovery","Atlantic","Social",32.01,0
8680,830,2026-04-05,"Discovery","Atlantic","Organic",31.19,0
8681,1437,2026-05-01,"Discovery","Atlantic","Organic",34.44,0
8682,2028,2026-04-04,"Discovery","Atlantic","Social",41.68,0
8683,2266,2026-06-26,"Signature","Atlantic","Organic",24.33,1
8684,1123,2026-06-27,"Standard","Atlantic","Organic",15.59,0
8685,3776,2026-01-26,"Signature","Atlantic","Social",22.05,0
8686,2210,2026-05-11,"Standard","Atlantic","Retail_partner",15.15,0
8687,1298,2026-02-09,"Signature","Atlantic","Organic",26.11,0
8688,1642,2026-03-29,"Standard","Atlantic","Referral",10.38,1
8689,2379,2026-03-22,"Signature","Atlantic","Retail_partner",22.98,0
8690,3497,2026-02-21,"Standard","Atlantic","Social",11.09,0
8691,1835,2026-05-19,"Signature","Atlantic","Organic",22.32,0
8692,709,2026-05-01,"Signature","Ontario","Social",24.72,0
8693,456,2026-05-27,"Signature","Atlantic","Search",25.71,0
8694,3288,2026-01-19,"Standard","Atlantic","Organic",12.94,0
8695,30,2026-03-24,"Standard","Atlantic","Search",17.84,0
8696,771,2026-03-16,"Signature","Atlantic","Retail_partner",23.77,0
8697,760,2026-03-31,"Standard","Ontario","Social",12.78,0
8698,1804,2026-05-01,"Signature","Atlantic","Referral",22.53,0
8699,717,2026-01-08,"Discovery","Atlantic","Organic",34.64,0
8700,2194,2026-04-11,"Standard","Atlantic","Search",17.72,1
8701,30,2026-02-02,"Signature","Atlantic","Retail_partner",18.59,0
8702,3357,2026-06-29,"Standard","Ontario","Referral",15.46,0
8703,2136,2026-04-01,"Standard","Atlantic","Referral",12.87,0
8704,2028,2026-03-05,"Signature","Atlantic","Social",25.94,0
8705,1331,2026-01-29,"Standard","Ontario","Organic",14.89,1
8706,279,2026-04-15,"Standard","Atlantic","Search",13.34,0
8707,2126,2026-05-11,"Discovery","Atlantic","Search",32.9,0
8708,140,2026-01-08,"Signature","Ontario","Referral",22.93,0
8709,1684,2026-06-27,"Standard","Atlantic","Social",10.96,0
8710,2125,2026-01-01,"Discovery","Ontario","Referral",33.19,0
8711,3194,2026-01-04,"Signature","Atlantic","Organic",19.87,0
8712,2942,2026-04-20,"Standard","Atlantic","Social",16.19,0
8713,1927,2026-04-10,"Standard","Atlantic","Organic",12.06,0
8714,3576,2026-04-19,"Signature","Ontario","Social",27.72,0
8715,2724,2026-06-11,"Standard","Atlantic","Organic",11.47,0
8716,1841,2026-04-25,"Discovery","Atlantic","Search",33.66,0
8717,2963,2026-03-15,"Standard","Atlantic","Organic",17.64,0
8718,3285,2026-03-19,"Standard","Atlantic","Search",18.26,1
8719,2856,2026-04-21,"Discovery","Atlantic","Referral",29.77,0
8720,572,2026-05-21,"Standard","Atlantic","Retail_partner",19.59,0
8721,3047,2026-03-18,"Standard","Atlantic","Organic",14.56,1
8722,668,2026-04-04,"Discovery","Atlantic","Social",32.85,0
8723,2634,2026-02-15,"Signature","Atlantic","Organic",24.16,0
8724,906,2026-02-18,"Discovery","Atlantic","Search",36.17,0
8725,3801,2026-04-28,"Discovery","Atlantic","Retail_partner",34.83,1
8726,1519,2026-04-22,"Standard","Atlantic","Social",16.21,1
8727,2310,2026-02-24,"Standard","Ontario","Retail_partner",19.22,0
8728,541,2026-04-22,"Signature","Atlantic","Social",19.93,1
8729,3506,2026-02-08,"Standard","Atlantic","Organic",13.45,0
8730,3290,2026-06-24,"Standard","Atlantic","Organic",20.35,0
8731,2043,2026-03-05,"Standard","Ontario","Search",15.82,1
8732,3784,2026-06-06,"Signature","Atlantic","Search",18.76,0
8733,42,2026-05-22,"Standard","Atlantic","Retail_partner",19.03,1
8734,1746,2026-05-31,"Standard","Atlantic","Social",13.13,0
8735,1647,2026-01-02,"Signature","Atlantic","Search",20.61,0
8736,262,2026-04-23,"Standard","Atlantic","Organic",10.72,0
8737,1354,2026-01-02,"Signature","Ontario","Retail_partner",22.84,0
8738,790,2026-06-07,"Standard","Atlantic","Organic",17.94,0
8739,1040,2026-03-23,"Standard","Ontario","Referral",12.71,0
8740,310,2026-02-18,"Standard","Atlantic","Organic",12.64,1
8741,3589,2026-04-06,"Discovery","Atlantic","Social",35.57,0
8742,3444,2026-03-12,"Signature","Atlantic","Organic",22.76,1
8743,657,2026-02-06,"Signature","Atlantic","Referral",24.98,0
8744,2429,2026-06-18,"Signature","Atlantic","Social",22.16,0
8745,452,2026-01-30,"Signature","Atlantic","Retail_partner",21.96,0
8746,2994,2026-03-15,"Signature","Ontario","Organic",20.38,0
8747,119,2026-07-01,"Signature","Ontario","Organic",23.43,0
8748,3758,2026-01-12,"Discovery","Ontario","Organic",34.19,0
8749,917,2026-04-10,"Standard","Atlantic","Social",10.59,1
8750,744,2026-05-24,"Standard","Atlantic","Organic",14.33,0
8751,2086,2026-02-02,"Signature","Atlantic","Social",23.19,0
8752,3382,2026-02-06,"Discovery","Atlantic","Organic",29.79,0
8753,2193,2026-01-24,"Standard","Atlantic","Social",15.5,0
8754,98,2026-06-11,"Signature","Atlantic","Retail_partner",23.87,0
8755,3521,2026-06-26,"Standard","Atlantic","Referral",17.17,1
8756,2189,2026-04-18,"Standard","Atlantic","Retail_partner",20.21,0
8757,2041,2026-03-24,"Signature","Atlantic","Organic",21.95,0
8758,340,2026-02-21,"Signature","Atlantic","Search",19.16,0
8759,1672,2026-01-31,"Standard","Atlantic","Retail_partner",14.21,1
8760,140,2026-03-19,"Discovery","Atlantic","Search",34.67,0
8761,2618,2026-05-19,"Signature","Atlantic","Referral",23.1,0
8762,1803,2026-04-17,"Standard","Atlantic","Social",11.52,0
8763,2728,2026-05-15,"Standard","Ontario","Organic",14.34,0
8764,3224,2026-05-31,"Discovery","Atlantic","Organic",30.32,0
8765,1335,2026-02-25,"Standard","Ontario","Retail_partner",14.87,0
8766,2758,2026-04-28,"Standard","Atlantic","Social",14.48,0
8767,2062,2026-04-09,"Standard","Atlantic","Referral",15.97,0
8768,584,2026-03-06,"Discovery","Atlantic","Referral",24.91,0
8769,1622,2026-05-17,"Signature","Atlantic","Organic",25.48,1
8770,2540,2026-04-02,"Standard","Atlantic","Search",9.33,0
8771,2565,2026-02-10,"Signature","Ontario","Search",26.85,0
8772,669,2026-04-14,"Standard","Atlantic","Retail_partner",16.25,0
8773,172,2026-01-07,"Signature","Atlantic","Social",16.83,0
8774,2639,2026-02-10,"Signature","Ontario","Organic",23.8,0
8775,653,2026-05-20,"Standard","Atlantic","Organic",11.01,1
8776,2167,2026-04-29,"Signature","Atlantic","Organic",24.76,0
8777,673,2026-03-19,"Signature","Atlantic","Retail_partner",21,0
8778,360,2026-02-20,"Standard","Atlantic","Retail_partner",15.2,0
8779,2766,2026-04-11,"Discovery","Atlantic","Social",29.89,0
8780,944,2026-06-19,"Discovery","Atlantic","Search",32.74,1
8781,305,2026-04-25,"Signature","Atlantic","Search",23.45,1
8782,1829,2026-04-25,"Standard","Atlantic","Organic",16.59,0
8783,239,2026-01-22,"Standard","Atlantic","Search",15.91,0
8784,1858,2026-01-26,"Standard","Atlantic","Social",14,1
8785,3053,2026-04-12,"Standard","Atlantic","Social",13.55,0
8786,376,2026-05-30,"Signature","Atlantic","Search",24.58,0
8787,829,2026-04-26,"Standard","Ontario","Organic",13.19,0
8788,2240,2026-06-15,"Standard","Atlantic","Search",13.04,0
8789,3541,2026-06-25,"Discovery","Atlantic","Referral",35.52,0
8790,1607,2026-06-21,"Standard","Atlantic","Referral",16.24,1
8791,3625,2026-04-13,"Standard","Atlantic","Organic",13.74,0
8792,3074,2026-06-09,"Standard","Atlantic","Search",10.79,0
8793,1146,2026-05-21,"Signature","Atlantic","Social",17.56,0
8794,2659,2026-02-19,"Signature","Ontario","Organic",19.27,0
8795,1831,2026-01-01,"Signature","Ontario","Referral",25.15,1
8796,2150,2026-02-17,"Signature","Atlantic","Organic",20.61,1
8797,3412,2026-06-28,"Standard","Ontario","Organic",14.55,0
8798,1150,2026-05-30,"Signature","Ontario","Referral",24.77,0
8799,3538,2026-04-14,"Signature","Atlantic","Social",19.46,0
8800,2112,2026-01-16,"Standard","Atlantic","Search",19.47,0
8801,1025,2026-06-28,"Standard","Atlantic","Retail_partner",15.25,1
8802,2423,2026-01-13,"Standard","Atlantic","Retail_partner",15.23,0
8803,167,2026-03-10,"Standard","Atlantic","Social",13.64,0
8804,3780,2026-02-13,"Standard","Atlantic","Retail_partner",16.51,0
8805,533,2026-02-09,"Standard","Atlantic","Organic",13.32,0
8806,1587,2026-06-14,"Standard","Atlantic","Organic",14.92,0
8807,1848,2026-04-20,"Standard","Atlantic","Search",15.8,0
8808,2980,2026-03-30,"Signature","Atlantic","Social",21.05,1
8809,2447,2026-04-03,"Standard","Ontario","Organic",12.52,1
8810,2668,2026-03-14,"Standard","Atlantic","Organic",14.31,0
8811,911,2026-06-23,"Standard","Atlantic","Search",12.28,1
8812,2079,2026-06-23,"Signature","Atlantic","Social",22.85,0
8813,2851,2026-06-07,"Discovery","Ontario","Organic",32.99,0
8814,3231,2026-02-22,"Standard","Atlantic","Social",17.55,0
8815,35,2026-01-05,"Signature","Atlantic","Organic",27.41,0
8816,1213,2026-06-11,"Standard","Atlantic","Organic",13.12,0
8817,3156,2026-05-01,"Standard","Atlantic","Organic",14.54,0
8818,356,2026-03-21,"Standard","Atlantic","Retail_partner",11.76,0
8819,791,2026-03-04,"Signature","Atlantic","Search",23.82,1
8820,1122,2026-01-07,"Signature","Atlantic","Organic",21.77,0
8821,3374,2026-05-02,"Standard","Atlantic","Search",15.15,0
8822,3103,2026-06-15,"Signature","Atlantic","Organic",23.23,0
8823,2403,2026-05-08,"Signature","Atlantic","Search",23.58,0
8824,1149,2026-06-09,"Standard","Atlantic","Search",16.44,0
8825,3809,2026-04-05,"Standard","Atlantic","Social",11.87,0
8826,869,2026-03-09,"Signature","Atlantic","Search",21.93,1
8827,3521,2026-05-10,"Signature","Atlantic","Organic",19.92,0
8828,2181,2026-03-11,"Standard","Atlantic","Organic",15.29,1
8829,2772,2026-01-04,"Standard","Atlantic","Search",17.34,0
8830,2842,2026-05-23,"Signature","Ontario","Referral",21.97,0
8831,3118,2026-03-28,"Standard","Atlantic","Referral",15.82,1
8832,631,2026-06-28,"Standard","Atlantic","Retail_partner",16.31,1
8833,571,2026-04-06,"Standard","Atlantic","Retail_partner",14.9,0
8834,2308,2026-04-27,"Standard","Atlantic","Retail_partner",12.65,1
8835,2766,2026-05-06,"Standard","Atlantic","Social",19.5,0
8836,1245,2026-01-14,"Signature","Atlantic","Organic",22.63,0
8837,1759,2026-04-07,"Signature","Ontario","Organic",21.04,1
8838,673,2026-02-07,"Standard","Ontario","Social",15.47,0
8839,3190,2026-04-18,"Standard","Ontario","Organic",18.06,1
8840,3113,2026-03-09,"Signature","Atlantic","Search",27.04,0
8841,806,2026-02-27,"Standard","Ontario","Organic",14,0
8842,1474,2026-05-05,"Discovery","Ontario","Social",35.83,0
8843,1229,2026-07-01,"Standard","Ontario","Organic",15.93,1
8844,3434,2026-01-09,"Standard","Atlantic","Retail_partner",11.74,0
8845,704,2026-04-10,"Discovery","Atlantic","Organic",32.12,0
8846,2085,2026-03-22,"Signature","Ontario","Social",28.15,0
8847,132,2026-03-02,"Discovery","Atlantic","Social",30.54,0
8848,628,2026-02-06,"Discovery","Atlantic","Organic",38.89,0
8849,2018,2026-04-01,"Discovery","Ontario","Search",30.42,0
8850,3989,2026-01-07,"Standard","Atlantic","Organic",17.03,0
8851,2589,2026-04-06,"Standard","Atlantic","Social",16.89,0
8852,2591,2026-01-08,"Standard","Atlantic","Search",14.72,0
8853,489,2026-01-21,"Standard","Atlantic","Referral",10.5,0
8854,293,2026-05-16,"Standard","Atlantic","Referral",14.1,0
8855,1672,2026-06-21,"Standard","Atlantic","Organic",18.23,0
8856,652,2026-06-19,"Standard","Atlantic","Search",16.06,1
8857,1313,2026-01-10,"Discovery","Atlantic","Social",34.96,1
8858,1122,2026-05-05,"Signature","Atlantic","Organic",23.48,0
8859,1661,2026-06-24,"Discovery","Ontario","Referral",31.08,0
8860,1926,2026-05-12,"Signature","Atlantic","Organic",24.04,0
8861,3807,2026-02-23,"Discovery","Atlantic","Organic",32.72,0
8862,1337,2026-05-27,"Signature","Atlantic","Social",22.32,0
8863,1116,2026-05-25,"Signature","Atlantic","Organic",24.76,0
8864,1617,2026-04-03,"Standard","Ontario","Search",15.92,1
8865,2404,2026-06-09,"Standard","Atlantic","Referral",16.98,0
8866,278,2026-05-21,"Discovery","Atlantic","Referral",30.93,1
8867,2996,2026-01-08,"Discovery","Ontario","Search",34.08,0
8868,302,2026-06-12,"Standard","Atlantic","Referral",15.84,0
8869,3294,2026-03-31,"Standard","Atlantic","Organic",13.74,1
8870,3044,2026-01-29,"Signature","Atlantic","Organic",23.78,0
8871,3645,2026-05-17,"Standard","Atlantic","Social",14.47,0
8872,2768,2026-06-24,"Signature","Atlantic","Retail_partner",26.03,0
8873,1923,2026-01-28,"Signature","Atlantic","Organic",23.04,0
8874,2790,2026-02-05,"Signature","Atlantic","Search",21.07,1
8875,175,2026-04-13,"Standard","Ontario","Social",23.03,1
8876,3671,2026-03-26,"Standard","Atlantic","Organic",8.1,0
8877,2701,2026-02-25,"Standard","Ontario","Organic",10.54,0
8878,1640,2026-01-23,"Signature","Ontario","Search",21.54,0
8879,2526,2026-02-10,"Standard","Atlantic","Referral",13.05,0
8880,674,2026-03-22,"Signature","Atlantic","Social",26.37,1
8881,3706,2026-03-18,"Standard","Atlantic","Search",12.56,1
8882,951,2026-03-06,"Discovery","Ontario","Referral",38.14,0
8883,3514,2026-01-14,"Standard","Atlantic","Social",14.77,1
8884,1829,2026-02-08,"Standard","Ontario","Organic",15.05,0
8885,1719,2026-06-07,"Signature","Atlantic","Organic",28.88,0
8886,535,2026-02-09,"Signature","Atlantic","Referral",18.83,0
8887,2898,2026-03-17,"Standard","Atlantic","Social",18.33,0
8888,3140,2026-05-14,"Standard","Atlantic","Search",14.4,1
8889,1983,2026-03-08,"Signature","Atlantic","Referral",19.26,0
8890,3859,2026-02-27,"Standard","Atlantic","Organic",10.4,1
8891,3667,2026-03-02,"Signature","Atlantic","Search",20.16,0
8892,1355,2026-01-19,"Signature","Atlantic","Retail_partner",18.73,0
8893,3586,2026-02-11,"Standard","Atlantic","Organic",10.01,1
8894,3295,2026-03-01,"Standard","Atlantic","Organic",19.81,0
8895,1189,2026-01-06,"Standard","Ontario","Social",16.35,0
8896,2182,2026-04-30,"Signature","Atlantic","Search",23.09,1
8897,3248,2026-03-23,"Standard","Atlantic","Search",16.1,1
8898,441,2026-05-27,"Discovery","Ontario","Retail_partner",37.23,0
8899,2626,2026-02-07,"Signature","Atlantic","Search",19.88,0
8900,3667,2026-04-26,"Standard","Ontario","Social",14.88,0
8901,2844,2026-04-04,"Discovery","Atlantic","Organic",30.62,0
8902,2032,2026-02-04,"Signature","Ontario","Organic",21.75,1
8903,624,2026-04-11,"Standard","Atlantic","Search",17.82,0
8904,1294,2026-01-01,"Discovery","Ontario","Social",33.07,0
8905,761,2026-06-11,"Standard","Atlantic","Social",16.72,0
8906,2237,2026-05-05,"Standard","Atlantic","Organic",16.4,1
8907,2846,2026-02-28,"Signature","Atlantic","Organic",27.08,0
8908,830,2026-06-15,"Standard","Ontario","Referral",19.34,0
8909,3817,2026-03-15,"Signature","Atlantic","Referral",21.74,0
8910,3783,2026-02-08,"Signature","Atlantic","Organic",21.79,1
8911,2916,2026-04-07,"Standard","Atlantic","Search",14.24,0
8912,380,2026-05-09,"Discovery","Atlantic","Social",31.69,0
8913,3668,2026-01-22,"Standard","Atlantic","Referral",18.14,0
8914,3890,2026-03-15,"Standard","Atlantic","Organic",13.01,1
8915,1040,2026-05-16,"Standard","Atlantic","Referral",14.64,0
8916,1929,2026-05-23,"Discovery","Ontario","Search",35.72,0
8917,1635,2026-04-03,"Signature","Atlantic","Search",20.88,0
8918,3621,2026-06-07,"Signature","Atlantic","Organic",24.31,0
8919,2065,2026-03-11,"Standard","Ontario","Referral",15.74,0
8920,2776,2026-06-28,"Signature","Atlantic","Organic",23.18,0
8921,3581,2026-05-17,"Signature","Ontario","Organic",19.96,0
8922,3647,2026-01-18,"Standard","Atlantic","Referral",13.18,0
8923,3991,2026-04-21,"Standard","Atlantic","Referral",20.1,0
8924,2397,2026-05-02,"Signature","Atlantic","Organic",21.45,0
8925,2432,2026-04-26,"Signature","Atlantic","Social",21.8,0
8926,949,2026-04-23,"Signature","Atlantic","Organic",19.92,1
8927,3230,2026-06-19,"Signature","Atlantic","Social",20.63,0
8928,3433,2026-02-02,"Standard","Atlantic","Retail_partner",14.04,1
8929,3030,2026-01-20,"Signature","Atlantic","Social",23.74,1
8930,2148,2026-02-21,"Standard","Atlantic","Referral",15.8,0
8931,1191,2026-04-15,"Discovery","Atlantic","Organic",28.6,1
8932,3525,2026-05-20,"Signature","Atlantic","Organic",23.7,0
8933,2525,2026-02-28,"Signature","Atlantic","Organic",21.55,0
8934,3580,2026-03-13,"Signature","Atlantic","Organic",26.04,0
8935,2690,2026-05-26,"Discovery","Atlantic","Search",27.34,0
8936,1943,2026-05-22,"Standard","Atlantic","Organic",16.92,0
8937,559,2026-01-23,"Signature","Atlantic","Referral",24.88,0
8938,1060,2026-03-26,"Signature","Atlantic","Social",22.56,0
8939,348,2026-03-29,"Standard","Atlantic","Social",19.07,0
8940,1341,2026-06-10,"Standard","Ontario","Social",14.1,0
8941,2948,2026-03-16,"Signature","Atlantic","Social",27.27,0
8942,3546,2026-01-19,"Standard","Atlantic","Organic",11.38,1
8943,1802,2026-01-03,"Signature","Atlantic","Organic",17.9,0
8944,1870,2026-02-28,"Standard","Atlantic","Search",11.73,0
8945,3540,2026-04-17,"Signature","Atlantic","Organic",20.94,0
8946,2684,2026-05-20,"Standard","Atlantic","Organic",16.78,0
8947,2539,2026-01-25,"Standard","Atlantic","Retail_partner",11.02,0
8948,21,2026-06-12,"Signature","Atlantic","Social",17.29,1
8949,1068,2026-06-07,"Discovery","Atlantic","Organic",32.84,0
8950,3745,2026-02-22,"Standard","Atlantic","Organic",17.09,0
8951,3102,2026-06-10,"Standard","Atlantic","Search",12.52,0
8952,3881,2026-02-22,"Signature","Atlantic","Search",22.49,0
8953,2495,2026-05-18,"Standard","Atlantic","Referral",17.92,0
8954,1970,2026-02-15,"Discovery","Ontario","Search",33.69,0
8955,956,2026-06-14,"Standard","Atlantic","Social",16.49,0
8956,1991,2026-04-22,"Standard","Ontario","Organic",14.56,0
8957,3129,2026-06-02,"Signature","Atlantic","Organic",27.2,0
8958,69,2026-06-19,"Signature","Atlantic","Social",20.89,0
8959,1132,2026-01-25,"Standard","Atlantic","Social",15.89,1
8960,2515,2026-04-11,"Standard","Atlantic","Social",21.81,0
8961,1899,2026-06-28,"Standard","Atlantic","Referral",17.74,0
8962,1711,2026-05-31,"Standard","Atlantic","Organic",14.35,0
8963,656,2026-05-27,"Standard","Atlantic","Organic",15.77,0
8964,3601,2026-01-14,"Standard","Ontario","Search",18.78,0
8965,3332,2026-05-05,"Signature","Atlantic","Referral",25.35,0
8966,1632,2026-02-03,"Standard","Atlantic","Search",17.67,0
8967,3067,2026-04-27,"Standard","Atlantic","Organic",16.32,0
8968,2688,2026-04-02,"Signature","Atlantic","Social",24.77,0
8969,2215,2026-03-07,"Signature","Atlantic","Organic",21.67,0
8970,3180,2026-02-08,"Standard","Atlantic","Social",14.74,1
8971,1255,2026-02-08,"Discovery","Atlantic","Organic",35.48,0
8972,3825,2026-02-13,"Standard","Ontario","Search",17.16,0
8973,2801,2026-05-09,"Standard","Atlantic","Organic",15.39,0
8974,165,2026-04-27,"Signature","Ontario","Organic",22.79,0
8975,1189,2026-06-14,"Standard","Atlantic","Organic",11.95,0
8976,152,2026-05-17,"Standard","Atlantic","Organic",15,1
8977,2569,2026-06-22,"Standard","Atlantic","Social",19.76,1
8978,3501,2026-02-16,"Signature","Ontario","Organic",24.64,0
8979,2816,2026-05-23,"Standard","Ontario","Referral",14.92,1
8980,2517,2026-01-13,"Signature","Atlantic","Search",23.49,0
8981,1552,2026-05-13,"Discovery","Atlantic","Referral",33.08,1
8982,1106,2026-05-01,"Discovery","Ontario","Retail_partner",37.18,0
8983,2136,2026-04-13,"Signature","Atlantic","Social",25.07,0
8984,644,2026-06-14,"Discovery","Atlantic","Referral",31.1,0
8985,3918,2026-01-10,"Discovery","Atlantic","Organic",32.5,0
8986,2286,2026-03-02,"Discovery","Atlantic","Organic",32.38,1
8987,1140,2026-04-05,"Standard","Atlantic","Referral",17.8,0
8988,1874,2026-02-04,"Standard","Atlantic","Organic",16.91,0
8989,786,2026-02-02,"Discovery","Ontario","Organic",32.24,0
8990,3625,2026-02-26,"Standard","Ontario","Search",16.54,0
8991,2098,2026-01-28,"Standard","Ontario","Organic",18.72,0
8992,42,2026-01-22,"Standard","Atlantic","Social",15.34,0
8993,1209,2026-02-10,"Standard","Atlantic","Referral",13.31,0
8994,425,2026-01-25,"Signature","Atlantic","Search",17.03,0
8995,98,2026-03-23,"Standard","Atlantic","Organic",12.64,0
8996,3898,2026-06-27,"Standard","Atlantic","Referral",17.5,0
8997,3657,2026-06-12,"Standard","Atlantic","Organic",14.08,0
8998,426,2026-04-12,"Signature","Ontario","Organic",20.28,0
8999,2886,2026-04-08,"Standard","Atlantic","Retail_partner",15.74,1
9000,1478,2026-01-21,"Standard","Atlantic","Referral",13.76,0
9001,2573,2026-06-28,"Discovery","Ontario","Organic",34.91,0
9002,529,2026-02-18,"Standard","Ontario","Organic",18.17,0
9003,143,2026-05-30,"Signature","Atlantic","Referral",25.1,0
9004,88,2026-06-02,"Signature","Atlantic","Retail_partner",25.66,0
9005,1909,2026-05-18,"Standard","Ontario","Search",17.11,1
9006,2202,2026-01-07,"Standard","Atlantic","Organic",12.03,0
9007,3648,2026-03-16,"Standard","Atlantic","Social",9,0
9008,653,2026-04-13,"Signature","Atlantic","Referral",23.63,0
9009,733,2026-03-09,"Signature","Ontario","Organic",21.87,0
9010,1945,2026-05-09,"Standard","Atlantic","Organic",13.24,0
9011,3316,2026-02-26,"Signature","Atlantic","Retail_partner",22.76,1
9012,2717,2026-06-12,"Standard","Atlantic","Search",13.59,0
9013,3346,2026-05-22,"Standard","Atlantic","Organic",15.05,1
9014,325,2026-03-30,"Signature","Atlantic","Search",22.74,0
9015,33,2026-06-20,"Standard","Atlantic","Organic",16.12,0
9016,2184,2026-05-19,"Standard","Atlantic","Social",12.32,0
9017,2844,2026-02-16,"Signature","Ontario","Referral",26.43,0
9018,708,2026-03-27,"Standard","Atlantic","Referral",17.62,1
9019,2074,2026-03-14,"Signature","Ontario","Organic",22.16,0
9020,747,2026-05-18,"Signature","Atlantic","Referral",24.76,0
9021,1047,2026-02-21,"Discovery","Atlantic","Organic",30.62,0
9022,3486,2026-01-22,"Standard","Atlantic","Social",17.35,0
9023,995,2026-02-03,"Standard","Atlantic","Social",11.75,0
9024,2884,2026-04-29,"Signature","Atlantic","Search",23.37,0
9025,2351,2026-04-30,"Standard","Atlantic","Search",12,0
9026,195,2026-06-27,"Signature","Ontario","Retail_partner",29.58,0
9027,282,2026-01-25,"Signature","Atlantic","Social",22.43,0
9028,1200,2026-02-28,"Discovery","Ontario","Organic",34.17,1
9029,3934,2026-03-26,"Standard","Atlantic","Organic",13.11,1
9030,726,2026-02-08,"Signature","Atlantic","Organic",24.61,0
9031,136,2026-03-23,"Standard","Atlantic","Social",13.13,0
9032,3203,2026-04-17,"Standard","Atlantic","Social",16.73,1
9033,593,2026-06-15,"Standard","Atlantic","Organic",17.34,0
9034,2702,2026-06-05,"Discovery","Atlantic","Search",33.64,0
9035,3789,2026-06-15,"Standard","Atlantic","Retail_partner",11.54,0
9036,1442,2026-06-22,"Signature","Atlantic","Referral",24.79,0
9037,1207,2026-02-13,"Standard","Atlantic","Organic",13.5,0
9038,2053,2026-06-22,"Standard","Atlantic","Social",15.11,0
9039,1516,2026-01-14,"Standard","Atlantic","Organic",16.04,0
9040,1568,2026-06-12,"Signature","Ontario","Social",27.14,0
9041,345,2026-04-03,"Standard","Atlantic","Organic",14.29,0
9042,3774,2026-05-13,"Signature","Atlantic","Referral",25.01,0
9043,3008,2026-02-05,"Signature","Atlantic","Organic",23.27,0
9044,1021,2026-05-20,"Standard","Atlantic","Organic",16.42,0
9045,1184,2026-01-16,"Standard","Atlantic","Referral",17.24,1
9046,3032,2026-04-18,"Standard","Atlantic","Organic",10.29,0
9047,3861,2026-02-04,"Standard","Atlantic","Search",14.98,0
9048,2726,2026-03-01,"Standard","Atlantic","Social",16.76,0
9049,3732,2026-03-14,"Signature","Atlantic","Organic",19.79,0
9050,2582,2026-01-23,"Signature","Atlantic","Search",18.69,0
9051,3959,2026-06-26,"Standard","Atlantic","Retail_partner",16.42,1
9052,3966,2026-06-01,"Standard","Ontario","Organic",12.48,1
9053,241,2026-05-26,"Signature","Atlantic","Organic",23.33,0
9054,33,2026-06-11,"Standard","Atlantic","Organic",13.49,0
9055,1909,2026-05-12,"Standard","Atlantic","Organic",15.55,0
9056,1272,2026-05-02,"Signature","Atlantic","Organic",23.84,0
9057,2578,2026-02-23,"Standard","Atlantic","Referral",11.17,0
9058,3710,2026-06-14,"Standard","Ontario","Organic",12.89,0
9059,3077,2026-04-22,"Signature","Atlantic","Retail_partner",23.28,1
9060,204,2026-06-12,"Standard","Atlantic","Search",18.51,1
9061,2030,2026-06-27,"Signature","Atlantic","Organic",22.62,0
9062,692,2026-06-11,"Discovery","Atlantic","Referral",32.57,0
9063,1216,2026-03-29,"Standard","Atlantic","Retail_partner",16.3,0
9064,2830,2026-04-28,"Signature","Atlantic","Search",24.27,1
9065,641,2026-03-24,"Standard","Atlantic","Referral",12.49,0
9066,3581,2026-03-12,"Discovery","Atlantic","Social",30.78,0
9067,948,2026-06-10,"Signature","Atlantic","Organic",26.09,0
9068,3687,2026-03-14,"Standard","Atlantic","Social",14.52,1
9069,253,2026-02-10,"Standard","Atlantic","Retail_partner",13.25,0
9070,795,2026-07-01,"Signature","Atlantic","Referral",21.44,1
9071,2178,2026-05-20,"Standard","Atlantic","Organic",12.62,0
9072,3595,2026-01-14,"Signature","Atlantic","Referral",21.44,0
9073,3092,2026-01-23,"Standard","Atlantic","Referral",14.59,0
9074,3698,2026-02-17,"Standard","Atlantic","Social",14.53,0
9075,2225,2026-02-10,"Standard","Atlantic","Retail_partner",13.81,1
9076,1320,2026-02-22,"Standard","Atlantic","Retail_partner",11.46,0
9077,1070,2026-03-25,"Standard","Atlantic","Organic",14.63,1
9078,715,2026-05-12,"Discovery","Atlantic","Retail_partner",32.36,1
9079,1392,2026-04-09,"Standard","Atlantic","Search",18.59,0
9080,3300,2026-04-20,"Signature","Atlantic","Organic",22.72,0
9081,1513,2026-03-25,"Standard","Atlantic","Referral",17.49,0
9082,3590,2026-02-17,"Standard","Atlantic","Social",15.29,0
9083,3642,2026-01-22,"Signature","Atlantic","Social",25.43,0
9084,3211,2026-06-11,"Standard","Ontario","Social",12.89,1
9085,459,2026-01-31,"Signature","Atlantic","Organic",20.08,1
9086,1426,2026-03-14,"Signature","Atlantic","Social",23.8,0
9087,3562,2026-03-22,"Signature","Ontario","Search",24.75,0
9088,3056,2026-05-28,"Signature","Atlantic","Organic",20.32,0
9089,290,2026-01-14,"Standard","Atlantic","Search",20.85,0
9090,2451,2026-01-27,"Standard","Ontario","Organic",13.98,0
9091,3071,2026-03-08,"Discovery","Ontario","Organic",37.2,0
9092,2441,2026-03-03,"Standard","Atlantic","Social",17.98,0
9093,1568,2026-02-28,"Standard","Atlantic","Referral",18.54,0
9094,1990,2026-04-18,"Standard","Ontario","Retail_partner",15.37,1
9095,1321,2026-04-29,"Discovery","Atlantic","Search",34.87,0
9096,3871,2026-04-01,"Standard","Atlantic","Organic",17.77,0
9097,377,2026-02-14,"Discovery","Atlantic","Organic",26.83,0
9098,3232,2026-03-21,"Signature","Atlantic","Organic",24.98,0
9099,3725,2026-06-01,"Standard","Atlantic","Organic",11.53,0
9100,2520,2026-06-01,"Discovery","Atlantic","Referral",33.49,0
9101,2756,2026-01-28,"Signature","Atlantic","Social",19.29,0
9102,850,2026-06-27,"Signature","Ontario","Organic",19.35,1
9103,3982,2026-06-22,"Signature","Atlantic","Organic",24.56,0
9104,1887,2026-06-18,"Signature","Atlantic","Referral",18.67,0
9105,1355,2026-01-18,"Standard","Atlantic","Social",17.89,1
9106,1886,2026-04-28,"Signature","Atlantic","Organic",22.44,0
9107,415,2026-04-13,"Standard","Atlantic","Organic",14.56,1
9108,3296,2026-04-25,"Standard","Ontario","Social",18.2,1
9109,3473,2026-01-15,"Signature","Atlantic","Social",25.56,0
9110,3367,2026-04-11,"Standard","Atlantic","Organic",17.41,1
9111,614,2026-01-03,"Standard","Atlantic","Search",12.65,1
9112,2842,2026-04-12,"Standard","Atlantic","Search",12.74,0
9113,2807,2026-04-04,"Standard","Atlantic","Social",15.27,0
9114,2086,2026-01-04,"Standard","Atlantic","Referral",15.64,0
9115,508,2026-04-05,"Standard","Atlantic","Search",14.32,0
9116,3490,2026-06-29,"Standard","Ontario","Social",14.76,1
9117,37,2026-02-09,"Discovery","Ontario","Social",32.58,0
9118,2509,2026-04-19,"Standard","Atlantic","Organic",19.44,1
9119,1162,2026-04-24,"Standard","Atlantic","Organic",15.61,0
9120,3056,2026-04-01,"Signature","Atlantic","Search",20.04,0
9121,493,2026-03-31,"Standard","Atlantic","Organic",14.83,0
9122,3898,2026-06-14,"Discovery","Atlantic","Search",27.55,1
9123,573,2026-02-11,"Standard","Atlantic","Organic",14.41,0
9124,84,2026-06-22,"Standard","Atlantic","Organic",14.01,0
9125,411,2026-05-15,"Standard","Atlantic","Search",15.41,0
9126,829,2026-01-07,"Standard","Atlantic","Social",11.27,1
9127,539,2026-01-28,"Signature","Atlantic","Retail_partner",22.43,0
9128,3569,2026-03-30,"Standard","Atlantic","Retail_partner",15.14,0
9129,3894,2026-03-05,"Standard","Atlantic","Social",14.59,1
9130,2512,2026-05-20,"Signature","Atlantic","Social",25.22,1
9131,816,2026-02-28,"Standard","Atlantic","Search",17.43,0
9132,2771,2026-01-24,"Signature","Atlantic","Organic",25.26,0
9133,3798,2026-04-18,"Standard","Atlantic","Referral",12.59,0
9134,344,2026-03-11,"Standard","Ontario","Referral",15.56,0
9135,706,2026-04-12,"Signature","Atlantic","Organic",23.14,0
9136,2359,2026-04-21,"Signature","Atlantic","Search",24.32,1
9137,2732,2026-04-06,"Standard","Ontario","Search",21.86,0
9138,3220,2026-04-18,"Standard","Atlantic","Organic",19.46,1
9139,3136,2026-01-01,"Standard","Atlantic","Search",17.17,0
9140,1978,2026-03-07,"Discovery","Atlantic","Search",33.65,0
9141,2119,2026-01-08,"Signature","Atlantic","Search",20.74,0
9142,3852,2026-02-18,"Standard","Atlantic","Search",17.54,0
9143,3917,2026-02-14,"Standard","Atlantic","Search",14.99,0
9144,777,2026-03-05,"Standard","Atlantic","Social",12.7,0
9145,933,2026-06-27,"Signature","Atlantic","Social",21.95,0
9146,507,2026-06-30,"Standard","Ontario","Social",18.17,1
9147,1170,2026-04-06,"Standard","Atlantic","Social",15.21,0
9148,3572,2026-01-31,"Standard","Atlantic","Social",17.72,1
9149,1878,2026-02-16,"Standard","Atlantic","Referral",16.4,0
9150,1586,2026-05-09,"Signature","Ontario","Social",25.19,0
9151,798,2026-01-04,"Signature","Atlantic","Social",21.43,0
9152,2470,2026-03-05,"Discovery","Ontario","Organic",32.47,1
9153,2917,2026-01-26,"Signature","Atlantic","Organic",22.49,0
9154,2746,2026-04-30,"Standard","Atlantic","Search",10.84,1
9155,2216,2026-01-19,"Signature","Atlantic","Referral",25.4,0
9156,2465,2026-05-24,"Standard","Ontario","Search",15.08,1
9157,2260,2026-05-05,"Signature","Atlantic","Referral",28.44,0
9158,2825,2026-02-10,"Signature","Atlantic","Referral",27.89,1
9159,2406,2026-02-16,"Signature","Atlantic","Organic",27.28,0
9160,801,2026-03-13,"Standard","Atlantic","Social",14.18,0
9161,2846,2026-02-09,"Signature","Atlantic","Organic",21.9,0
9162,196,2026-02-04,"Standard","Atlantic","Social",19.06,0
9163,2762,2026-03-06,"Signature","Atlantic","Organic",30.02,0
9164,840,2026-04-20,"Standard","Atlantic","Social",10.44,0
9165,2519,2026-04-28,"Signature","Atlantic","Search",20.94,0
9166,1541,2026-02-18,"Discovery","Atlantic","Referral",30.8,0
9167,1561,2026-01-24,"Standard","Atlantic","Referral",14.42,1
9168,2638,2026-05-01,"Standard","Atlantic","Organic",13.01,0
9169,1587,2026-05-10,"Discovery","Ontario","Referral",31.83,0
9170,574,2026-04-12,"Signature","Atlantic","Organic",17.61,0
9171,3398,2026-02-01,"Signature","Atlantic","Social",22.5,0
9172,2323,2026-05-27,"Standard","Atlantic","Referral",13.51,0
9173,359,2026-05-08,"Discovery","Atlantic","Search",32.33,0
9174,1833,2026-03-25,"Signature","Atlantic","Social",28.34,0
9175,3661,2026-05-15,"Standard","Atlantic","Search",15.73,0
9176,3366,2026-04-09,"Standard","Atlantic","Organic",15.66,0
9177,2549,2026-05-17,"Signature","Atlantic","Social",20.23,0
9178,903,2026-03-09,"Standard","Atlantic","Retail_partner",16.97,0
9179,2248,2026-01-01,"Discovery","Ontario","Organic",29.91,1
9180,48,2026-01-05,"Signature","Atlantic","Social",18.89,0
9181,1914,2026-04-02,"Standard","Atlantic","Referral",18.68,0
9182,573,2026-01-20,"Discovery","Atlantic","Search",30.21,0
9183,1012,2026-03-10,"Standard","Atlantic","Search",13.67,0
9184,716,2026-01-12,"Standard","Ontario","Organic",17.52,0
9185,1701,2026-02-15,"Signature","Atlantic","Retail_partner",20.59,0
9186,3330,2026-02-17,"Signature","Atlantic","Social",24.74,0
9187,2250,2026-01-13,"Standard","Atlantic","Social",12.35,0
9188,2781,2026-03-17,"Standard","Ontario","Search",21.9,0
9189,807,2026-03-18,"Standard","Atlantic","Search",16.51,0
9190,3199,2026-03-18,"Standard","Ontario","Referral",14.68,1
9191,242,2026-01-21,"Standard","Atlantic","Organic",14.54,0
9192,1281,2026-04-05,"Standard","Ontario","Social",14.47,0
9193,2720,2026-02-15,"Discovery","Atlantic","Organic",31.25,0
9194,2649,2026-05-21,"Standard","Atlantic","Retail_partner",19.09,0
9195,938,2026-04-20,"Standard","Atlantic","Social",12.92,0
9196,2988,2026-03-08,"Signature","Atlantic","Organic",20.1,0
9197,2794,2026-05-28,"Standard","Atlantic","Organic",14.76,0
9198,2963,2026-01-25,"Discovery","Atlantic","Organic",34.88,1
9199,837,2026-06-14,"Signature","Atlantic","Organic",23.14,0
9200,3761,2026-03-19,"Standard","Ontario","Organic",17.83,0
9201,3611,2026-06-19,"Standard","Atlantic","Organic",16.4,0
9202,1798,2026-03-02,"Signature","Ontario","Organic",23.22,1
9203,2761,2026-01-16,"Standard","Atlantic","Organic",15.03,0
9204,6,2026-02-06,"Signature","Atlantic","Social",23.83,0
9205,2755,2026-02-17,"Discovery","Atlantic","Retail_partner",32.89,0
9206,2579,2026-02-17,"Standard","Atlantic","Retail_partner",16.98,0
9207,3202,2026-01-02,"Signature","Atlantic","Organic",27.48,0
9208,2769,2026-03-06,"Standard","Atlantic","Social",13.39,0
9209,682,2026-05-06,"Standard","Atlantic","Social",12.92,1
9210,535,2026-04-29,"Standard","Atlantic","Search",10.39,0
9211,122,2026-04-12,"Standard","Atlantic","Referral",17.68,0
9212,488,2026-06-03,"Standard","Atlantic","Retail_partner",12.01,0
9213,1607,2026-06-22,"Standard","Atlantic","Organic",12.96,1
9214,1803,2026-05-08,"Signature","Atlantic","Search",21.75,1
9215,1758,2026-06-02,"Standard","Atlantic","Organic",17.12,0
9216,1101,2026-03-12,"Standard","Atlantic","Referral",13.77,0
9217,476,2026-01-02,"Signature","Atlantic","Organic",25.54,0
9218,1052,2026-04-10,"Standard","Atlantic","Retail_partner",14.81,1
9219,3758,2026-04-22,"Discovery","Atlantic","Retail_partner",30.92,0
9220,291,2026-06-29,"Standard","Atlantic","Social",13.14,0
9221,2871,2026-03-20,"Standard","Atlantic","Search",19.24,0
9222,899,2026-04-13,"Standard","Atlantic","Search",12.68,1
9223,3400,2026-06-05,"Discovery","Atlantic","Search",32.58,0
9224,2773,2026-06-26,"Standard","Atlantic","Retail_partner",12.73,0
9225,2006,2026-02-08,"Discovery","Atlantic","Social",29.62,0
9226,2626,2026-01-21,"Discovery","Ontario","Organic",38.06,0
9227,3471,2026-05-30,"Standard","Atlantic","Social",12.53,0
9228,2801,2026-05-29,"Standard","Ontario","Referral",17.22,1
9229,2340,2026-05-20,"Signature","Atlantic","Retail_partner",23.64,1
9230,2905,2026-02-02,"Standard","Atlantic","Search",18.53,0
9231,624,2026-03-29,"Standard","Atlantic","Search",16.29,1
9232,3450,2026-02-25,"Signature","Atlantic","Organic",23.37,0
9233,2957,2026-02-04,"Discovery","Atlantic","Search",30.84,0
9234,1885,2026-05-24,"Signature","Atlantic","Retail_partner",22.89,1
9235,1250,2026-05-07,"Discovery","Atlantic","Search",34.07,0
9236,2245,2026-01-18,"Standard","Ontario","Social",16.15,0
9237,226,2026-06-30,"Discovery","Ontario","Retail_partner",32.12,0
9238,1260,2026-02-16,"Standard","Atlantic","Organic",14.62,0
9239,1620,2026-01-05,"Signature","Atlantic","Social",17.79,0
9240,3687,2026-01-29,"Standard","Ontario","Social",13.11,0
9241,3740,2026-06-15,"Standard","Atlantic","Social",14.39,1
9242,656,2026-04-11,"Standard","Atlantic","Referral",19.44,0
9243,2292,2026-05-01,"Signature","Atlantic","Retail_partner",26.6,0
9244,107,2026-06-28,"Standard","Atlantic","Referral",15.21,1
9245,2671,2026-02-25,"Signature","Ontario","Social",28,0
9246,2731,2026-03-27,"Standard","Atlantic","Organic",13.57,0
9247,3992,2026-01-09,"Standard","Atlantic","Search",14.13,1
9248,1415,2026-05-12,"Discovery","Atlantic","Organic",29.87,0
9249,3606,2026-02-07,"Discovery","Atlantic","Retail_partner",28.99,1
9250,3218,2026-02-14,"Standard","Atlantic","Social",13.82,0
9251,2092,2026-06-08,"Standard","Ontario","Search",17.06,0
9252,2646,2026-06-29,"Discovery","Atlantic","Organic",33.22,0
9253,3759,2026-03-01,"Standard","Ontario","Social",14.16,0
9254,1688,2026-05-24,"Standard","Ontario","Referral",14.33,1
9255,2956,2026-02-27,"Standard","Ontario","Social",12.84,0
9256,3326,2026-06-16,"Standard","Atlantic","Search",12.61,0
9257,361,2026-06-10,"Standard","Atlantic","Organic",11.48,0
9258,2686,2026-03-31,"Signature","Ontario","Social",22.26,1
9259,3355,2026-01-26,"Discovery","Atlantic","Organic",32.77,0
9260,1985,2026-05-23,"Standard","Ontario","Search",15.08,0
9261,47,2026-03-02,"Standard","Atlantic","Search",16.07,0
9262,3925,2026-06-15,"Standard","Ontario","Social",14.44,1
9263,877,2026-06-06,"Discovery","Atlantic","Search",30.87,0
9264,2542,2026-01-28,"Standard","Atlantic","Organic",16.43,1
9265,167,2026-04-22,"Standard","Atlantic","Organic",17.3,1
9266,2150,2026-06-09,"Standard","Atlantic","Search",18.8,0
9267,1061,2026-02-27,"Standard","Atlantic","Referral",12.04,0
9268,3269,2026-03-12,"Standard","Atlantic","Social",12.86,0
9269,1216,2026-05-13,"Signature","Atlantic","Social",23.43,0
9270,396,2026-03-16,"Signature","Atlantic","Organic",21.31,0
9271,2522,2026-03-25,"Standard","Atlantic","Retail_partner",14.46,0
9272,2441,2026-04-10,"Discovery","Ontario","Organic",31.21,0
9273,1478,2026-03-15,"Signature","Atlantic","Organic",21.91,0
9274,2973,2026-05-26,"Signature","Atlantic","Search",26.96,0
9275,520,2026-04-11,"Standard","Ontario","Search",14.64,0
9276,115,2026-04-13,"Standard","Atlantic","Search",12.95,1
9277,2,2026-04-27,"Standard","Ontario","Search",16.18,1
9278,3576,2026-06-15,"Standard","Ontario","Search",13.31,0
9279,2226,2026-04-20,"Standard","Atlantic","Social",16.5,1
9280,2513,2026-02-20,"Standard","Atlantic","Organic",11.85,1
9281,3526,2026-04-17,"Standard","Atlantic","Social",15.02,0
9282,2239,2026-03-07,"Standard","Atlantic","Social",14.09,1
9283,931,2026-01-25,"Signature","Atlantic","Organic",24.68,0
9284,2277,2026-01-14,"Standard","Atlantic","Organic",8.82,0
9285,1657,2026-03-15,"Standard","Atlantic","Organic",16.42,1
9286,3338,2026-03-27,"Standard","Atlantic","Organic",13.63,0
9287,1878,2026-03-09,"Discovery","Atlantic","Referral",30.22,0
9288,3518,2026-03-10,"Standard","Atlantic","Organic",13.27,0
9289,1153,2026-01-11,"Signature","Ontario","Organic",23.1,0
9290,3663,2026-06-30,"Standard","Ontario","Referral",11.74,0
9291,495,2026-02-17,"Standard","Ontario","Organic",17.92,1
9292,2392,2026-06-21,"Standard","Atlantic","Organic",18.1,0
9293,1822,2026-03-02,"Standard","Atlantic","Organic",18.7,0
9294,399,2026-03-26,"Discovery","Atlantic","Referral",32.67,0
9295,2683,2026-03-08,"Discovery","Atlantic","Search",29.24,0
9296,695,2026-06-18,"Standard","Atlantic","Organic",18.15,1
9297,1371,2026-01-09,"Standard","Atlantic","Referral",13.93,0
9298,1821,2026-04-02,"Standard","Atlantic","Organic",13.5,0
9299,3341,2026-02-07,"Standard","Atlantic","Organic",17.23,0
9300,1357,2026-06-04,"Standard","Atlantic","Retail_partner",17.58,1
9301,1735,2026-04-19,"Standard","Ontario","Social",15.62,0
9302,672,2026-04-10,"Discovery","Atlantic","Referral",31.96,0
9303,1409,2026-01-15,"Signature","Atlantic","Social",20.42,0
9304,145,2026-01-17,"Standard","Atlantic","Search",14.76,0
9305,98,2026-01-28,"Standard","Atlantic","Organic",12.2,1
9306,3353,2026-06-28,"Signature","Atlantic","Social",21.59,0
9307,2038,2026-06-05,"Signature","Atlantic","Search",22.74,0
9308,1341,2026-05-23,"Standard","Atlantic","Organic",15.42,0
9309,1445,2026-03-28,"Discovery","Atlantic","Organic",27.79,0
9310,686,2026-06-19,"Standard","Atlantic","Referral",19.05,0
9311,2175,2026-04-13,"Standard","Atlantic","Organic",13.6,1
9312,762,2026-05-16,"Signature","Atlantic","Search",20.83,0
9313,3595,2026-06-21,"Signature","Atlantic","Social",26.86,1
9314,1733,2026-06-10,"Standard","Atlantic","Organic",12.76,0
9315,3194,2026-03-14,"Discovery","Atlantic","Social",35,0
9316,1950,2026-05-04,"Standard","Atlantic","Referral",15.37,1
9317,2320,2026-02-16,"Signature","Atlantic","Search",22.17,0
9318,2920,2026-05-19,"Standard","Ontario","Organic",17.15,0
9319,1728,2026-03-24,"Signature","Atlantic","Referral",19.06,0
9320,846,2026-01-23,"Standard","Atlantic","Search",14.8,0
9321,182,2026-06-18,"Standard","Atlantic","Referral",9.87,1
9322,1623,2026-01-25,"Discovery","Ontario","Organic",36.89,0
9323,2463,2026-03-19,"Signature","Atlantic","Organic",24.16,1
9324,303,2026-01-25,"Signature","Atlantic","Referral",18.34,0
9325,2807,2026-06-30,"Signature","Atlantic","Organic",20.09,0
9326,3269,2026-02-05,"Discovery","Atlantic","Organic",29.92,0
9327,1527,2026-04-23,"Signature","Ontario","Organic",20.5,0
9328,2554,2026-01-28,"Standard","Atlantic","Search",16.1,0
9329,749,2026-01-23,"Signature","Atlantic","Referral",24.66,1
9330,1013,2026-03-13,"Signature","Atlantic","Organic",21.8,0
9331,1799,2026-05-13,"Standard","Ontario","Social",13.65,0
9332,484,2026-05-27,"Signature","Atlantic","Social",25.11,1
9333,3695,2026-06-03,"Standard","Atlantic","Organic",14.95,1
9334,3946,2026-01-13,"Standard","Atlantic","Referral",17.52,1
9335,3686,2026-03-27,"Signature","Atlantic","Social",20.59,0
9336,23,2026-05-18,"Standard","Atlantic","Retail_partner",18.27,0
9337,2133,2026-01-19,"Discovery","Atlantic","Organic",28.29,0
9338,3342,2026-02-07,"Signature","Atlantic","Search",20.87,1
9339,3721,2026-04-19,"Discovery","Atlantic","Retail_partner",29.3,0
9340,540,2026-04-17,"Standard","Ontario","Retail_partner",18.67,0
9341,533,2026-04-17,"Standard","Atlantic","Referral",12.93,1
9342,3558,2026-06-22,"Standard","Atlantic","Search",13.65,0
9343,762,2026-03-19,"Signature","Ontario","Organic",23.56,0
9344,1186,2026-03-15,"Signature","Atlantic","Organic",23.07,0
9345,3437,2026-04-28,"Standard","Atlantic","Referral",16.82,0
9346,1553,2026-05-18,"Signature","Atlantic","Referral",26.08,1
9347,1264,2026-06-23,"Standard","Atlantic","Organic",16.26,0
9348,751,2026-05-14,"Standard","Atlantic","Social",11.78,0
9349,3526,2026-05-08,"Standard","Atlantic","Organic",11.87,1
9350,154,2026-05-23,"Standard","Atlantic","Referral",14.35,0
9351,1971,2026-04-05,"Signature","Atlantic","Retail_partner",25.75,0
9352,1573,2026-05-23,"Standard","Atlantic","Retail_partner",17.18,0
9353,3632,2026-04-20,"Signature","Atlantic","Social",21.94,0
9354,74,2026-01-14,"Signature","Atlantic","Social",21.01,0
9355,3637,2026-05-31,"Standard","Atlantic","Organic",16.08,1
9356,2677,2026-03-05,"Signature","Ontario","Organic",21.16,0
9357,421,2026-01-07,"Standard","Ontario","Social",16.06,1
9358,3801,2026-06-01,"Discovery","Ontario","Organic",27.63,0
9359,2204,2026-02-12,"Signature","Atlantic","Social",21.99,0
9360,2557,2026-01-23,"Signature","Atlantic","Retail_partner",23.26,1
9361,227,2026-01-10,"Standard","Atlantic","Organic",13.47,0
9362,3588,2026-06-13,"Standard","Atlantic","Referral",18.01,0
9363,3463,2026-04-15,"Standard","Atlantic","Social",15.97,1
9364,1002,2026-01-17,"Signature","Ontario","Organic",22.85,0
9365,380,2026-03-13,"Standard","Atlantic","Retail_partner",11.38,0
9366,1798,2026-06-27,"Standard","Atlantic","Organic",13.71,1
9367,1810,2026-04-11,"Signature","Ontario","Retail_partner",24.29,0
9368,3304,2026-01-03,"Standard","Atlantic","Organic",12.85,1
9369,3650,2026-03-03,"Standard","Atlantic","Social",13.71,1
9370,53,2026-05-30,"Standard","Atlantic","Search",14.16,0
9371,2127,2026-05-22,"Signature","Atlantic","Retail_partner",23.36,0
9372,2406,2026-05-18,"Signature","Ontario","Social",26.58,0
9373,1128,2026-01-04,"Standard","Ontario","Social",16.25,0
9374,363,2026-05-30,"Discovery","Atlantic","Organic",32.33,0
9375,3457,2026-03-10,"Standard","Atlantic","Referral",18,0
9376,277,2026-03-22,"Standard","Atlantic","Organic",13.24,0
9377,2157,2026-03-18,"Standard","Atlantic","Social",16.51,0
9378,2920,2026-03-20,"Standard","Atlantic","Organic",14.69,0
9379,2846,2026-02-05,"Standard","Atlantic","Social",19.2,0
9380,1054,2026-01-20,"Signature","Ontario","Organic",24.77,0
9381,844,2026-03-16,"Standard","Atlantic","Retail_partner",15.5,0
9382,124,2026-03-10,"Standard","Atlantic","Referral",19.91,1
9383,788,2026-05-16,"Standard","Atlantic","Organic",12.1,0
9384,2221,2026-04-01,"Standard","Atlantic","Organic",15.44,0
9385,143,2026-02-11,"Discovery","Atlantic","Referral",32.83,0
9386,783,2026-04-16,"Signature","Atlantic","Organic",19.85,0
9387,1289,2026-02-07,"Discovery","Atlantic","Search",26.9,0
9388,1469,2026-04-30,"Signature","Atlantic","Organic",25.82,0
9389,3989,2026-01-27,"Signature","Atlantic","Organic",22.14,0
9390,1470,2026-03-28,"Signature","Atlantic","Referral",20.7,0
9391,2052,2026-03-25,"Standard","Ontario","Organic",16.97,1
9392,1084,2026-02-02,"Standard","Atlantic","Organic",16.75,0
9393,3789,2026-03-06,"Standard","Atlantic","Search",14.69,1
9394,719,2026-04-18,"Signature","Atlantic","Social",25.87,0
9395,1022,2026-01-20,"Standard","Atlantic","Search",15.29,0
9396,2596,2026-01-05,"Standard","Atlantic","Referral",18.78,0
9397,1644,2026-04-28,"Discovery","Atlantic","Organic",29.39,0
9398,888,2026-06-21,"Signature","Atlantic","Search",22.65,0
9399,509,2026-06-04,"Standard","Atlantic","Retail_partner",9.18,0
9400,3604,2026-03-16,"Standard","Ontario","Retail_partner",14.46,0
9401,2154,2026-01-21,"Signature","Atlantic","Organic",27.21,0
9402,503,2026-02-13,"Standard","Atlantic","Referral",16.12,1
9403,2077,2026-01-26,"Signature","Atlantic","Organic",24.52,0
9404,1643,2026-01-17,"Discovery","Atlantic","Organic",28.75,0
9405,2647,2026-06-14,"Signature","Atlantic","Search",16.4,0
9406,93,2026-02-13,"Standard","Atlantic","Search",16.87,0
9407,1151,2026-04-30,"Standard","Atlantic","Search",13.54,0
9408,1645,2026-05-03,"Signature","Ontario","Referral",20.86,0
9409,3004,2026-02-21,"Signature","Atlantic","Social",26.01,0
9410,1645,2026-02-23,"Signature","Atlantic","Referral",23.85,0
9411,3684,2026-05-30,"Signature","Atlantic","Social",20.23,0
9412,3014,2026-05-26,"Discovery","Atlantic","Search",30.91,0
9413,1042,2026-05-12,"Signature","Atlantic","Referral",21.64,0
9414,3329,2026-06-03,"Standard","Atlantic","Organic",15.77,0
9415,322,2026-01-09,"Standard","Atlantic","Organic",15.77,0
9416,136,2026-03-02,"Signature","Atlantic","Search",25.53,0
9417,3759,2026-06-15,"Signature","Atlantic","Referral",24.32,0
9418,2517,2026-05-23,"Standard","Atlantic","Referral",13.17,1
9419,2067,2026-03-27,"Standard","Atlantic","Referral",17.98,0
9420,2526,2026-04-06,"Standard","Atlantic","Social",12.58,1
9421,2169,2026-04-24,"Signature","Atlantic","Organic",25.23,0
9422,777,2026-02-03,"Standard","Ontario","Retail_partner",15.97,0
9423,3694,2026-06-11,"Signature","Atlantic","Social",23.84,0
9424,3409,2026-01-31,"Discovery","Atlantic","Search",32.68,0
9425,2377,2026-04-24,"Standard","Atlantic","Social",19.1,0
9426,1228,2026-01-24,"Signature","Atlantic","Referral",21.28,1
9427,969,2026-03-01,"Standard","Atlantic","Referral",16.99,1
9428,2584,2026-01-17,"Discovery","Atlantic","Social",29.68,1
9429,3414,2026-03-17,"Standard","Atlantic","Retail_partner",15.91,1
9430,3212,2026-04-14,"Standard","Ontario","Retail_partner",12.4,0
9431,643,2026-05-13,"Signature","Ontario","Search",25.9,0
9432,2754,2026-04-19,"Standard","Atlantic","Organic",16.88,0
9433,2484,2026-06-14,"Signature","Ontario","Search",23.34,0
9434,2796,2026-01-28,"Standard","Atlantic","Referral",19.85,0
9435,1346,2026-01-16,"Signature","Atlantic","Social",19.81,1
9436,2879,2026-04-16,"Signature","Atlantic","Organic",23.35,0
9437,2277,2026-03-15,"Signature","Atlantic","Retail_partner",20.9,0
9438,890,2026-01-29,"Discovery","Atlantic","Organic",34.11,0
9439,1181,2026-05-09,"Standard","Atlantic","Social",12.62,0
9440,3149,2026-02-16,"Discovery","Ontario","Search",36.71,0
9441,885,2026-06-30,"Signature","Atlantic","Organic",26.71,0
9442,2353,2026-04-03,"Standard","Atlantic","Social",17.56,0
9443,1065,2026-05-09,"Standard","Atlantic","Referral",12.92,0
9444,933,2026-03-14,"Discovery","Atlantic","Retail_partner",32.9,0
9445,1826,2026-03-25,"Standard","Atlantic","Organic",18.66,1
9446,520,2026-04-11,"Standard","Atlantic","Retail_partner",16.13,0
9447,1877,2026-04-29,"Signature","Atlantic","Search",21.45,0
9448,3836,2026-06-30,"Signature","Atlantic","Organic",24.76,0
9449,3879,2026-03-22,"Standard","Atlantic","Organic",13.3,0
9450,1266,2026-03-15,"Standard","Atlantic","Organic",13.45,0
9451,431,2026-03-29,"Signature","Atlantic","Referral",23.65,0
9452,822,2026-05-01,"Discovery","Atlantic","Organic",30.6,0
9453,3306,2026-03-28,"Signature","Atlantic","Social",20.33,0
9454,1662,2026-02-17,"Signature","Atlantic","Search",24.94,1
9455,2670,2026-05-02,"Standard","Atlantic","Social",16.98,0
9456,695,2026-04-28,"Standard","Atlantic","Referral",15.49,0
9457,1347,2026-06-17,"Signature","Ontario","Social",19.35,0
9458,3323,2026-03-21,"Standard","Ontario","Social",14,0
9459,2959,2026-04-30,"Signature","Atlantic","Organic",25.7,1
9460,1909,2026-03-04,"Standard","Atlantic","Organic",12.58,0
9461,1114,2026-01-01,"Discovery","Atlantic","Search",27.8,0
9462,2215,2026-02-01,"Standard","Atlantic","Search",12.27,0
9463,3878,2026-01-21,"Standard","Atlantic","Organic",12.64,0
9464,702,2026-02-08,"Standard","Atlantic","Referral",17.72,0
9465,1760,2026-06-05,"Standard","Atlantic","Retail_partner",14.01,0
9466,897,2026-03-15,"Standard","Atlantic","Social",18.39,0
9467,247,2026-06-21,"Standard","Atlantic","Social",19.84,0
9468,1086,2026-03-25,"Standard","Atlantic","Social",14.75,1
9469,1262,2026-02-05,"Discovery","Atlantic","Search",31.38,0
9470,405,2026-03-01,"Discovery","Atlantic","Retail_partner",32.53,0
9471,1329,2026-02-16,"Standard","Ontario","Retail_partner",17.07,0
9472,1489,2026-06-05,"Signature","Atlantic","Organic",23.72,0
9473,1176,2026-05-04,"Standard","Atlantic","Organic",15.69,0
9474,2279,2026-03-05,"Standard","Ontario","Referral",12.59,0
9475,1759,2026-03-30,"Standard","Atlantic","Retail_partner",13.27,1
9476,2343,2026-04-23,"Standard","Atlantic","Organic",11.87,1
9477,400,2026-05-30,"Standard","Atlantic","Organic",10.65,1
9478,3309,2026-06-28,"Signature","Atlantic","Search",20.37,0
9479,599,2026-04-19,"Standard","Atlantic","Search",14.73,0
9480,607,2026-01-24,"Signature","Atlantic","Search",20.37,0
9481,1494,2026-04-22,"Standard","Ontario","Organic",16.28,0
9482,2566,2026-01-19,"Standard","Atlantic","Retail_partner",14.46,0
9483,1783,2026-01-02,"Standard","Atlantic","Social",14.48,1
9484,3350,2026-06-05,"Standard","Atlantic","Search",14.39,0
9485,919,2026-01-09,"Standard","Atlantic","Search",15.66,0
9486,1120,2026-06-03,"Standard","Ontario","Search",17.37,0
9487,2422,2026-05-21,"Standard","Atlantic","Organic",17.01,0
9488,2253,2026-02-18,"Standard","Atlantic","Organic",14.17,0
9489,2613,2026-05-21,"Discovery","Atlantic","Retail_partner",35.04,0
9490,391,2026-03-01,"Standard","Atlantic","Organic",11.66,0
9491,2936,2026-02-05,"Signature","Ontario","Social",23.1,0
9492,3799,2026-02-08,"Standard","Ontario","Organic",19.53,1
9493,2495,2026-02-02,"Standard","Atlantic","Organic",14.97,1
9494,1753,2026-03-27,"Standard","Atlantic","Organic",13.73,0
9495,2925,2026-03-16,"Standard","Atlantic","Organic",17.62,0
9496,1870,2026-03-18,"Signature","Ontario","Referral",22.09,0
9497,1940,2026-04-16,"Discovery","Atlantic","Search",36.29,0
9498,1951,2026-01-04,"Standard","Atlantic","Retail_partner",14.29,0
9499,1550,2026-05-10,"Standard","Atlantic","Social",12.65,0
9500,2437,2026-01-12,"Discovery","Atlantic","Organic",30.46,1
9501,1816,2026-06-24,"Signature","Atlantic","Organic",24.21,0
9502,2188,2026-06-14,"Standard","Atlantic","Social",14.09,1
9503,1654,2026-04-25,"Signature","Atlantic","Organic",21.45,1
9504,3667,2026-03-07,"Standard","Atlantic","Social",12.42,0
9505,2405,2026-05-16,"Signature","Atlantic","Retail_partner",23.19,1
9506,3850,2026-04-09,"Standard","Atlantic","Organic",9.61,0
9507,2871,2026-06-30,"Discovery","Atlantic","Referral",37.27,0
9508,1602,2026-04-10,"Discovery","Ontario","Organic",36,0
9509,3654,2026-04-12,"Discovery","Ontario","Organic",37.74,0
9510,528,2026-06-12,"Signature","Atlantic","Search",17.2,0
9511,508,2026-06-19,"Signature","Atlantic","Referral",22.3,1
9512,3328,2026-06-10,"Standard","Atlantic","Organic",20.67,0
9513,1755,2026-06-05,"Discovery","Atlantic","Organic",34.04,0
9514,335,2026-01-30,"Standard","Ontario","Organic",17.44,0
9515,3560,2026-04-22,"Signature","Atlantic","Referral",23.54,0
9516,3116,2026-04-22,"Standard","Ontario","Organic",15.24,0
9517,1087,2026-05-20,"Standard","Atlantic","Retail_partner",21.6,0
9518,3813,2026-02-20,"Discovery","Atlantic","Search",32.38,1
9519,1477,2026-05-12,"Standard","Atlantic","Search",14.93,0
9520,944,2026-03-17,"Standard","Atlantic","Social",16.76,0
9521,1061,2026-04-11,"Standard","Atlantic","Retail_partner",16.12,1
9522,989,2026-02-24,"Standard","Atlantic","Social",11.38,0
9523,2786,2026-01-13,"Signature","Atlantic","Organic",23.07,0
9524,3780,2026-04-27,"Standard","Atlantic","Referral",17.58,0
9525,1082,2026-03-08,"Standard","Atlantic","Search",16.75,0
9526,3259,2026-02-28,"Standard","Ontario","Referral",11.63,0
9527,2686,2026-03-03,"Discovery","Atlantic","Search",32.46,1
9528,3455,2026-06-03,"Signature","Atlantic","Organic",23.98,1
9529,242,2026-03-15,"Standard","Atlantic","Search",18.35,0
9530,3042,2026-04-15,"Standard","Atlantic","Organic",14,0
9531,3026,2026-03-06,"Standard","Atlantic","Search",12.43,0
9532,818,2026-06-07,"Standard","Atlantic","Referral",9.82,1
9533,1245,2026-01-28,"Standard","Ontario","Organic",15.89,0
9534,1593,2026-01-08,"Discovery","Atlantic","Social",35.03,0
9535,2492,2026-02-20,"Discovery","Ontario","Social",33.62,0
9536,1171,2026-06-10,"Standard","Atlantic","Organic",13.78,1
9537,1914,2026-02-21,"Standard","Atlantic","Retail_partner",13.59,0
9538,114,2026-06-09,"Signature","Ontario","Search",17.79,0
9539,2244,2026-02-01,"Signature","Atlantic","Referral",21.99,0
9540,236,2026-01-30,"Standard","Atlantic","Retail_partner",10.62,0
9541,3156,2026-03-28,"Discovery","Atlantic","Organic",30.68,1
9542,3720,2026-06-12,"Signature","Atlantic","Organic",21.2,0
9543,26,2026-05-16,"Signature","Atlantic","Organic",23.44,0
9544,1519,2026-06-01,"Signature","Atlantic","Social",24.17,0
9545,2979,2026-02-28,"Standard","Ontario","Organic",15.64,0
9546,1700,2026-01-24,"Signature","Atlantic","Organic",20.37,0
9547,1778,2026-05-15,"Standard","Ontario","Referral",12.44,0
9548,3727,2026-03-16,"Signature","Atlantic","Search",18.73,0
9549,22,2026-06-16,"Standard","Atlantic","Organic",16.04,1
9550,872,2026-02-25,"Signature","Atlantic","Search",24.17,1
9551,513,2026-06-19,"Standard","Atlantic","Search",13.73,1
9552,3750,2026-05-25,"Discovery","Atlantic","Social",35.4,0
9553,3925,2026-04-06,"Standard","Atlantic","Search",15.87,0
9554,3337,2026-03-27,"Standard","Ontario","Retail_partner",20.79,0
9555,2716,2026-06-01,"Signature","Atlantic","Organic",22.14,1
9556,1286,2026-05-07,"Discovery","Atlantic","Search",28.19,0
9557,1091,2026-05-19,"Discovery","Atlantic","Retail_partner",28.49,0
9558,3224,2026-05-19,"Signature","Atlantic","Organic",22.35,0
9559,2609,2026-03-26,"Signature","Atlantic","Search",24.35,1
9560,1395,2026-03-08,"Standard","Atlantic","Social",13.67,0
9561,3931,2026-06-27,"Signature","Atlantic","Retail_partner",25.11,1
9562,257,2026-02-10,"Signature","Atlantic","Search",22.33,0
9563,450,2026-03-22,"Discovery","Atlantic","Retail_partner",29.94,0
9564,3747,2026-01-03,"Signature","Atlantic","Organic",21.65,0
9565,2391,2026-06-27,"Standard","Atlantic","Referral",14.01,0
9566,1627,2026-03-27,"Standard","Atlantic","Retail_partner",18.18,0
9567,3952,2026-06-07,"Discovery","Ontario","Organic",37.27,0
9568,302,2026-05-21,"Standard","Ontario","Search",14.04,1
9569,1027,2026-01-11,"Signature","Ontario","Search",19.1,0
9570,2167,2026-03-24,"Standard","Atlantic","Organic",8.68,0
9571,1556,2026-02-19,"Standard","Ontario","Organic",11.03,0
9572,409,2026-05-29,"Signature","Ontario","Social",25.09,0
9573,327,2026-05-11,"Standard","Atlantic","Search",14.97,0
9574,1612,2026-06-12,"Signature","Atlantic","Organic",22.24,0
9575,3983,2026-02-19,"Standard","Atlantic","Referral",13.23,0
9576,54,2026-01-28,"Signature","Atlantic","Social",25.68,0
9577,3928,2026-03-12,"Standard","Atlantic","Social",20.24,0
9578,287,2026-04-10,"Signature","Atlantic","Search",18.6,0
9579,859,2026-06-18,"Standard","Atlantic","Organic",15.16,0
9580,2755,2026-03-17,"Signature","Atlantic","Organic",20.79,0
9581,550,2026-02-03,"Standard","Atlantic","Social",13.9,1
9582,3559,2026-01-12,"Signature","Atlantic","Organic",27.11,1
9583,3898,2026-01-11,"Discovery","Atlantic","Organic",33.05,0
9584,3724,2026-05-28,"Standard","Atlantic","Social",10.41,0
9585,1761,2026-02-12,"Standard","Atlantic","Retail_partner",16.42,0
9586,2000,2026-04-26,"Standard","Atlantic","Social",16.11,0
9587,490,2026-01-12,"Standard","Atlantic","Social",16.25,0
9588,717,2026-05-16,"Standard","Atlantic","Referral",16.48,1
9589,138,2026-03-16,"Signature","Atlantic","Organic",24.12,0
9590,633,2026-02-09,"Standard","Atlantic","Referral",13.47,0
9591,3219,2026-04-07,"Signature","Atlantic","Search",19.78,1
9592,3247,2026-05-23,"Standard","Atlantic","Organic",16.26,0
9593,1298,2026-03-06,"Signature","Atlantic","Organic",21.78,1
9594,3381,2026-03-07,"Signature","Atlantic","Search",23.09,0
9595,3278,2026-02-28,"Discovery","Atlantic","Organic",33.58,0
9596,2132,2026-03-11,"Standard","Atlantic","Retail_partner",16.09,1
9597,3130,2026-07-01,"Standard","Atlantic","Search",13.56,0
9598,2101,2026-01-30,"Standard","Atlantic","Search",14.18,0
9599,1903,2026-01-23,"Signature","Ontario","Organic",23.71,1
9600,2742,2026-03-24,"Standard","Atlantic","Organic",16.27,1
9601,2538,2026-04-11,"Signature","Ontario","Organic",28.06,0
9602,1205,2026-06-04,"Standard","Atlantic","Social",14.98,0
9603,3883,2026-03-31,"Signature","Atlantic","Search",20.46,0
9604,3733,2026-05-19,"Standard","Atlantic","Referral",18.26,0
9605,1107,2026-04-25,"Signature","Ontario","Referral",26.8,0
9606,2773,2026-01-12,"Standard","Atlantic","Organic",18.84,0
9607,2832,2026-04-07,"Standard","Ontario","Organic",17.73,0
9608,302,2026-04-03,"Standard","Atlantic","Organic",15.71,0
9609,2097,2026-06-28,"Signature","Atlantic","Social",23.56,0
9610,1400,2026-02-02,"Signature","Atlantic","Search",23.28,0
9611,2040,2026-06-16,"Standard","Atlantic","Referral",14.74,0
9612,3670,2026-01-11,"Standard","Atlantic","Referral",13.66,0
9613,3550,2026-06-13,"Standard","Ontario","Social",11.65,1
9614,3612,2026-05-27,"Standard","Atlantic","Referral",10.56,0
9615,3981,2026-06-25,"Signature","Atlantic","Organic",24.42,0
9616,1743,2026-04-18,"Standard","Atlantic","Search",16.15,0
9617,2343,2026-01-03,"Standard","Atlantic","Social",15.02,0
9618,1072,2026-04-19,"Standard","Atlantic","Organic",15.18,0
9619,1547,2026-06-09,"Signature","Atlantic","Social",25.21,0
9620,1447,2026-06-10,"Standard","Atlantic","Retail_partner",18.24,0
9621,2104,2026-02-23,"Signature","Ontario","Search",28.9,0
9622,2851,2026-06-13,"Discovery","Atlantic","Social",35.77,0
9623,217,2026-03-11,"Standard","Atlantic","Search",10.75,0
9624,2275,2026-05-10,"Standard","Atlantic","Retail_partner",13.58,0
9625,1854,2026-02-19,"Signature","Atlantic","Organic",23.02,0
9626,955,2026-01-30,"Discovery","Atlantic","Search",29.84,0
9627,3369,2026-01-08,"Standard","Atlantic","Search",17.7,0
9628,2667,2026-06-02,"Standard","Atlantic","Social",11.72,0
9629,2523,2026-02-19,"Standard","Atlantic","Referral",18.86,0
9630,3568,2026-02-19,"Signature","Atlantic","Referral",20.25,0
9631,148,2026-06-05,"Standard","Atlantic","Organic",14.81,0
9632,1496,2026-02-01,"Standard","Atlantic","Social",16.09,0
9633,2408,2026-02-12,"Standard","Atlantic","Search",12.4,0
9634,3413,2026-01-06,"Signature","Atlantic","Social",19.27,0
9635,1409,2026-06-15,"Standard","Atlantic","Referral",10.49,1
9636,3776,2026-04-29,"Signature","Atlantic","Organic",24.5,0
9637,300,2026-06-21,"Signature","Atlantic","Social",23.25,0
9638,3406,2026-05-03,"Standard","Atlantic","Search",14.22,1
9639,1600,2026-07-01,"Standard","Atlantic","Social",10.92,0
9640,1524,2026-02-12,"Standard","Atlantic","Organic",14.8,0
9641,1861,2026-01-10,"Signature","Ontario","Social",24.1,0
9642,303,2026-06-04,"Standard","Atlantic","Organic",14.19,0
9643,2402,2026-06-04,"Signature","Atlantic","Referral",21.08,0
9644,969,2026-01-02,"Standard","Ontario","Organic",19.92,1
9645,3051,2026-05-19,"Standard","Ontario","Organic",15.12,0
9646,3046,2026-04-27,"Signature","Atlantic","Organic",22.42,0
9647,351,2026-01-16,"Signature","Atlantic","Referral",24.63,0
9648,3453,2026-01-14,"Standard","Atlantic","Social",14.86,0
9649,1242,2026-03-10,"Signature","Ontario","Retail_partner",22.78,1
9650,3670,2026-04-16,"Discovery","Atlantic","Referral",26.94,0
9651,2219,2026-03-10,"Standard","Atlantic","Search",14.85,0
9652,667,2026-02-01,"Signature","Atlantic","Organic",18.59,0
9653,115,2026-03-02,"Signature","Ontario","Organic",20.69,1
9654,462,2026-01-12,"Discovery","Atlantic","Referral",33.53,0
9655,1449,2026-03-17,"Discovery","Atlantic","Social",31.35,0
9656,2306,2026-06-08,"Signature","Atlantic","Search",20.39,0
9657,3163,2026-03-24,"Standard","Atlantic","Organic",10.2,0
9658,3193,2026-05-10,"Standard","Ontario","Referral",14.23,0
9659,2125,2026-04-13,"Signature","Ontario","Retail_partner",23.25,0
9660,2498,2026-05-24,"Standard","Atlantic","Search",11.98,0
9661,2828,2026-03-22,"Standard","Atlantic","Social",11.08,0
9662,2627,2026-06-08,"Signature","Atlantic","Social",23.84,0
9663,2656,2026-05-11,"Signature","Ontario","Retail_partner",25.92,1
9664,2059,2026-01-15,"Standard","Atlantic","Referral",12.74,0
9665,1477,2026-01-12,"Signature","Ontario","Organic",26.76,0
9666,949,2026-04-07,"Standard","Atlantic","Social",17.73,0
9667,1214,2026-06-26,"Standard","Atlantic","Referral",16.01,0
9668,918,2026-05-23,"Signature","Atlantic","Referral",23.37,0
9669,1242,2026-04-01,"Standard","Atlantic","Search",13.82,0
9670,3404,2026-03-06,"Standard","Atlantic","Referral",14.5,0
9671,3890,2026-02-02,"Standard","Atlantic","Retail_partner",12.33,0
9672,2249,2026-02-25,"Standard","Atlantic","Referral",16.27,0
9673,3808,2026-06-08,"Signature","Atlantic","Organic",20.8,1
9674,503,2026-03-21,"Signature","Ontario","Organic",24.65,0
9675,1229,2026-05-28,"Standard","Atlantic","Referral",14.74,0
9676,1393,2026-04-11,"Discovery","Atlantic","Organic",34.18,0
9677,111,2026-04-20,"Standard","Atlantic","Search",12.74,0
9678,476,2026-05-18,"Signature","Atlantic","Search",25.25,0
9679,822,2026-02-16,"Standard","Atlantic","Referral",16.57,0
9680,2272,2026-06-20,"Standard","Ontario","Organic",18.98,1
9681,3051,2026-07-01,"Standard","Ontario","Search",14.36,1
9682,3935,2026-06-26,"Standard","Ontario","Retail_partner",12.77,1
9683,2954,2026-06-28,"Standard","Atlantic","Search",16.41,0
9684,1127,2026-01-26,"Signature","Atlantic","Organic",25.26,0
9685,3454,2026-06-15,"Standard","Atlantic","Search",14.36,0
9686,3903,2026-02-06,"Standard","Atlantic","Organic",9.19,0
9687,2450,2026-01-25,"Discovery","Atlantic","Organic",36.1,0
9688,1246,2026-03-31,"Standard","Atlantic","Search",15.51,1
9689,167,2026-06-25,"Standard","Atlantic","Social",15.2,0
9690,1094,2026-02-25,"Standard","Atlantic","Organic",11.79,0
9691,1271,2026-02-03,"Standard","Atlantic","Search",14.06,0
9692,3235,2026-01-08,"Standard","Atlantic","Search",15.76,0
9693,789,2026-03-07,"Signature","Atlantic","Organic",25.32,1
9694,791,2026-05-08,"Standard","Atlantic","Organic",14.68,0
9695,2913,2026-01-19,"Signature","Atlantic","Referral",24.83,0
9696,2985,2026-02-06,"Standard","Atlantic","Organic",13.34,0
9697,2840,2026-01-31,"Signature","Ontario","Organic",28.32,0
9698,703,2026-01-18,"Standard","Atlantic","Organic",18.38,0
9699,2906,2026-02-22,"Signature","Atlantic","Search",18.16,0
9700,228,2026-03-04,"Discovery","Atlantic","Search",32.64,0
9701,116,2026-03-31,"Standard","Atlantic","Search",16.33,1
9702,3970,2026-03-23,"Standard","Atlantic","Referral",10.9,0
9703,2137,2026-04-17,"Signature","Atlantic","Organic",20.71,1
9704,1148,2026-03-23,"Standard","Atlantic","Organic",17.21,0
9705,473,2026-03-13,"Standard","Atlantic","Social",11.97,0
9706,1131,2026-05-27,"Standard","Atlantic","Organic",12.43,1
9707,2586,2026-03-09,"Standard","Atlantic","Social",16.08,0
9708,2263,2026-02-18,"Discovery","Atlantic","Social",34.47,0
9709,3124,2026-01-08,"Standard","Atlantic","Search",11.73,1
9710,3973,2026-02-14,"Standard","Atlantic","Search",15.14,0
9711,2999,2026-01-01,"Standard","Ontario","Referral",14.35,0
9712,1558,2026-03-23,"Standard","Atlantic","Social",14.44,0
9713,2657,2026-01-07,"Discovery","Atlantic","Search",30.91,0
9714,1677,2026-03-03,"Standard","Atlantic","Search",18.87,0
9715,1216,2026-01-07,"Standard","Atlantic","Organic",15,0
9716,1096,2026-02-01,"Standard","Atlantic","Organic",14.93,0
9717,1846,2026-01-17,"Standard","Atlantic","Organic",13.93,0
9718,1534,2026-02-16,"Standard","Atlantic","Organic",13.87,0
9719,505,2026-06-07,"Standard","Atlantic","Organic",14.49,0
9720,9,2026-04-05,"Signature","Atlantic","Search",22.25,0
9721,101,2026-01-31,"Standard","Atlantic","Organic",15.21,0
9722,721,2026-05-15,"Standard","Atlantic","Organic",13.06,0
9723,1215,2026-06-13,"Signature","Atlantic","Organic",22.48,1
9724,3332,2026-01-09,"Standard","Atlantic","Social",13.67,1
9725,2007,2026-04-03,"Standard","Atlantic","Organic",16.61,1
9726,838,2026-03-20,"Signature","Ontario","Referral",23.49,0
9727,161,2026-04-20,"Standard","Atlantic","Social",16.65,0
9728,3622,2026-03-22,"Standard","Atlantic","Organic",17.56,0
9729,3581,2026-04-02,"Discovery","Atlantic","Referral",35.18,0
9730,2885,2026-03-21,"Signature","Atlantic","Social",22.12,0
9731,1414,2026-01-26,"Standard","Atlantic","Referral",13.76,1
9732,210,2026-02-24,"Standard","Ontario","Organic",17.49,0
9733,2709,2026-03-19,"Standard","Atlantic","Organic",19.33,0
9734,1218,2026-02-02,"Standard","Ontario","Social",17.12,0
9735,2083,2026-05-17,"Standard","Atlantic","Organic",13.46,1
9736,3491,2026-01-16,"Signature","Atlantic","Organic",19.58,0
9737,3542,2026-02-16,"Standard","Atlantic","Retail_partner",10.46,1
9738,740,2026-05-08,"Standard","Atlantic","Organic",11.23,0
9739,3135,2026-05-20,"Standard","Atlantic","Search",15.39,0
9740,2880,2026-02-20,"Standard","Atlantic","Search",13.02,1
9741,3429,2026-06-15,"Signature","Atlantic","Organic",23.49,0
9742,1046,2026-06-09,"Discovery","Atlantic","Referral",35.76,0
9743,3763,2026-03-12,"Signature","Ontario","Referral",22.29,1
9744,3945,2026-03-09,"Signature","Ontario","Search",25.7,1
9745,3993,2026-03-01,"Signature","Atlantic","Organic",21.62,0
9746,693,2026-06-17,"Signature","Atlantic","Retail_partner",21.95,0
9747,1049,2026-03-01,"Standard","Atlantic","Organic",19.22,0
9748,1375,2026-01-17,"Standard","Atlantic","Search",16.82,0
9749,3772,2026-06-09,"Signature","Atlantic","Organic",21.11,1
9750,2836,2026-01-01,"Discovery","Ontario","Organic",33.89,0
9751,2107,2026-03-07,"Signature","Ontario","Referral",27.1,1
9752,286,2026-05-08,"Standard","Atlantic","Organic",11.25,0
9753,1562,2026-01-04,"Discovery","Atlantic","Organic",29.78,1
9754,1715,2026-02-14,"Standard","Atlantic","Referral",12.2,1
9755,931,2026-05-10,"Standard","Atlantic","Organic",14.47,0
9756,3649,2026-03-09,"Signature","Atlantic","Retail_partner",23.38,0
9757,3364,2026-01-27,"Standard","Atlantic","Organic",12.92,0
9758,3777,2026-04-26,"Discovery","Atlantic","Organic",32.57,1
9759,2622,2026-02-20,"Signature","Ontario","Social",23.45,0
9760,1512,2026-03-25,"Discovery","Ontario","Organic",33.16,0
9761,305,2026-03-08,"Discovery","Ontario","Search",34.54,0
9762,969,2026-05-07,"Signature","Atlantic","Organic",19.76,0
9763,1825,2026-03-08,"Signature","Atlantic","Retail_partner",23.89,0
9764,3595,2026-01-24,"Standard","Atlantic","Social",13.92,0
9765,1454,2026-02-15,"Standard","Atlantic","Retail_partner",13.93,0
9766,3385,2026-01-07,"Standard","Ontario","Social",13.26,0
9767,2997,2026-02-17,"Signature","Atlantic","Organic",20.21,0
9768,2696,2026-06-19,"Standard","Ontario","Organic",12.92,1
9769,15,2026-02-12,"Signature","Atlantic","Organic",19.8,0
9770,1815,2026-07-01,"Standard","Atlantic","Search",17.47,0
9771,43,2026-06-30,"Signature","Atlantic","Social",26.67,0
9772,2940,2026-04-07,"Signature","Atlantic","Search",27.17,0
9773,1391,2026-05-28,"Standard","Atlantic","Organic",17.35,1
9774,1317,2026-01-19,"Signature","Atlantic","Organic",20.6,0
9775,342,2026-04-01,"Standard","Atlantic","Social",12.22,0
9776,3357,2026-02-09,"Signature","Atlantic","Organic",20.73,0
9777,2644,2026-05-20,"Standard","Atlantic","Retail_partner",18.29,0
9778,3155,2026-06-26,"Standard","Atlantic","Organic",13.89,0
9779,2518,2026-01-28,"Standard","Atlantic","Social",16.47,0
9780,3743,2026-03-04,"Signature","Atlantic","Organic",23.41,0
9781,1046,2026-04-24,"Signature","Atlantic","Social",24.61,0
9782,286,2026-03-06,"Standard","Atlantic","Social",15.45,1
9783,3155,2026-03-10,"Signature","Ontario","Referral",28.38,1
9784,1458,2026-03-04,"Standard","Ontario","Social",19.57,1
9785,3551,2026-01-22,"Standard","Atlantic","Search",15.57,0
9786,1438,2026-04-20,"Signature","Ontario","Retail_partner",26.19,0
9787,2598,2026-02-24,"Discovery","Atlantic","Organic",32.71,1
9788,29,2026-03-31,"Standard","Atlantic","Search",18.1,0
9789,305,2026-03-26,"Standard","Atlantic","Social",11.51,0
9790,3529,2026-02-22,"Signature","Atlantic","Social",26.34,0
9791,3666,2026-03-28,"Standard","Atlantic","Referral",15.6,0
9792,3213,2026-05-30,"Signature","Ontario","Retail_partner",22.15,1
9793,2540,2026-01-04,"Signature","Ontario","Social",21.06,0
9794,1444,2026-03-27,"Standard","Atlantic","Referral",14.7,0
9795,2900,2026-02-28,"Standard","Atlantic","Organic",15.19,0
9796,2572,2026-03-14,"Standard","Atlantic","Social",17.58,0
9797,2447,2026-06-22,"Standard","Atlantic","Organic",13.42,0
9798,1581,2026-01-23,"Signature","Ontario","Organic",25.6,0
9799,3028,2026-06-27,"Discovery","Atlantic","Referral",32.66,0
9800,2452,2026-01-04,"Signature","Atlantic","Organic",22.37,0
9801,1321,2026-04-04,"Standard","Ontario","Organic",14.9,0
9802,3894,2026-06-30,"Signature","Atlantic","Organic",16.21,0
9803,1610,2026-04-16,"Standard","Atlantic","Social",16.66,0
9804,2210,2026-04-19,"Standard","Atlantic","Organic",12.79,0
9805,3654,2026-01-16,"Discovery","Atlantic","Referral",33.49,0
9806,2316,2026-03-23,"Standard","Atlantic","Search",11.74,1
9807,3866,2026-06-28,"Standard","Atlantic","Search",18.89,1
9808,1720,2026-06-07,"Standard","Atlantic","Organic",16.41,1
9809,2599,2026-05-22,"Standard","Atlantic","Search",15.81,0
9810,2641,2026-06-11,"Signature","Atlantic","Organic",18.9,0
9811,2245,2026-04-03,"Discovery","Atlantic","Organic",33.33,0
9812,1463,2026-03-23,"Standard","Atlantic","Referral",14.4,0
9813,703,2026-02-14,"Signature","Atlantic","Organic",22.87,0
9814,1347,2026-03-13,"Standard","Atlantic","Organic",11.83,0
9815,1898,2026-06-21,"Discovery","Atlantic","Retail_partner",38.17,0
9816,633,2026-04-03,"Discovery","Atlantic","Organic",32.36,0
9817,1768,2026-06-25,"Standard","Atlantic","Social",18.03,1
9818,581,2026-05-06,"Standard","Atlantic","Organic",16.28,0
9819,3323,2026-03-23,"Standard","Ontario","Referral",12.13,0
9820,2948,2026-02-04,"Signature","Atlantic","Retail_partner",16.44,0
9821,2076,2026-02-08,"Standard","Atlantic","Retail_partner",14.77,0
9822,2686,2026-06-07,"Signature","Atlantic","Referral",27.99,0
9823,558,2026-03-21,"Standard","Ontario","Search",16.5,0
9824,1140,2026-04-04,"Signature","Atlantic","Search",18.69,0
9825,2727,2026-02-14,"Discovery","Ontario","Organic",36.16,0
9826,2972,2026-05-16,"Standard","Atlantic","Retail_partner",11.56,1
9827,3840,2026-03-05,"Standard","Atlantic","Social",13.8,1
9828,1253,2026-01-26,"Discovery","Ontario","Organic",32.69,0
9829,2200,2026-06-27,"Standard","Atlantic","Referral",18.71,1
9830,491,2026-03-21,"Standard","Atlantic","Retail_partner",15.46,0
9831,2596,2026-01-30,"Signature","Atlantic","Organic",18.85,0
9832,2363,2026-04-17,"Standard","Atlantic","Social",12.7,0
9833,851,2026-06-28,"Signature","Atlantic","Search",21.18,0
9834,1768,2026-03-26,"Signature","Atlantic","Search",21.46,0
9835,3589,2026-03-24,"Standard","Atlantic","Organic",14.99,0
9836,1763,2026-06-27,"Standard","Atlantic","Search",17.52,1
9837,3261,2026-05-23,"Discovery","Ontario","Referral",36.04,0
9838,1041,2026-03-14,"Discovery","Atlantic","Organic",31.15,0
9839,3116,2026-03-13,"Standard","Atlantic","Social",17.97,0
9840,521,2026-06-08,"Standard","Atlantic","Organic",15.61,0
9841,3888,2026-03-10,"Signature","Atlantic","Search",20.4,1
9842,2377,2026-04-13,"Standard","Ontario","Search",13.86,0
9843,381,2026-03-22,"Standard","Atlantic","Referral",14.27,0
9844,1771,2026-06-07,"Standard","Atlantic","Retail_partner",15.87,0
9845,2231,2026-04-13,"Standard","Atlantic","Referral",16.15,0
9846,2086,2026-06-02,"Standard","Ontario","Social",17.11,0
9847,411,2026-02-20,"Signature","Atlantic","Organic",26.82,0
9848,3822,2026-01-22,"Signature","Atlantic","Search",22.17,0
9849,179,2026-03-23,"Standard","Atlantic","Organic",15.99,1
9850,663,2026-05-17,"Discovery","Atlantic","Search",34.52,0
9851,2299,2026-02-14,"Standard","Atlantic","Organic",18.6,1
9852,1830,2026-01-04,"Standard","Atlantic","Search",11.15,0
9853,2480,2026-01-17,"Standard","Atlantic","Retail_partner",17.41,0
9854,3194,2026-05-01,"Signature","Atlantic","Organic",21.49,0
9855,233,2026-03-03,"Standard","Atlantic","Search",16.27,1
9856,3091,2026-02-28,"Signature","Atlantic","Search",24.89,0
9857,3416,2026-03-08,"Signature","Atlantic","Referral",24,0
9858,2503,2026-02-20,"Standard","Atlantic","Referral",13.66,0
9859,26,2026-03-16,"Signature","Atlantic","Search",21.53,0
9860,651,2026-05-03,"Signature","Atlantic","Search",21.25,0
9861,2887,2026-03-16,"Standard","Atlantic","Search",16.67,0
9862,1057,2026-01-22,"Standard","Ontario","Organic",17.26,0
9863,2442,2026-03-05,"Discovery","Atlantic","Organic",31.11,0
9864,2753,2026-04-19,"Signature","Ontario","Social",23.59,0
9865,1941,2026-03-03,"Signature","Atlantic","Referral",20.86,0
9866,3339,2026-02-24,"Signature","Atlantic","Referral",18.58,0
9867,1968,2026-01-05,"Standard","Ontario","Search",17.15,1
9868,1357,2026-01-30,"Standard","Atlantic","Organic",18.3,1
9869,3832,2026-04-05,"Standard","Atlantic","Referral",19.03,0
9870,3483,2026-05-26,"Discovery","Atlantic","Retail_partner",30.27,0
9871,1677,2026-02-03,"Signature","Atlantic","Referral",21.44,1
9872,3998,2026-01-13,"Signature","Atlantic","Referral",25.77,0
9873,2320,2026-05-11,"Standard","Atlantic","Search",13.05,0
9874,2703,2026-06-07,"Discovery","Atlantic","Referral",26.5,1
9875,1915,2026-03-07,"Standard","Ontario","Social",18.16,1
9876,3445,2026-01-22,"Standard","Atlantic","Social",16.14,0
9877,2064,2026-04-22,"Standard","Atlantic","Search",17.01,0
9878,2952,2026-04-09,"Standard","Ontario","Organic",11.64,0
9879,3308,2026-05-29,"Discovery","Atlantic","Social",32.3,0
9880,3925,2026-01-17,"Standard","Atlantic","Search",16.64,0
9881,2968,2026-05-01,"Standard","Atlantic","Social",16.23,0
9882,2004,2026-02-27,"Standard","Atlantic","Social",12.48,0
9883,449,2026-06-13,"Discovery","Atlantic","Search",26.13,0
9884,453,2026-03-12,"Standard","Atlantic","Retail_partner",14.93,1
9885,3252,2026-01-21,"Signature","Atlantic","Referral",22.99,0
9886,3399,2026-02-25,"Discovery","Atlantic","Retail_partner",32.63,0
9887,2101,2026-04-19,"Standard","Atlantic","Search",15.4,0
9888,3370,2026-01-17,"Standard","Atlantic","Organic",8.01,0
9889,2027,2026-02-23,"Standard","Atlantic","Organic",12.02,0
9890,959,2026-04-14,"Discovery","Atlantic","Social",28.68,0
9891,52,2026-03-21,"Signature","Atlantic","Organic",25.46,0
9892,868,2026-02-05,"Discovery","Ontario","Search",36.4,0
9893,1595,2026-01-28,"Signature","Atlantic","Organic",23.04,0
9894,1388,2026-05-20,"Standard","Ontario","Retail_partner",16.22,0
9895,1088,2026-02-02,"Signature","Atlantic","Organic",25.84,0
9896,627,2026-01-14,"Standard","Ontario","Referral",17.54,1
9897,2890,2026-02-11,"Signature","Atlantic","Organic",26.32,0
9898,44,2026-05-05,"Standard","Atlantic","Organic",11.53,1
9899,1601,2026-06-17,"Discovery","Atlantic","Organic",30.75,0
9900,1078,2026-05-14,"Signature","Atlantic","Organic",23.5,0
9901,3348,2026-05-30,"Standard","Atlantic","Social",14.25,1
9902,1093,2026-04-03,"Standard","Atlantic","Referral",17.6,0
9903,459,2026-04-23,"Standard","Atlantic","Search",18.93,0
9904,595,2026-02-28,"Standard","Atlantic","Search",12.87,0
9905,1008,2026-03-02,"Standard","Atlantic","Social",13.83,0
9906,3714,2026-01-26,"Standard","Atlantic","Search",13.59,1
9907,24,2026-05-02,"Signature","Atlantic","Organic",23.71,0
9908,707,2026-04-15,"Signature","Atlantic","Organic",22.18,0
9909,3760,2026-05-14,"Signature","Atlantic","Social",21.79,0
9910,1843,2026-05-12,"Standard","Ontario","Retail_partner",17.18,0
9911,2812,2026-05-16,"Standard","Atlantic","Organic",13.87,0
9912,3666,2026-02-28,"Standard","Atlantic","Organic",19.37,0
9913,1391,2026-02-28,"Standard","Atlantic","Social",18.81,0
9914,1481,2026-03-23,"Standard","Atlantic","Social",12.39,0
9915,21,2026-04-05,"Standard","Atlantic","Retail_partner",15.54,0
9916,1973,2026-03-28,"Standard","Atlantic","Social",17.89,1
9917,3402,2026-04-27,"Discovery","Atlantic","Retail_partner",36.65,0
9918,636,2026-05-04,"Standard","Atlantic","Organic",21.38,1
9919,1373,2026-01-16,"Standard","Atlantic","Search",13.34,0
9920,1927,2026-01-04,"Standard","Atlantic","Referral",11.9,1
9921,782,2026-06-10,"Signature","Atlantic","Organic",25.44,1
9922,723,2026-01-14,"Discovery","Ontario","Referral",33.57,0
9923,3123,2026-02-10,"Standard","Ontario","Search",15.92,0
9924,3173,2026-05-18,"Discovery","Atlantic","Organic",28.26,0
9925,479,2026-01-31,"Standard","Atlantic","Retail_partner",13.5,0
9926,2910,2026-04-19,"Standard","Atlantic","Organic",13.17,0
9927,3334,2026-06-24,"Standard","Ontario","Search",16.56,0
9928,2327,2026-02-20,"Standard","Atlantic","Social",16.4,0
9929,2575,2026-03-13,"Discovery","Atlantic","Social",26.42,0
9930,264,2026-03-17,"Standard","Ontario","Social",14.44,0
9931,3896,2026-04-17,"Standard","Atlantic","Referral",16.66,0
9932,3389,2026-04-23,"Standard","Atlantic","Search",17.4,0
9933,589,2026-03-29,"Signature","Atlantic","Social",21.84,0
9934,2439,2026-06-03,"Standard","Atlantic","Social",14.59,0
9935,1246,2026-03-31,"Signature","Atlantic","Search",23.5,0
9936,2609,2026-03-09,"Discovery","Atlantic","Organic",32.45,0
9937,1652,2026-05-12,"Standard","Ontario","Referral",13.74,0
9938,3241,2026-05-02,"Standard","Ontario","Referral",16.14,0
9939,3778,2026-01-29,"Standard","Atlantic","Organic",14.89,0
9940,1045,2026-05-08,"Standard","Atlantic","Referral",8.39,0
9941,1420,2026-06-23,"Signature","Atlantic","Organic",22.41,0
9942,1045,2026-02-10,"Standard","Atlantic","Search",15.76,1
9943,2269,2026-02-25,"Standard","Atlantic","Search",12.54,0
9944,2717,2026-01-08,"Standard","Ontario","Social",17.11,1
9945,311,2026-03-13,"Standard","Atlantic","Referral",15.38,1
9946,2188,2026-03-10,"Standard","Atlantic","Retail_partner",13.64,0
9947,1044,2026-04-02,"Standard","Atlantic","Retail_partner",16.97,0
9948,2720,2026-06-18,"Discovery","Ontario","Organic",34.07,1
9949,2413,2026-04-28,"Discovery","Atlantic","Organic",30.74,0
9950,1344,2026-01-28,"Discovery","Atlantic","Search",30.32,0
9951,2692,2026-04-28,"Standard","Ontario","Organic",18.99,0
9952,955,2026-04-11,"Discovery","Ontario","Referral",36.46,0
9953,2754,2026-01-10,"Signature","Atlantic","Social",18.59,0
9954,3428,2026-02-22,"Standard","Atlantic","Social",16.16,1
9955,2422,2026-03-22,"Standard","Atlantic","Retail_partner",12.97,0
9956,235,2026-02-06,"Discovery","Atlantic","Organic",30.78,0
9957,546,2026-06-29,"Standard","Atlantic","Social",16.11,0
9958,149,2026-06-05,"Discovery","Ontario","Social",31.13,0
9959,3299,2026-06-25,"Signature","Ontario","Referral",23.39,0
9960,392,2026-06-15,"Standard","Atlantic","Retail_partner",16.7,0
9961,3021,2026-01-29,"Standard","Atlantic","Organic",11.1,0
9962,3386,2026-02-06,"Standard","Atlantic","Social",15.7,1
9963,591,2026-02-09,"Standard","Atlantic","Social",15.78,0
9964,2748,2026-04-12,"Standard","Atlantic","Organic",14.85,1
9965,1448,2026-06-24,"Standard","Atlantic","Search",16.85,0
9966,762,2026-04-05,"Signature","Atlantic","Organic",23.24,0
9967,3929,2026-03-04,"Standard","Ontario","Retail_partner",14.85,0
9968,2213,2026-04-20,"Signature","Atlantic","Referral",23.88,0
9969,239,2026-05-22,"Standard","Atlantic","Social",14.72,1
9970,2555,2026-02-26,"Standard","Atlantic","Search",16.27,0
9971,2844,2026-05-28,"Discovery","Atlantic","Organic",32.56,0
9972,2981,2026-03-03,"Standard","Atlantic","Organic",15.09,0
9973,3328,2026-04-17,"Signature","Atlantic","Search",21,0
9974,3113,2026-05-18,"Standard","Atlantic","Organic",13.81,0
9975,2052,2026-04-25,"Standard","Atlantic","Search",15.42,0
9976,2855,2026-02-19,"Signature","Ontario","Organic",21.53,0
9977,882,2026-05-05,"Standard","Ontario","Organic",18.83,0
9978,155,2026-03-17,"Standard","Atlantic","Social",12.48,0
9979,1638,2026-04-15,"Standard","Atlantic","Social",14.49,0
9980,1007,2026-05-18,"Standard","Atlantic","Referral",16.34,0
9981,216,2026-04-20,"Standard","Atlantic","Referral",14.81,0
9982,3431,2026-03-02,"Standard","Atlantic","Search",15.85,0
9983,702,2026-06-04,"Signature","Atlantic","Retail_partner",21.39,0
9984,238,2026-02-27,"Discovery","Atlantic","Social",32.89,0
9985,762,2026-06-28,"Standard","Atlantic","Organic",18.97,1
9986,2348,2026-03-17,"Discovery","Atlantic","Retail_partner",29.44,0
9987,3742,2026-03-24,"Signature","Atlantic","Social",23.16,0
9988,3346,2026-02-07,"Standard","Ontario","Retail_partner",16.69,0
9989,1355,2026-04-28,"Signature","Atlantic","Social",25.59,0
9990,2811,2026-03-22,"Standard","Atlantic","Search",10.47,0
9991,616,2026-01-22,"Discovery","Ontario","Search",30.17,0
9992,3930,2026-05-06,"Signature","Atlantic","Organic",21.73,0
9993,1847,2026-04-17,"Signature","Atlantic","Organic",20.53,0
9994,2026,2026-06-02,"Signature","Ontario","Organic",23.31,0
9995,63,2026-05-07,"Discovery","Atlantic","Organic",31.59,0
9996,2111,2026-04-01,"Signature","Atlantic","Referral",19.56,0
9997,2109,2026-05-04,"Discovery","Ontario","Social",34.75,0
9998,1269,2026-01-01,"Signature","Atlantic","Organic",26.96,0
9999,87,2026-06-30,"Standard","Atlantic","Search",9.72,0
10000,1390,2026-01-15,"Standard","Atlantic","Search",13.29,0
10001,2578,2026-04-29,"Standard","Atlantic","Search",17.06,0
10002,781,2026-03-15,"Signature","Ontario","Social",21.82,0
10003,3617,2026-01-07,"Signature","Atlantic","Organic",18.88,1
10004,1027,2026-03-28,"Signature","Atlantic","Organic",23.72,0
10005,248,2026-03-30,"Signature","Atlantic","Retail_partner",25.38,0
10006,1116,2026-04-06,"Discovery","Atlantic","Search",33.68,0
10007,3116,2026-02-19,"Signature","Atlantic","Search",19.21,1
10008,3291,2026-02-17,"Signature","Atlantic","Search",17.77,1
10009,311,2026-04-29,"Signature","Atlantic","Retail_partner",23.38,0
10010,1574,2026-04-15,"Standard","Atlantic","Organic",14.62,0
10011,1626,2026-05-08,"Standard","Ontario","Referral",17.04,0
10012,2307,2026-04-29,"Standard","Ontario","Social",19.19,0
10013,2071,2026-04-12,"Signature","Atlantic","Social",21.34,0
10014,3461,2026-04-29,"Standard","Atlantic","Social",18.9,0
10015,3375,2026-01-16,"Signature","Atlantic","Referral",25.61,0
10016,3066,2026-05-13,"Signature","Atlantic","Search",23.62,0
10017,733,2026-03-15,"Standard","Atlantic","Referral",20.12,0
10018,2583,2026-06-06,"Standard","Atlantic","Organic",17.04,0
10019,3707,2026-02-27,"Standard","Atlantic","Search",16.56,1
10020,2942,2026-02-28,"Signature","Atlantic","Search",23.53,0
10021,2408,2026-03-28,"Signature","Atlantic","Search",24.53,0
10022,1184,2026-04-29,"Standard","Atlantic","Retail_partner",15.51,1
10023,3993,2026-02-18,"Standard","Ontario","Social",16.77,0
10024,980,2026-03-12,"Discovery","Atlantic","Search",32.03,0
10025,672,2026-04-06,"Signature","Atlantic","Search",19.29,0
10026,3488,2026-01-10,"Signature","Atlantic","Organic",26.08,0
10027,2692,2026-05-17,"Signature","Ontario","Search",21.02,0
10028,1240,2026-02-10,"Standard","Atlantic","Retail_partner",11.7,0
10029,2946,2026-02-03,"Discovery","Atlantic","Organic",30.57,0
10030,1532,2026-02-20,"Standard","Atlantic","Referral",15.2,0
10031,2274,2026-04-30,"Standard","Atlantic","Organic",13.74,1
10032,2996,2026-05-03,"Standard","Atlantic","Referral",9.1,0
10033,554,2026-01-18,"Standard","Atlantic","Organic",14.92,1
10034,2791,2026-05-20,"Standard","Ontario","Search",17.47,0
10035,252,2026-03-21,"Standard","Atlantic","Retail_partner",14.03,1
10036,2976,2026-02-25,"Standard","Ontario","Retail_partner",17.48,0
10037,829,2026-03-30,"Standard","Atlantic","Referral",15.89,0
10038,1283,2026-02-21,"Standard","Atlantic","Search",14.37,0
10039,35,2026-05-21,"Signature","Atlantic","Social",27.25,0
10040,1398,2026-03-03,"Signature","Atlantic","Referral",23.95,1
10041,3213,2026-01-21,"Signature","Ontario","Social",22.06,0
10042,3761,2026-02-21,"Standard","Atlantic","Search",16.78,0
10043,3416,2026-04-07,"Standard","Atlantic","Organic",11.85,0
10044,65,2026-01-07,"Signature","Atlantic","Retail_partner",22.16,0
10045,3004,2026-03-30,"Standard","Atlantic","Organic",13.01,0
10046,2688,2026-01-20,"Signature","Atlantic","Organic",20.69,0
10047,2910,2026-03-08,"Signature","Atlantic","Search",19.11,0
10048,822,2026-05-02,"Standard","Ontario","Organic",17.84,1
10049,2055,2026-03-16,"Standard","Atlantic","Search",13.91,0
10050,801,2026-06-17,"Signature","Ontario","Organic",24.41,0
10051,569,2026-05-26,"Standard","Atlantic","Search",13.24,0
10052,338,2026-01-14,"Signature","Ontario","Social",27.07,0
10053,3083,2026-03-20,"Signature","Atlantic","Search",21.25,0
10054,3958,2026-05-20,"Standard","Atlantic","Organic",16.94,1
10055,3025,2026-05-16,"Signature","Atlantic","Referral",19.23,1
10056,3982,2026-01-16,"Signature","Atlantic","Organic",22.06,0
10057,241,2026-03-12,"Standard","Atlantic","Social",17.01,0
10058,584,2026-02-20,"Discovery","Atlantic","Referral",32.56,0
10059,3240,2026-04-19,"Standard","Atlantic","Referral",16.63,0
10060,104,2026-04-11,"Standard","Atlantic","Organic",12.83,1
10061,1711,2026-01-13,"Standard","Ontario","Social",17.37,0
10062,268,2026-05-29,"Discovery","Atlantic","Search",30.91,0
10063,2571,2026-05-14,"Standard","Atlantic","Organic",17.71,0
10064,1204,2026-03-12,"Standard","Atlantic","Organic",17.29,0
10065,2855,2026-01-11,"Standard","Atlantic","Retail_partner",11.91,0
10066,205,2026-02-18,"Signature","Ontario","Organic",24.21,0
10067,3749,2026-05-23,"Signature","Atlantic","Social",27.05,0
10068,3456,2026-06-15,"Standard","Atlantic","Organic",10.91,0
10069,228,2026-04-08,"Standard","Ontario","Organic",16.05,0
10070,993,2026-03-19,"Standard","Atlantic","Organic",16.03,0
10071,906,2026-06-09,"Standard","Atlantic","Social",17.3,0
10072,2043,2026-01-08,"Standard","Atlantic","Organic",14.02,0
10073,3516,2026-01-20,"Signature","Atlantic","Social",23.63,0
10074,1609,2026-01-23,"Standard","Atlantic","Retail_partner",17.14,0
10075,2712,2026-02-08,"Standard","Ontario","Retail_partner",22.19,0
10076,3010,2026-06-03,"Standard","Ontario","Organic",17.38,0
10077,1613,2026-03-21,"Standard","Atlantic","Organic",17.08,0
10078,3011,2026-05-16,"Signature","Ontario","Organic",23.95,0
10079,3703,2026-01-03,"Standard","Atlantic","Search",12.37,1
10080,2004,2026-02-15,"Standard","Atlantic","Search",18.9,0
10081,2290,2026-05-05,"Standard","Atlantic","Organic",16.18,0
10082,1129,2026-05-10,"Signature","Atlantic","Retail_partner",17.03,1
10083,3701,2026-02-14,"Standard","Atlantic","Social",18.57,0
10084,389,2026-02-27,"Signature","Atlantic","Organic",21.83,0
10085,3819,2026-05-23,"Signature","Atlantic","Referral",24.98,0
10086,1049,2026-03-22,"Standard","Ontario","Referral",15.09,0
10087,478,2026-02-04,"Standard","Atlantic","Search",13.27,0
10088,1088,2026-01-29,"Standard","Ontario","Referral",18.26,1
10089,1125,2026-02-22,"Standard","Ontario","Referral",15.47,1
10090,666,2026-03-25,"Signature","Atlantic","Social",26.34,0
10091,757,2026-01-04,"Standard","Atlantic","Retail_partner",14.85,0
10092,3532,2026-02-09,"Discovery","Atlantic","Organic",35.34,0
10093,1889,2026-04-30,"Signature","Atlantic","Social",24.33,0
10094,1271,2026-05-25,"Signature","Ontario","Search",26.11,0
10095,3776,2026-04-05,"Signature","Atlantic","Retail_partner",22.02,0
10096,1599,2026-01-25,"Standard","Atlantic","Social",17.28,0
10097,1329,2026-06-14,"Standard","Atlantic","Organic",10.35,0
10098,1330,2026-06-22,"Discovery","Atlantic","Retail_partner",33.48,0
10099,2405,2026-01-15,"Standard","Atlantic","Organic",14.99,0
10100,3187,2026-04-30,"Standard","Atlantic","Search",16.6,1
10101,2757,2026-02-18,"Standard","Atlantic","Search",8.05,1
10102,398,2026-02-23,"Standard","Atlantic","Organic",12.97,1
10103,393,2026-04-22,"Discovery","Atlantic","Referral",32.75,0
10104,2291,2026-06-04,"Signature","Ontario","Search",18.77,1
10105,3632,2026-04-29,"Signature","Atlantic","Social",19.07,0
10106,1343,2026-06-22,"Standard","Atlantic","Organic",15.38,0
10107,3431,2026-04-12,"Standard","Ontario","Search",17.63,0
10108,2078,2026-05-09,"Standard","Atlantic","Search",13.96,0
10109,2822,2026-01-17,"Standard","Atlantic","Retail_partner",18.28,0
10110,3201,2026-04-09,"Discovery","Atlantic","Retail_partner",32.84,0
10111,2111,2026-05-05,"Standard","Ontario","Social",18.01,0
10112,833,2026-01-10,"Discovery","Atlantic","Organic",32.39,1
10113,2686,2026-03-10,"Discovery","Atlantic","Organic",33.23,0
10114,1095,2026-01-01,"Standard","Atlantic","Social",15.58,0
10115,2440,2026-05-02,"Signature","Atlantic","Organic",21.41,0
10116,708,2026-04-27,"Standard","Atlantic","Social",19.4,0
10117,1304,2026-02-20,"Discovery","Atlantic","Search",29.09,0
10118,1148,2026-02-25,"Standard","Atlantic","Organic",11.59,0
10119,1906,2026-05-22,"Standard","Ontario","Organic",13.92,0
10120,2612,2026-01-30,"Signature","Atlantic","Organic",24.38,0
10121,2046,2026-03-01,"Standard","Atlantic","Social",16.66,0
10122,199,2026-05-16,"Signature","Atlantic","Social",23.7,1
10123,1074,2026-02-23,"Signature","Atlantic","Referral",23.16,0
10124,359,2026-03-09,"Discovery","Ontario","Social",37.54,0
10125,1448,2026-05-27,"Discovery","Ontario","Referral",35.92,0
10126,1014,2026-05-17,"Standard","Atlantic","Search",17.9,0
10127,1191,2026-01-01,"Signature","Ontario","Social",25.85,1
10128,3200,2026-02-19,"Standard","Ontario","Referral",10.98,1
10129,2110,2026-05-21,"Signature","Ontario","Retail_partner",21.08,1
10130,3156,2026-01-29,"Discovery","Atlantic","Retail_partner",30.19,0
10131,150,2026-06-14,"Signature","Atlantic","Referral",22.04,0
10132,3599,2026-06-11,"Standard","Atlantic","Organic",18.24,1
10133,826,2026-01-08,"Standard","Atlantic","Organic",16.1,0
10134,2202,2026-02-16,"Signature","Atlantic","Referral",22.64,0
10135,66,2026-06-24,"Signature","Ontario","Search",25.69,0
10136,1197,2026-05-18,"Standard","Atlantic","Organic",13.59,0
10137,130,2026-01-06,"Standard","Ontario","Referral",16.39,0
10138,569,2026-06-21,"Standard","Atlantic","Search",13.73,0
10139,1880,2026-01-30,"Signature","Atlantic","Organic",24.63,0
10140,1760,2026-02-25,"Standard","Atlantic","Search",11.65,0
10141,1972,2026-01-25,"Standard","Atlantic","Search",16.19,1
10142,480,2026-06-05,"Signature","Atlantic","Organic",24.01,0
10143,3448,2026-03-05,"Signature","Ontario","Organic",23.91,1
10144,1053,2026-02-16,"Signature","Ontario","Organic",19.91,0
10145,1648,2026-05-31,"Standard","Atlantic","Organic",12.61,0
10146,343,2026-06-11,"Standard","Atlantic","Referral",13.95,1
10147,3319,2026-06-27,"Standard","Atlantic","Search",12.58,0
10148,2935,2026-06-13,"Signature","Atlantic","Social",23.09,0
10149,2186,2026-04-28,"Standard","Ontario","Social",17,0
10150,1334,2026-03-29,"Signature","Atlantic","Organic",24.7,0
10151,1618,2026-06-06,"Standard","Atlantic","Search",14.22,0
10152,7,2026-06-12,"Standard","Ontario","Organic",14.23,1
10153,1683,2026-03-08,"Standard","Atlantic","Social",16.61,0
10154,2898,2026-02-08,"Standard","Atlantic","Organic",13.09,0
10155,307,2026-04-15,"Discovery","Atlantic","Referral",35.9,1
10156,2301,2026-04-20,"Discovery","Atlantic","Organic",31.2,0
10157,2815,2026-04-20,"Standard","Atlantic","Referral",11.3,0
10158,3524,2026-04-01,"Signature","Atlantic","Search",19.8,0
10159,2553,2026-07-01,"Signature","Atlantic","Retail_partner",19.67,0
10160,580,2026-02-23,"Standard","Atlantic","Organic",9.93,0
10161,3202,2026-04-16,"Standard","Atlantic","Referral",13.4,0
10162,1773,2026-03-13,"Discovery","Atlantic","Organic",35.2,0
10163,2005,2026-01-21,"Standard","Atlantic","Social",16.53,1
10164,1126,2026-01-04,"Signature","Atlantic","Organic",23.48,0
10165,3943,2026-06-14,"Standard","Atlantic","Retail_partner",14.09,0
10166,195,2026-04-27,"Standard","Atlantic","Referral",12.51,1
10167,3628,2026-02-10,"Discovery","Atlantic","Search",30.62,0
10168,2832,2026-05-28,"Discovery","Atlantic","Referral",30.87,0
10169,1731,2026-04-19,"Signature","Atlantic","Search",22.31,0
10170,2130,2026-01-25,"Standard","Atlantic","Organic",13.65,1
10171,3464,2026-04-28,"Standard","Ontario","Organic",17.62,1
10172,216,2026-03-05,"Standard","Atlantic","Organic",15.54,0
10173,93,2026-04-28,"Standard","Atlantic","Search",17.4,1
10174,3596,2026-03-14,"Standard","Atlantic","Retail_partner",13,0
10175,3665,2026-02-14,"Signature","Atlantic","Organic",24.3,0
10176,1568,2026-05-22,"Standard","Atlantic","Organic",11.8,0
10177,3227,2026-01-23,"Signature","Atlantic","Social",22.33,0
10178,2311,2026-05-25,"Signature","Atlantic","Retail_partner",24.38,0
10179,406,2026-02-02,"Discovery","Atlantic","Organic",28.08,0
10180,435,2026-01-04,"Signature","Atlantic","Referral",22.7,0
10181,1615,2026-06-24,"Signature","Atlantic","Social",16.82,0
10182,3428,2026-03-13,"Standard","Atlantic","Social",13.49,0
10183,663,2026-04-20,"Signature","Atlantic","Search",23.89,0
10184,3352,2026-01-20,"Standard","Atlantic","Organic",14.25,1
10185,211,2026-06-18,"Standard","Atlantic","Retail_partner",13.92,1
10186,1390,2026-02-22,"Standard","Ontario","Organic",14.63,1
10187,1602,2026-04-23,"Standard","Atlantic","Social",13.25,0
10188,1291,2026-06-04,"Standard","Atlantic","Referral",17.47,0
10189,1123,2026-04-01,"Signature","Atlantic","Social",26.16,0
10190,3382,2026-03-09,"Signature","Ontario","Referral",20.71,0
10191,3904,2026-06-30,"Signature","Atlantic","Search",23.32,1
10192,3253,2026-04-17,"Standard","Atlantic","Social",13.65,0
10193,3186,2026-02-13,"Signature","Atlantic","Search",22.49,0
10194,3009,2026-06-04,"Standard","Ontario","Social",16.12,0
10195,685,2026-01-13,"Standard","Atlantic","Search",14.46,1
10196,1251,2026-04-28,"Signature","Atlantic","Search",22.13,0
10197,509,2026-04-10,"Standard","Atlantic","Social",9.25,1
10198,301,2026-02-12,"Standard","Ontario","Social",12.89,0
10199,2685,2026-05-18,"Standard","Atlantic","Organic",12.04,0
10200,3501,2026-06-15,"Standard","Atlantic","Referral",12.71,1
10201,887,2026-03-15,"Standard","Atlantic","Organic",19.07,0
10202,93,2026-05-03,"Standard","Atlantic","Organic",15.59,0
10203,1630,2026-06-07,"Standard","Atlantic","Retail_partner",15.23,0
10204,3323,2026-02-03,"Standard","Atlantic","Organic",16.19,0
10205,2110,2026-01-14,"Signature","Atlantic","Social",21.47,0
10206,155,2026-03-05,"Standard","Atlantic","Organic",15.25,1
10207,3369,2026-01-15,"Standard","Atlantic","Social",10.82,0
10208,673,2026-04-29,"Standard","Atlantic","Organic",17.06,0
10209,3870,2026-01-31,"Standard","Ontario","Organic",14.04,0
10210,3149,2026-01-15,"Standard","Atlantic","Organic",13.71,0
10211,3653,2026-04-22,"Discovery","Atlantic","Search",29.09,0
10212,2490,2026-01-20,"Discovery","Atlantic","Social",28.28,0
10213,1609,2026-03-25,"Signature","Ontario","Social",25.55,0
10214,3313,2026-05-27,"Signature","Atlantic","Referral",18.67,0
10215,80,2026-06-23,"Discovery","Atlantic","Organic",31.26,1
10216,464,2026-05-05,"Signature","Atlantic","Search",19.4,0
10217,3818,2026-04-11,"Standard","Atlantic","Organic",15.25,0
10218,2352,2026-04-18,"Standard","Atlantic","Organic",13.93,1
10219,3526,2026-02-01,"Standard","Atlantic","Referral",13.3,0
10220,1284,2026-01-30,"Signature","Ontario","Organic",25.77,1
10221,3391,2026-04-19,"Signature","Atlantic","Retail_partner",20.9,1
10222,3854,2026-05-07,"Standard","Atlantic","Organic",11.86,0
10223,3775,2026-02-08,"Standard","Atlantic","Referral",12.25,0
10224,47,2026-01-12,"Standard","Atlantic","Organic",12.41,0
10225,2096,2026-04-01,"Discovery","Atlantic","Referral",33.6,0
10226,2442,2026-05-25,"Discovery","Ontario","Social",30.37,0
10227,2687,2026-01-13,"Standard","Atlantic","Organic",13.74,0
10228,2561,2026-06-18,"Signature","Ontario","Search",25.45,0
10229,1669,2026-03-22,"Standard","Atlantic","Social",15.42,1
10230,265,2026-06-05,"Discovery","Atlantic","Retail_partner",31.61,0
10231,1697,2026-06-29,"Signature","Atlantic","Referral",21.71,1
10232,3610,2026-05-20,"Standard","Ontario","Search",16.38,1
10233,318,2026-01-08,"Discovery","Ontario","Organic",32.73,0
10234,744,2026-02-22,"Discovery","Ontario","Retail_partner",36.08,0
10235,2700,2026-04-21,"Standard","Atlantic","Search",16.49,0
10236,251,2026-04-10,"Standard","Atlantic","Referral",14.8,0
10237,2677,2026-05-09,"Standard","Atlantic","Search",13.71,0
10238,3265,2026-01-04,"Signature","Ontario","Social",24.71,0
10239,1406,2026-04-07,"Standard","Atlantic","Organic",16.69,0
10240,598,2026-02-02,"Standard","Atlantic","Social",12.91,1
10241,250,2026-02-01,"Signature","Atlantic","Referral",22.79,0
10242,1568,2026-01-27,"Standard","Ontario","Referral",18.15,0
10243,3920,2026-03-24,"Discovery","Atlantic","Search",35.23,0
10244,99,2026-06-13,"Standard","Atlantic","Organic",16.21,0
10245,321,2026-03-22,"Standard","Atlantic","Referral",12.71,0
10246,2154,2026-04-11,"Standard","Atlantic","Search",12.01,0
10247,3170,2026-01-28,"Standard","Ontario","Referral",16.2,1
10248,2924,2026-01-29,"Signature","Ontario","Organic",25.8,0
10249,875,2026-05-14,"Standard","Atlantic","Referral",17.76,1
10250,1802,2026-04-29,"Standard","Atlantic","Retail_partner",13.3,0
10251,101,2026-04-22,"Standard","Atlantic","Social",17.64,0
10252,2122,2026-02-08,"Standard","Atlantic","Organic",15.96,1
10253,1883,2026-01-08,"Standard","Ontario","Retail_partner",19.16,1
10254,3991,2026-03-11,"Signature","Atlantic","Search",24.29,1
10255,172,2026-06-24,"Standard","Atlantic","Retail_partner",17.33,0
10256,2611,2026-02-24,"Standard","Ontario","Organic",21.29,0
10257,391,2026-05-01,"Signature","Atlantic","Social",18.52,1
10258,1862,2026-04-17,"Standard","Atlantic","Retail_partner",17.1,0
10259,4,2026-04-28,"Signature","Atlantic","Organic",20.66,0
10260,2858,2026-02-13,"Standard","Atlantic","Referral",12.81,0
10261,1816,2026-01-31,"Discovery","Atlantic","Social",27.72,0
10262,1673,2026-04-23,"Standard","Atlantic","Social",17.61,0
10263,1208,2026-02-09,"Standard","Ontario","Organic",12.72,0
10264,591,2026-03-22,"Standard","Atlantic","Search",14.78,0
10265,574,2026-04-02,"Standard","Atlantic","Referral",12.56,0
10266,3727,2026-03-13,"Standard","Atlantic","Organic",19.93,1
10267,3968,2026-04-12,"Signature","Atlantic","Search",18.99,1
10268,3893,2026-03-01,"Standard","Atlantic","Organic",14.76,0
10269,2026,2026-04-05,"Signature","Atlantic","Retail_partner",24.34,0
10270,1603,2026-04-05,"Standard","Atlantic","Retail_partner",19.15,0
10271,281,2026-01-02,"Signature","Atlantic","Referral",25.24,1
10272,867,2026-06-13,"Signature","Atlantic","Organic",24.99,0
10273,594,2026-02-09,"Discovery","Atlantic","Social",33.61,0
10274,2091,2026-02-26,"Standard","Atlantic","Social",10.96,0
10275,460,2026-05-29,"Signature","Ontario","Referral",23.73,1
10276,2532,2026-04-18,"Standard","Atlantic","Organic",12.76,0
10277,3124,2026-06-29,"Standard","Ontario","Organic",17.63,0
10278,3065,2026-02-15,"Discovery","Ontario","Organic",35.41,1
10279,3154,2026-03-31,"Standard","Atlantic","Organic",21.84,0
10280,1672,2026-06-21,"Standard","Atlantic","Retail_partner",15.22,0
10281,1241,2026-01-10,"Standard","Ontario","Social",14.56,0
10282,2232,2026-04-27,"Signature","Atlantic","Retail_partner",21.62,0
10283,3208,2026-02-23,"Signature","Atlantic","Organic",23.96,1
10284,385,2026-05-29,"Standard","Atlantic","Referral",15.75,0
10285,41,2026-04-03,"Discovery","Ontario","Referral",33.15,0
10286,261,2026-03-09,"Standard","Atlantic","Organic",19.26,0
10287,3225,2026-05-03,"Standard","Atlantic","Organic",14.81,1
10288,3623,2026-01-25,"Standard","Atlantic","Organic",9.84,1
10289,3264,2026-04-20,"Signature","Atlantic","Organic",19.95,0
10290,2351,2026-03-24,"Standard","Atlantic","Organic",16.67,0
10291,3873,2026-02-21,"Signature","Atlantic","Organic",21.18,0
10292,1337,2026-01-04,"Standard","Atlantic","Retail_partner",16.94,1
10293,2121,2026-05-29,"Standard","Atlantic","Retail_partner",18.46,1
10294,565,2026-05-04,"Signature","Atlantic","Referral",22.31,0
10295,1164,2026-04-15,"Signature","Atlantic","Referral",17.87,0
10296,889,2026-03-01,"Signature","Atlantic","Search",27.34,0
10297,2195,2026-02-03,"Standard","Atlantic","Social",16.61,1
10298,169,2026-02-14,"Standard","Atlantic","Organic",12.8,1
10299,835,2026-01-03,"Discovery","Atlantic","Organic",32.39,0
10300,2112,2026-06-15,"Discovery","Atlantic","Referral",35.31,0
10301,277,2026-05-12,"Discovery","Atlantic","Organic",35.54,0
10302,1943,2026-05-23,"Standard","Atlantic","Organic",11.69,1
10303,2544,2026-05-21,"Discovery","Ontario","Organic",37.47,0
10304,140,2026-03-18,"Standard","Atlantic","Search",7.36,1
10305,3835,2026-03-03,"Standard","Atlantic","Social",11.67,0
10306,3133,2026-05-11,"Standard","Ontario","Social",16.82,0
10307,1597,2026-04-08,"Standard","Atlantic","Organic",11.27,1
10308,2492,2026-04-30,"Signature","Atlantic","Organic",20.75,0
10309,3164,2026-04-09,"Discovery","Atlantic","Retail_partner",33.18,0
10310,208,2026-04-26,"Discovery","Atlantic","Social",35.62,0
10311,3562,2026-05-02,"Signature","Ontario","Search",22.2,0
10312,2214,2026-02-22,"Standard","Atlantic","Search",14.65,0
10313,1053,2026-05-31,"Standard","Atlantic","Search",12.49,0
10314,2214,2026-03-28,"Signature","Atlantic","Referral",22.22,0
10315,2665,2026-02-20,"Standard","Atlantic","Social",13.86,0
10316,736,2026-05-16,"Standard","Atlantic","Organic",13.97,0
10317,1287,2026-06-12,"Discovery","Atlantic","Organic",35.68,0
10318,3761,2026-06-08,"Standard","Atlantic","Search",12.89,0
10319,2434,2026-01-24,"Standard","Atlantic","Search",18.6,0
10320,3599,2026-03-19,"Signature","Atlantic","Organic",22.08,0
10321,1048,2026-01-28,"Signature","Atlantic","Social",23.53,1
10322,2058,2026-04-23,"Standard","Ontario","Organic",21.24,1
10323,1340,2026-05-17,"Standard","Atlantic","Retail_partner",10.56,0
10324,73,2026-02-10,"Discovery","Atlantic","Organic",33.86,0
10325,1903,2026-04-23,"Standard","Atlantic","Referral",16.64,1
10326,3469,2026-06-21,"Signature","Atlantic","Social",24.8,1
10327,377,2026-05-01,"Standard","Atlantic","Organic",18.91,1
10328,959,2026-02-22,"Standard","Atlantic","Social",11.44,0
10329,31,2026-02-06,"Standard","Atlantic","Social",15.29,0
10330,3231,2026-04-09,"Signature","Atlantic","Search",22.98,0
10331,499,2026-03-04,"Standard","Atlantic","Search",11.79,0
10332,3390,2026-01-25,"Standard","Ontario","Referral",17.99,0
10333,1352,2026-05-05,"Signature","Atlantic","Retail_partner",20.18,0
10334,911,2026-01-28,"Signature","Atlantic","Social",19.18,0
10335,79,2026-02-11,"Standard","Atlantic","Retail_partner",16.31,0
10336,1680,2026-02-03,"Discovery","Atlantic","Social",32.32,0
10337,2513,2026-04-25,"Standard","Atlantic","Search",18.25,0
10338,3464,2026-06-29,"Standard","Atlantic","Search",17.04,0
10339,526,2026-01-30,"Standard","Atlantic","Referral",14.87,0
10340,3211,2026-03-05,"Standard","Atlantic","Organic",13.8,0
10341,522,2026-03-29,"Signature","Ontario","Search",22.52,0
10342,563,2026-04-01,"Signature","Atlantic","Search",21.82,0
10343,2611,2026-04-14,"Discovery","Atlantic","Referral",30.9,0
10344,2982,2026-01-15,"Standard","Atlantic","Organic",12.61,1
10345,2616,2026-06-28,"Signature","Atlantic","Retail_partner",24.61,0
10346,1513,2026-02-18,"Discovery","Atlantic","Social",31.44,0
10347,1717,2026-05-19,"Standard","Ontario","Organic",11.68,0
10348,3100,2026-06-03,"Standard","Ontario","Referral",16.02,0
10349,1141,2026-01-10,"Standard","Ontario","Organic",15.97,0
10350,1452,2026-01-22,"Standard","Ontario","Referral",19.33,0
10351,1592,2026-06-02,"Signature","Atlantic","Social",24.1,0
10352,3266,2026-01-31,"Standard","Atlantic","Retail_partner",12.3,0
10353,105,2026-05-19,"Standard","Atlantic","Organic",17.48,0
10354,912,2026-03-26,"Standard","Atlantic","Organic",18.36,1
10355,840,2026-03-16,"Signature","Atlantic","Search",22.93,0
10356,3752,2026-02-24,"Discovery","Atlantic","Search",37.6,0
10357,1810,2026-01-17,"Standard","Atlantic","Organic",14.89,0
10358,481,2026-04-25,"Standard","Atlantic","Social",11.15,0
10359,1815,2026-05-24,"Signature","Ontario","Referral",21.66,1
10360,237,2026-03-27,"Standard","Atlantic","Search",15.26,0
10361,3670,2026-04-10,"Standard","Atlantic","Referral",18.43,1
10362,2964,2026-06-16,"Standard","Ontario","Organic",13.29,0
10363,510,2026-04-04,"Standard","Atlantic","Organic",13.07,0
10364,2175,2026-01-14,"Standard","Atlantic","Social",16.02,1
10365,1955,2026-02-10,"Standard","Atlantic","Search",16.08,1
10366,2262,2026-01-22,"Discovery","Ontario","Organic",38.02,0
10367,1745,2026-01-04,"Standard","Atlantic","Referral",11.44,0
10368,2681,2026-05-11,"Signature","Atlantic","Social",25.21,0
10369,3873,2026-01-08,"Signature","Atlantic","Search",19.67,1
10370,1075,2026-01-15,"Standard","Atlantic","Social",13.3,0
10371,1329,2026-02-16,"Discovery","Atlantic","Organic",32.24,0
10372,2408,2026-05-07,"Standard","Ontario","Search",16.39,0
10373,1722,2026-06-21,"Standard","Atlantic","Referral",11.63,0
10374,1967,2026-04-14,"Discovery","Atlantic","Organic",30.45,1
10375,3608,2026-04-19,"Standard","Atlantic","Referral",11.79,0
10376,986,2026-01-25,"Standard","Atlantic","Organic",12.91,0
10377,12,2026-04-29,"Signature","Ontario","Search",24.13,0
10378,3842,2026-06-20,"Discovery","Atlantic","Organic",35.74,0
10379,3466,2026-05-19,"Standard","Atlantic","Referral",17.26,0
10380,530,2026-04-01,"Discovery","Atlantic","Organic",30.68,1
10381,3660,2026-06-15,"Standard","Ontario","Search",15.82,0
10382,2269,2026-02-17,"Standard","Atlantic","Organic",11.15,0
10383,2114,2026-03-19,"Standard","Ontario","Social",15.87,1
10384,1321,2026-03-07,"Signature","Atlantic","Organic",20.01,0
10385,1927,2026-05-25,"Standard","Atlantic","Organic",9.49,0
10386,451,2026-05-16,"Standard","Atlantic","Search",13.31,0
10387,516,2026-03-16,"Discovery","Ontario","Search",32.49,0
10388,1790,2026-06-14,"Discovery","Atlantic","Social",29.04,1
10389,497,2026-06-14,"Standard","Atlantic","Retail_partner",16.1,0
10390,3391,2026-02-02,"Signature","Atlantic","Organic",21.06,0
10391,3151,2026-02-05,"Standard","Atlantic","Search",14.14,1
10392,637,2026-05-18,"Signature","Atlantic","Retail_partner",19.39,0
10393,784,2026-01-04,"Signature","Atlantic","Organic",24.2,1
10394,382,2026-05-18,"Standard","Atlantic","Retail_partner",15.66,0
10395,839,2026-03-04,"Discovery","Atlantic","Organic",33.19,0
10396,314,2026-02-03,"Standard","Atlantic","Search",17.01,0
10397,3671,2026-03-29,"Standard","Atlantic","Organic",11.87,1
10398,2773,2026-06-05,"Standard","Atlantic","Organic",17.02,1
10399,2533,2026-03-02,"Standard","Ontario","Search",15.38,0
10400,2257,2026-01-20,"Standard","Ontario","Search",14.46,0
10401,3510,2026-02-16,"Discovery","Atlantic","Search",29.95,0
10402,3865,2026-04-10,"Signature","Atlantic","Search",24.62,0
10403,37,2026-03-18,"Standard","Ontario","Social",14.97,0
10404,2119,2026-01-15,"Signature","Ontario","Referral",25.83,1
10405,2461,2026-06-09,"Signature","Ontario","Organic",22.76,0
10406,2732,2026-06-22,"Standard","Ontario","Organic",18.53,0
10407,3551,2026-04-12,"Standard","Ontario","Organic",15.75,0
10408,112,2026-02-23,"Signature","Atlantic","Retail_partner",19.9,0
10409,1580,2026-01-28,"Standard","Atlantic","Social",15.6,0
10410,3755,2026-06-27,"Standard","Atlantic","Referral",17.22,0
10411,1012,2026-02-10,"Signature","Atlantic","Organic",20.09,0
10412,2283,2026-03-17,"Signature","Atlantic","Social",23.05,1
10413,816,2026-04-14,"Signature","Atlantic","Organic",20.38,0
10414,2004,2026-04-29,"Signature","Atlantic","Organic",19.08,0
10415,1430,2026-01-01,"Standard","Atlantic","Search",15.28,1
10416,847,2026-06-28,"Discovery","Atlantic","Retail_partner",29.32,0
10417,3390,2026-05-18,"Standard","Ontario","Organic",15.77,1
10418,1178,2026-04-12,"Signature","Ontario","Organic",27.09,0
10419,925,2026-01-20,"Standard","Ontario","Search",13.64,0
10420,3271,2026-04-26,"Signature","Atlantic","Social",22.69,0
10421,2878,2026-05-11,"Standard","Ontario","Referral",15.35,1
10422,79,2026-01-23,"Standard","Atlantic","Social",19.18,0
10423,446,2026-01-13,"Signature","Atlantic","Social",22.12,0
10424,214,2026-05-24,"Standard","Atlantic","Referral",10.85,0
10425,1697,2026-02-17,"Signature","Atlantic","Search",22.97,1
10426,2058,2026-03-16,"Signature","Atlantic","Retail_partner",19.07,0
10427,3652,2026-02-17,"Discovery","Atlantic","Organic",35.06,0
10428,3145,2026-03-20,"Signature","Atlantic","Retail_partner",22.79,0
10429,3392,2026-05-06,"Standard","Atlantic","Social",13.79,0
10430,47,2026-04-18,"Discovery","Atlantic","Social",31.81,0
10431,3248,2026-04-12,"Signature","Ontario","Referral",24.8,0
10432,1581,2026-03-27,"Standard","Atlantic","Organic",10.35,0
10433,3992,2026-05-10,"Signature","Atlantic","Organic",23.94,0
10434,1126,2026-05-16,"Standard","Atlantic","Organic",9.28,1
10435,2926,2026-06-18,"Standard","Atlantic","Organic",12.98,0
10436,1026,2026-03-19,"Standard","Atlantic","Search",17.07,0
10437,1787,2026-04-03,"Standard","Atlantic","Organic",13.8,0
10438,348,2026-04-28,"Standard","Atlantic","Organic",11.84,0
10439,1060,2026-01-12,"Signature","Ontario","Referral",19.96,1
10440,652,2026-06-19,"Signature","Atlantic","Referral",26.65,0
10441,2023,2026-02-22,"Standard","Ontario","Search",12.23,0
10442,3829,2026-01-20,"Signature","Atlantic","Organic",25.43,0
10443,2536,2026-05-03,"Standard","Ontario","Organic",17.69,1
10444,3862,2026-05-02,"Signature","Atlantic","Referral",21.62,0
10445,1782,2026-01-03,"Standard","Atlantic","Search",15.44,0
10446,1446,2026-06-13,"Discovery","Atlantic","Social",33.84,0
10447,777,2026-05-30,"Standard","Atlantic","Search",10.54,0
10448,3456,2026-02-05,"Discovery","Atlantic","Search",31.73,1
10449,3457,2026-06-14,"Standard","Atlantic","Organic",12,0
10450,1601,2026-01-20,"Standard","Atlantic","Organic",17.01,1
10451,3367,2026-06-21,"Standard","Atlantic","Organic",12.73,0
10452,3068,2026-04-26,"Standard","Atlantic","Referral",14.88,0
10453,2535,2026-06-17,"Signature","Atlantic","Social",19.94,1
10454,1860,2026-02-24,"Discovery","Atlantic","Organic",34.94,1
10455,3045,2026-02-04,"Standard","Atlantic","Organic",13.33,0
10456,292,2026-03-25,"Standard","Ontario","Organic",17.61,0
10457,922,2026-02-07,"Signature","Atlantic","Referral",25.3,0
10458,2288,2026-05-16,"Discovery","Atlantic","Organic",30.46,1
10459,3294,2026-06-01,"Standard","Atlantic","Organic",14.49,0
10460,3274,2026-01-27,"Standard","Ontario","Organic",14.99,0
10461,3368,2026-03-04,"Standard","Atlantic","Organic",12.54,0
10462,1913,2026-03-18,"Signature","Atlantic","Search",21.27,0
10463,2902,2026-01-13,"Standard","Atlantic","Search",14.47,0
10464,442,2026-04-23,"Standard","Ontario","Search",20.66,0
10465,1383,2026-03-07,"Discovery","Atlantic","Search",30.02,0
10466,474,2026-04-09,"Standard","Atlantic","Organic",17.69,0
10467,1596,2026-02-17,"Standard","Atlantic","Social",15.18,0
10468,2944,2026-05-30,"Signature","Atlantic","Social",20.33,0
10469,2362,2026-06-17,"Standard","Atlantic","Retail_partner",18.74,0
10470,1355,2026-06-08,"Standard","Atlantic","Organic",12.62,0
10471,3922,2026-01-29,"Standard","Ontario","Organic",11.3,1
10472,3107,2026-05-21,"Signature","Atlantic","Social",23.01,0
10473,3183,2026-02-04,"Standard","Atlantic","Social",18.41,0
10474,3266,2026-03-25,"Discovery","Atlantic","Organic",30.54,0
10475,3295,2026-04-02,"Discovery","Atlantic","Retail_partner",28.38,0
10476,558,2026-06-21,"Standard","Atlantic","Organic",15.28,0
10477,3020,2026-05-19,"Standard","Atlantic","Social",17.81,1
10478,1367,2026-01-03,"Standard","Atlantic","Social",17.01,0
10479,700,2026-03-16,"Standard","Atlantic","Search",16.06,0
10480,2510,2026-05-05,"Standard","Ontario","Retail_partner",19.2,0
10481,920,2026-02-14,"Standard","Atlantic","Organic",15.92,0
10482,3202,2026-04-10,"Standard","Atlantic","Organic",13.4,0
10483,192,2026-06-05,"Signature","Atlantic","Retail_partner",22.67,0
10484,2454,2026-05-06,"Standard","Atlantic","Organic",13.43,0
10485,1471,2026-04-01,"Standard","Atlantic","Social",12.03,0
10486,3129,2026-03-06,"Signature","Atlantic","Organic",24.3,0
10487,857,2026-04-03,"Standard","Atlantic","Retail_partner",17.38,0
10488,92,2026-04-16,"Standard","Atlantic","Search",14.9,0
10489,1079,2026-05-08,"Standard","Ontario","Social",17.83,1
10490,2342,2026-01-06,"Standard","Atlantic","Search",17.52,0
10491,1233,2026-06-09,"Signature","Atlantic","Organic",23.86,0
10492,172,2026-05-01,"Standard","Atlantic","Organic",13.34,0
10493,2837,2026-06-21,"Signature","Atlantic","Search",25.02,1
10494,2551,2026-05-22,"Discovery","Atlantic","Referral",34.17,0
10495,2508,2026-03-23,"Discovery","Atlantic","Retail_partner",33.69,0
10496,2277,2026-03-07,"Discovery","Atlantic","Organic",31.35,0
10497,495,2026-06-06,"Signature","Ontario","Organic",24.16,1
10498,1362,2026-01-26,"Discovery","Atlantic","Search",33.63,0
10499,2220,2026-02-22,"Discovery","Atlantic","Retail_partner",29.92,0
10500,2345,2026-02-10,"Signature","Atlantic","Referral",21.53,1
10501,2599,2026-01-31,"Standard","Atlantic","Retail_partner",15.8,0
10502,3621,2026-03-18,"Signature","Ontario","Organic",29.45,0
10503,505,2026-06-18,"Standard","Atlantic","Search",17.87,0
10504,3007,2026-05-28,"Signature","Atlantic","Social",21.83,0
10505,4,2026-03-29,"Standard","Atlantic","Search",18.59,0
10506,2538,2026-02-18,"Standard","Ontario","Organic",13.28,0
10507,1444,2026-06-10,"Standard","Ontario","Referral",15.81,0
10508,3517,2026-04-12,"Standard","Atlantic","Search",13.75,0
10509,1567,2026-06-03,"Standard","Atlantic","Search",18.92,0
10510,3319,2026-03-24,"Standard","Atlantic","Social",16.67,0
10511,1592,2026-06-04,"Signature","Atlantic","Search",20.79,0
10512,1478,2026-05-21,"Standard","Atlantic","Retail_partner",19.15,0
10513,2913,2026-01-11,"Discovery","Atlantic","Referral",30.42,0
10514,525,2026-05-16,"Standard","Atlantic","Organic",16.39,0
10515,3277,2026-05-16,"Signature","Atlantic","Organic",25.41,0
10516,3618,2026-02-21,"Discovery","Atlantic","Retail_partner",31.27,0
10517,1000,2026-06-19,"Signature","Atlantic","Referral",24.07,0
10518,69,2026-01-29,"Discovery","Atlantic","Search",34.62,0
10519,2956,2026-05-26,"Signature","Atlantic","Retail_partner",21.56,0
10520,3125,2026-06-07,"Standard","Atlantic","Organic",16.51,0
10521,3095,2026-06-05,"Signature","Atlantic","Organic",25.95,1
10522,608,2026-03-26,"Signature","Atlantic","Organic",20.25,1
10523,3260,2026-04-28,"Standard","Atlantic","Social",16.99,0
10524,3584,2026-05-14,"Signature","Atlantic","Organic",19.59,0
10525,2873,2026-02-02,"Signature","Atlantic","Organic",22.49,0
10526,1100,2026-06-28,"Standard","Atlantic","Search",11.16,0
10527,894,2026-05-20,"Standard","Ontario","Organic",16.3,1
10528,721,2026-01-01,"Discovery","Atlantic","Organic",30.26,0
10529,2857,2026-02-11,"Signature","Atlantic","Referral",21.09,1
10530,1709,2026-05-18,"Discovery","Atlantic","Organic",32.09,0
10531,1707,2026-04-01,"Signature","Atlantic","Organic",22.06,0
10532,1771,2026-04-18,"Standard","Atlantic","Retail_partner",11.06,0
10533,1740,2026-01-29,"Signature","Atlantic","Retail_partner",21.12,0
10534,2420,2026-02-13,"Signature","Ontario","Search",20.08,0
10535,2870,2026-03-11,"Signature","Atlantic","Organic",18.89,0
10536,580,2026-04-15,"Standard","Atlantic","Search",12.18,0
10537,1265,2026-03-11,"Signature","Atlantic","Organic",18.06,0
10538,3625,2026-06-26,"Standard","Ontario","Organic",16.31,1
10539,2332,2026-03-12,"Standard","Ontario","Social",14.67,0
10540,948,2026-04-13,"Standard","Atlantic","Social",12.86,0
10541,3373,2026-02-12,"Standard","Atlantic","Referral",13.57,0
10542,836,2026-05-09,"Signature","Atlantic","Social",19.33,1
10543,655,2026-04-19,"Standard","Atlantic","Organic",15.87,0
10544,3433,2026-03-22,"Standard","Atlantic","Social",14.33,0
10545,2866,2026-03-21,"Standard","Atlantic","Organic",16.92,1
10546,2800,2026-02-07,"Standard","Atlantic","Social",17.14,0
10547,543,2026-01-01,"Standard","Atlantic","Search",16.77,0
10548,1810,2026-06-02,"Signature","Atlantic","Referral",24.03,0
10549,1186,2026-03-17,"Signature","Atlantic","Retail_partner",26.64,0
10550,2238,2026-05-08,"Signature","Atlantic","Referral",20.8,0
10551,373,2026-06-03,"Signature","Atlantic","Organic",16.46,0
10552,2013,2026-02-25,"Standard","Atlantic","Organic",13.9,0
10553,94,2026-01-29,"Standard","Atlantic","Social",15.37,0
10554,3115,2026-05-26,"Signature","Atlantic","Organic",24.65,0
10555,1376,2026-02-08,"Standard","Atlantic","Organic",17.26,0
10556,3021,2026-01-09,"Standard","Atlantic","Search",15.68,0
10557,3647,2026-05-20,"Standard","Ontario","Search",15.78,0
10558,3473,2026-05-04,"Standard","Ontario","Organic",17.81,0
10559,2127,2026-01-02,"Signature","Atlantic","Organic",26.42,0
10560,1480,2026-06-07,"Discovery","Atlantic","Organic",37.35,0
10561,2577,2026-03-12,"Standard","Ontario","Search",19.88,0
10562,3704,2026-03-19,"Standard","Atlantic","Social",14.32,0
10563,1905,2026-05-11,"Standard","Atlantic","Organic",15.78,0
10564,847,2026-06-01,"Standard","Atlantic","Organic",12.71,1
10565,3423,2026-03-19,"Signature","Atlantic","Social",26.17,0
10566,2343,2026-06-29,"Discovery","Atlantic","Referral",33.69,0
10567,1510,2026-06-17,"Standard","Atlantic","Retail_partner",14.48,0
10568,1565,2026-01-18,"Standard","Ontario","Social",18.54,1
10569,2584,2026-05-20,"Discovery","Atlantic","Organic",33.92,1
10570,3958,2026-06-09,"Standard","Atlantic","Search",11.98,0
10571,988,2026-04-09,"Standard","Atlantic","Organic",16.04,0
10572,777,2026-01-24,"Standard","Atlantic","Retail_partner",10.64,1
10573,2891,2026-05-07,"Standard","Ontario","Organic",14.27,1
10574,2141,2026-03-08,"Signature","Ontario","Organic",23,0
10575,666,2026-01-16,"Standard","Atlantic","Search",15.57,0
10576,54,2026-05-02,"Standard","Atlantic","Organic",11.07,1
10577,3703,2026-05-09,"Standard","Atlantic","Organic",15.15,0
10578,2397,2026-01-22,"Standard","Atlantic","Organic",14.72,1
10579,325,2026-06-06,"Signature","Atlantic","Search",27.51,0
10580,365,2026-06-16,"Standard","Atlantic","Organic",15.9,0
10581,1485,2026-02-08,"Signature","Atlantic","Social",19.8,0
10582,3724,2026-06-22,"Standard","Atlantic","Social",15.21,0
10583,786,2026-05-23,"Standard","Atlantic","Referral",9.82,0
10584,812,2026-06-29,"Standard","Atlantic","Search",15.44,0
10585,1598,2026-06-03,"Standard","Atlantic","Search",13.21,0
10586,3112,2026-06-22,"Signature","Atlantic","Organic",22.7,0
10587,2156,2026-05-10,"Standard","Atlantic","Retail_partner",13.34,0
10588,1591,2026-04-27,"Signature","Atlantic","Social",22.08,1
10589,1647,2026-01-08,"Standard","Atlantic","Social",13.84,1
10590,1915,2026-06-05,"Standard","Atlantic","Organic",11.82,0
10591,257,2026-01-23,"Standard","Atlantic","Search",17.44,0
10592,2782,2026-01-13,"Standard","Atlantic","Social",20.87,0
10593,2475,2026-06-15,"Discovery","Atlantic","Search",30.51,0
10594,2572,2026-06-03,"Standard","Atlantic","Social",13.08,0
10595,3545,2026-03-13,"Standard","Atlantic","Referral",18.19,1
10596,1350,2026-02-09,"Standard","Atlantic","Referral",14.04,0
10597,3984,2026-05-06,"Discovery","Atlantic","Organic",32.31,0
10598,239,2026-04-24,"Discovery","Atlantic","Organic",30.01,1
10599,2946,2026-03-15,"Standard","Atlantic","Retail_partner",19.08,0
10600,968,2026-05-05,"Signature","Ontario","Referral",22.17,0
10601,3403,2026-04-25,"Standard","Atlantic","Organic",14.02,1
10602,2158,2026-05-18,"Standard","Atlantic","Referral",15.62,0
10603,616,2026-02-20,"Standard","Ontario","Referral",15,0
10604,1631,2026-02-09,"Standard","Atlantic","Organic",15.73,0
10605,3058,2026-01-22,"Signature","Atlantic","Organic",22.48,0
10606,1701,2026-06-02,"Standard","Atlantic","Organic",14.61,0
10607,1163,2026-02-17,"Discovery","Ontario","Retail_partner",32.95,0
10608,2939,2026-02-16,"Signature","Atlantic","Referral",25.15,0
10609,3933,2026-05-24,"Standard","Atlantic","Social",18.43,1
10610,1391,2026-06-19,"Standard","Atlantic","Search",18.54,0
10611,2075,2026-05-09,"Standard","Atlantic","Referral",15.85,0
10612,2346,2026-06-24,"Signature","Atlantic","Search",20.79,0
10613,1616,2026-05-16,"Standard","Atlantic","Social",19.44,0
10614,3790,2026-03-26,"Signature","Ontario","Search",25.27,0
10615,1940,2026-04-02,"Standard","Atlantic","Organic",11.09,1
10616,2972,2026-01-28,"Standard","Atlantic","Retail_partner",13.19,0
10617,2183,2026-06-24,"Signature","Atlantic","Social",20.64,1
10618,3488,2026-04-22,"Standard","Atlantic","Search",17.45,0
10619,3256,2026-02-25,"Signature","Atlantic","Retail_partner",20.34,0
10620,3747,2026-03-04,"Signature","Atlantic","Search",22.72,0
10621,1919,2026-05-21,"Signature","Ontario","Social",25.81,0
10622,3175,2026-01-01,"Standard","Atlantic","Search",13.54,0
10623,2578,2026-01-25,"Discovery","Ontario","Search",34.57,0
10624,2544,2026-06-24,"Standard","Atlantic","Organic",22.58,0
10625,2533,2026-06-27,"Signature","Ontario","Retail_partner",23.67,0
10626,3095,2026-04-24,"Standard","Ontario","Referral",16.94,0
10627,2827,2026-04-10,"Standard","Atlantic","Organic",15.07,0
10628,2625,2026-02-15,"Discovery","Ontario","Organic",27.08,0
10629,3180,2026-04-09,"Signature","Ontario","Retail_partner",22.75,0
10630,2165,2026-04-22,"Signature","Ontario","Retail_partner",23.7,0
10631,3067,2026-04-05,"Signature","Atlantic","Referral",20.94,0
10632,670,2026-04-19,"Standard","Atlantic","Search",17.12,0
10633,709,2026-04-02,"Standard","Atlantic","Organic",15.12,0
10634,3385,2026-04-29,"Signature","Atlantic","Social",23,1
10635,2210,2026-04-28,"Standard","Ontario","Social",13.31,0
10636,3550,2026-06-28,"Discovery","Ontario","Organic",37.15,0
10637,3901,2026-02-28,"Standard","Atlantic","Organic",11.18,0
10638,126,2026-03-26,"Standard","Atlantic","Referral",13.55,1
10639,3686,2026-01-13,"Standard","Ontario","Referral",16.18,0
10640,3054,2026-04-01,"Standard","Atlantic","Organic",17.4,0
10641,3093,2026-02-25,"Standard","Atlantic","Organic",13.59,0
10642,3237,2026-06-17,"Standard","Atlantic","Organic",16.12,0
10643,500,2026-01-20,"Standard","Atlantic","Referral",12.99,0
10644,221,2026-04-14,"Standard","Ontario","Organic",18.05,0
10645,2950,2026-04-08,"Signature","Atlantic","Social",20.82,0
10646,3990,2026-04-07,"Signature","Atlantic","Organic",21.33,0
10647,3414,2026-04-13,"Standard","Atlantic","Referral",9.25,0
10648,1948,2026-04-06,"Signature","Atlantic","Organic",22.38,0
10649,1837,2026-05-31,"Standard","Atlantic","Referral",15.65,0
10650,2308,2026-04-27,"Signature","Ontario","Organic",24.77,0
10651,3834,2026-01-08,"Discovery","Atlantic","Organic",32.74,0
10652,1158,2026-04-14,"Signature","Atlantic","Organic",21.15,1
10653,3393,2026-04-29,"Signature","Ontario","Search",26.07,0
10654,2049,2026-05-29,"Standard","Atlantic","Referral",12.04,1
10655,806,2026-06-23,"Standard","Atlantic","Social",15.36,0
10656,3749,2026-06-01,"Standard","Ontario","Search",12.99,1
10657,3964,2026-06-16,"Standard","Ontario","Search",15.92,0
10658,3725,2026-04-06,"Standard","Atlantic","Organic",16.21,0
10659,41,2026-05-31,"Discovery","Ontario","Social",31.09,0
10660,3856,2026-04-11,"Signature","Atlantic","Organic",20.85,0
10661,3450,2026-03-12,"Signature","Atlantic","Organic",24.69,1
10662,2793,2026-04-16,"Signature","Atlantic","Retail_partner",25.88,0
10663,2513,2026-06-16,"Standard","Atlantic","Search",14.6,1
10664,3607,2026-05-30,"Standard","Atlantic","Organic",12.73,0
10665,1294,2026-05-26,"Discovery","Atlantic","Social",37.29,0
10666,1991,2026-04-28,"Signature","Atlantic","Social",30.73,0
10667,1346,2026-01-18,"Discovery","Atlantic","Referral",33.47,0
10668,2516,2026-06-22,"Standard","Atlantic","Social",20.06,0
10669,412,2026-04-23,"Standard","Ontario","Organic",17.01,0
10670,1444,2026-01-19,"Standard","Atlantic","Social",12.93,0
10671,766,2026-04-28,"Signature","Ontario","Retail_partner",21.9,0
10672,3846,2026-04-18,"Standard","Atlantic","Social",17.36,0
10673,3793,2026-05-03,"Standard","Atlantic","Organic",17.66,0
10674,3168,2026-02-10,"Standard","Atlantic","Organic",19.53,0
10675,2272,2026-01-11,"Standard","Atlantic","Organic",17.47,0
10676,3036,2026-02-26,"Standard","Atlantic","Retail_partner",15.24,0
10677,3275,2026-01-14,"Signature","Atlantic","Referral",25.55,0
10678,3635,2026-04-15,"Signature","Atlantic","Organic",23.24,0
10679,3157,2026-05-31,"Standard","Atlantic","Organic",17.19,1
10680,3688,2026-05-11,"Signature","Atlantic","Organic",20,0
10681,718,2026-04-25,"Standard","Ontario","Retail_partner",13.06,1
10682,917,2026-04-25,"Standard","Atlantic","Organic",15.07,0
10683,287,2026-02-03,"Standard","Atlantic","Organic",10.29,0
10684,3467,2026-04-27,"Standard","Atlantic","Search",11.37,0
10685,1900,2026-06-15,"Standard","Atlantic","Referral",16.58,0
10686,3096,2026-03-25,"Signature","Ontario","Social",22.29,0
10687,2971,2026-01-13,"Standard","Atlantic","Retail_partner",15.91,0
10688,3344,2026-06-04,"Discovery","Atlantic","Social",33.15,0
10689,1282,2026-04-29,"Standard","Atlantic","Organic",14.74,0
10690,2093,2026-03-19,"Standard","Atlantic","Retail_partner",14.06,0
10691,1145,2026-06-24,"Signature","Atlantic","Organic",19.54,0
10692,518,2026-05-13,"Standard","Atlantic","Search",17.22,1
10693,3885,2026-03-17,"Signature","Atlantic","Referral",24.96,0
10694,272,2026-03-17,"Standard","Atlantic","Organic",10.98,0
10695,259,2026-05-14,"Standard","Atlantic","Retail_partner",16.62,0
10696,1275,2026-05-24,"Standard","Atlantic","Social",15.78,0
10697,2849,2026-05-07,"Standard","Atlantic","Referral",14.85,1
10698,3791,2026-02-27,"Discovery","Atlantic","Organic",33.27,0
10699,1770,2026-02-09,"Signature","Ontario","Organic",24.77,0
10700,837,2026-06-09,"Signature","Atlantic","Referral",21.91,0
10701,590,2026-06-02,"Signature","Atlantic","Organic",26.64,0
10702,1159,2026-06-18,"Signature","Atlantic","Retail_partner",21.78,0
10703,3192,2026-03-06,"Signature","Atlantic","Search",19.28,0
10704,3936,2026-06-12,"Standard","Atlantic","Retail_partner",14.07,1
10705,1555,2026-03-21,"Standard","Atlantic","Organic",17.48,1
10706,212,2026-03-27,"Standard","Ontario","Retail_partner",16.67,0
10707,1201,2026-04-20,"Standard","Atlantic","Organic",15.01,1
10708,3693,2026-04-08,"Signature","Atlantic","Organic",22.06,1
10709,2234,2026-02-02,"Standard","Atlantic","Social",13.64,1
10710,1066,2026-02-19,"Standard","Atlantic","Organic",17.08,0
10711,3179,2026-01-03,"Discovery","Atlantic","Social",30.26,0
10712,2667,2026-05-18,"Standard","Atlantic","Retail_partner",16.55,1
10713,1292,2026-01-06,"Standard","Ontario","Retail_partner",9.71,0
10714,3807,2026-01-16,"Standard","Atlantic","Retail_partner",13.16,0
10715,2339,2026-03-17,"Standard","Atlantic","Referral",14.34,0
10716,3762,2026-04-07,"Standard","Atlantic","Retail_partner",12.91,1
10717,3798,2026-03-13,"Discovery","Ontario","Organic",33.66,0
10718,3090,2026-02-19,"Standard","Atlantic","Search",16.67,1
10719,166,2026-04-14,"Standard","Atlantic","Search",15.15,0
10720,3124,2026-06-24,"Signature","Atlantic","Search",21.09,0
10721,1146,2026-03-08,"Discovery","Atlantic","Search",30.68,0
10722,3873,2026-01-04,"Standard","Atlantic","Search",18.55,0
10723,2463,2026-01-31,"Standard","Atlantic","Organic",18.12,1
10724,1547,2026-02-22,"Standard","Atlantic","Retail_partner",11.76,1
10725,3230,2026-05-01,"Signature","Ontario","Search",26.7,0
10726,1068,2026-01-06,"Signature","Atlantic","Organic",23.26,0
10727,573,2026-03-30,"Signature","Ontario","Organic",22.96,0
10728,2907,2026-04-06,"Signature","Atlantic","Social",24.28,0
10729,922,2026-04-16,"Standard","Atlantic","Social",18.85,0
10730,1581,2026-06-05,"Standard","Ontario","Retail_partner",12.96,0
10731,1501,2026-01-23,"Standard","Atlantic","Search",17.47,0
10732,3272,2026-05-18,"Signature","Ontario","Organic",20.93,0
10733,1750,2026-02-20,"Standard","Atlantic","Search",16.15,0
10734,3473,2026-02-02,"Signature","Atlantic","Retail_partner",22.61,0
10735,2125,2026-06-21,"Signature","Atlantic","Social",23.25,0
10736,614,2026-06-07,"Signature","Ontario","Social",21.36,0
10737,3097,2026-05-01,"Signature","Atlantic","Social",24.9,0
10738,1506,2026-02-07,"Standard","Ontario","Search",16.08,0
10739,3562,2026-06-12,"Standard","Ontario","Social",22.35,0
10740,462,2026-02-26,"Signature","Atlantic","Search",24.24,0
10741,1779,2026-04-11,"Signature","Atlantic","Social",23.97,0
10742,880,2026-03-05,"Standard","Atlantic","Organic",17.37,1
10743,3519,2026-05-30,"Standard","Atlantic","Referral",19.4,0
10744,1525,2026-04-24,"Discovery","Atlantic","Search",29.25,0
10745,943,2026-05-23,"Discovery","Ontario","Retail_partner",30.88,1
10746,1784,2026-01-10,"Standard","Atlantic","Search",14.2,0
10747,501,2026-03-25,"Standard","Atlantic","Organic",17.66,0
10748,2898,2026-04-10,"Discovery","Atlantic","Organic",32.23,0
10749,2816,2026-01-06,"Signature","Atlantic","Organic",20.35,0
10750,2677,2026-03-10,"Signature","Atlantic","Organic",23.62,1
10751,1654,2026-04-17,"Signature","Atlantic","Search",25.33,0
10752,1071,2026-04-08,"Standard","Ontario","Social",15.68,0
10753,466,2026-04-18,"Signature","Atlantic","Search",23.76,0
10754,815,2026-02-09,"Standard","Atlantic","Social",19.41,1
10755,3920,2026-03-31,"Standard","Atlantic","Organic",15.38,0
10756,2633,2026-03-29,"Standard","Atlantic","Referral",17.13,0
10757,2780,2026-01-29,"Standard","Atlantic","Search",12.08,0
10758,2046,2026-05-15,"Standard","Ontario","Search",14.21,0
10759,2051,2026-03-07,"Standard","Atlantic","Organic",14.51,1
10760,1352,2026-07-01,"Signature","Atlantic","Retail_partner",19.85,0
10761,3569,2026-05-03,"Discovery","Atlantic","Search",32.7,0
10762,844,2026-02-05,"Standard","Atlantic","Social",15.83,0
10763,3123,2026-04-23,"Standard","Atlantic","Referral",16.51,0
10764,3736,2026-04-06,"Signature","Atlantic","Social",21.85,1
10765,1031,2026-04-09,"Discovery","Atlantic","Retail_partner",32.69,0
10766,389,2026-04-17,"Signature","Atlantic","Organic",18.49,0
10767,2509,2026-06-22,"Standard","Atlantic","Social",13.78,0
10768,3007,2026-01-31,"Standard","Ontario","Retail_partner",15.85,0
10769,410,2026-06-16,"Signature","Atlantic","Social",24.98,0
10770,1149,2026-05-01,"Signature","Atlantic","Social",19.87,0
10771,3053,2026-04-02,"Standard","Atlantic","Organic",16.57,0
10772,2880,2026-01-17,"Standard","Atlantic","Retail_partner",16.9,0
10773,37,2026-03-30,"Standard","Ontario","Search",15.21,1
10774,2862,2026-06-12,"Signature","Atlantic","Social",21.79,0
10775,395,2026-06-10,"Standard","Ontario","Organic",16.32,1
10776,1820,2026-04-12,"Standard","Atlantic","Organic",18,1
10777,95,2026-03-11,"Discovery","Atlantic","Organic",35.5,0
10778,164,2026-04-29,"Standard","Atlantic","Social",14.77,0
10779,257,2026-01-17,"Standard","Atlantic","Organic",17.33,0
10780,3086,2026-03-19,"Signature","Atlantic","Social",22.1,1
10781,3856,2026-02-12,"Standard","Atlantic","Retail_partner",14.3,0
10782,3315,2026-06-07,"Discovery","Ontario","Organic",31.3,1
10783,1468,2026-03-01,"Standard","Atlantic","Referral",18.53,0
10784,13,2026-01-01,"Standard","Ontario","Search",16.06,0
10785,3178,2026-03-03,"Discovery","Ontario","Search",30.87,0
10786,105,2026-01-30,"Standard","Atlantic","Organic",15.38,0
10787,1537,2026-02-02,"Standard","Atlantic","Social",14.56,0
10788,2031,2026-05-27,"Standard","Atlantic","Organic",15.59,0
10789,3273,2026-03-29,"Standard","Atlantic","Search",17.42,0
10790,3865,2026-03-12,"Discovery","Atlantic","Organic",30.17,0
10791,863,2026-01-06,"Standard","Ontario","Organic",16.05,0
10792,719,2026-05-28,"Discovery","Atlantic","Organic",30.46,0
10793,3521,2026-03-01,"Standard","Ontario","Organic",14.43,1
10794,3049,2026-04-01,"Standard","Atlantic","Search",12.77,0
10795,1801,2026-02-18,"Signature","Ontario","Organic",23.29,0
10796,2299,2026-01-28,"Standard","Atlantic","Search",11.47,0
10797,2744,2026-06-02,"Standard","Atlantic","Organic",19.88,1
10798,656,2026-02-21,"Signature","Atlantic","Referral",22.44,0
10799,1108,2026-04-24,"Standard","Ontario","Referral",16.26,0
10800,460,2026-03-24,"Standard","Atlantic","Search",12.5,0
10801,3712,2026-02-10,"Standard","Atlantic","Retail_partner",17.6,0
10802,1363,2026-01-23,"Signature","Atlantic","Social",23.26,0
10803,1532,2026-01-23,"Standard","Atlantic","Search",13.15,0
10804,3966,2026-05-07,"Discovery","Atlantic","Referral",33.15,0
10805,2585,2026-06-03,"Standard","Atlantic","Referral",14.02,0
10806,2111,2026-02-18,"Signature","Atlantic","Retail_partner",21.89,0
10807,3770,2026-03-24,"Standard","Atlantic","Search",18.46,1
10808,2860,2026-05-01,"Signature","Atlantic","Social",21.57,0
10809,1305,2026-01-01,"Signature","Atlantic","Social",17.83,0
10810,463,2026-04-22,"Standard","Atlantic","Retail_partner",15.13,1
10811,2936,2026-05-06,"Signature","Atlantic","Organic",24.84,0
10812,434,2026-04-11,"Standard","Atlantic","Social",17.97,1
10813,3749,2026-05-16,"Standard","Atlantic","Retail_partner",11.03,0
10814,1163,2026-03-12,"Discovery","Atlantic","Referral",33.07,0
10815,1555,2026-05-10,"Discovery","Atlantic","Social",32.21,0
10816,2011,2026-05-19,"Discovery","Atlantic","Search",30.76,0
10817,2043,2026-05-04,"Discovery","Atlantic","Referral",26.98,1
10818,532,2026-02-08,"Standard","Ontario","Social",20.22,0
10819,881,2026-01-11,"Signature","Atlantic","Social",23.31,1
10820,1381,2026-05-31,"Discovery","Atlantic","Organic",33.01,0
10821,3252,2026-05-23,"Standard","Atlantic","Referral",14.04,0
10822,1479,2026-06-27,"Signature","Atlantic","Search",23.92,0
10823,1295,2026-02-17,"Signature","Atlantic","Social",22.18,0
10824,3981,2026-01-31,"Standard","Atlantic","Retail_partner",11.91,1
10825,3697,2026-02-09,"Discovery","Atlantic","Organic",33.01,0
10826,2807,2026-05-11,"Standard","Atlantic","Referral",14,0
10827,2444,2026-04-21,"Standard","Atlantic","Social",15.72,0
10828,1032,2026-05-25,"Signature","Atlantic","Referral",21,0
10829,2635,2026-01-03,"Standard","Atlantic","Organic",14.4,0
10830,1483,2026-03-25,"Standard","Ontario","Search",16.17,0
10831,1912,2026-02-02,"Signature","Ontario","Search",23.22,0
10832,1982,2026-04-08,"Standard","Atlantic","Referral",16.22,0
10833,149,2026-03-14,"Signature","Ontario","Organic",22.79,0
10834,2044,2026-06-02,"Signature","Ontario","Organic",27.77,0
10835,2982,2026-01-29,"Standard","Atlantic","Social",10.88,0
10836,2514,2026-05-05,"Standard","Atlantic","Organic",16.88,1
10837,2303,2026-03-12,"Standard","Atlantic","Search",14.74,0
10838,1221,2026-03-15,"Standard","Ontario","Search",17.58,0
10839,36,2026-05-15,"Standard","Atlantic","Organic",15.95,0
10840,3186,2026-04-01,"Standard","Atlantic","Organic",14.12,0
10841,2178,2026-01-22,"Discovery","Atlantic","Social",23.81,0
10842,1057,2026-03-28,"Standard","Atlantic","Organic",10.48,1
10843,642,2026-03-08,"Signature","Atlantic","Social",21.82,1
10844,79,2026-04-25,"Discovery","Atlantic","Social",27.39,0
10845,3958,2026-06-04,"Standard","Atlantic","Social",15.99,0
10846,2245,2026-03-12,"Standard","Atlantic","Organic",16.55,0
10847,845,2026-04-25,"Standard","Atlantic","Referral",13.39,0
10848,2479,2026-05-06,"Standard","Atlantic","Organic",12.28,0
10849,968,2026-04-27,"Discovery","Atlantic","Organic",31.17,0
10850,103,2026-02-28,"Signature","Ontario","Referral",22.47,1
10851,3322,2026-05-27,"Standard","Ontario","Social",21.15,0
10852,1865,2026-06-07,"Standard","Atlantic","Organic",16.7,1
10853,3632,2026-01-21,"Standard","Atlantic","Referral",10.4,1
10854,3637,2026-05-31,"Standard","Atlantic","Organic",15.91,0
10855,1259,2026-04-30,"Standard","Atlantic","Organic",17.8,0
10856,1649,2026-06-08,"Standard","Ontario","Referral",19.78,0
10857,3641,2026-04-24,"Standard","Atlantic","Organic",13.17,1
10858,3420,2026-05-15,"Signature","Atlantic","Organic",19.45,0
10859,3762,2026-01-18,"Standard","Atlantic","Referral",14.52,0
10860,2678,2026-05-24,"Standard","Atlantic","Search",10.23,0
10861,1728,2026-04-10,"Standard","Atlantic","Social",10.76,0
10862,2124,2026-03-06,"Standard","Atlantic","Search",18.48,0
10863,2708,2026-03-06,"Signature","Atlantic","Organic",23.11,0
10864,151,2026-06-20,"Standard","Atlantic","Organic",9.49,0
10865,3057,2026-01-11,"Standard","Atlantic","Organic",17.4,1
10866,3882,2026-06-01,"Standard","Ontario","Social",15.84,1
10867,2659,2026-03-21,"Discovery","Atlantic","Retail_partner",31.64,0
10868,3184,2026-05-17,"Standard","Atlantic","Organic",14.14,0
10869,2393,2026-06-29,"Discovery","Atlantic","Search",34.23,0
10870,450,2026-01-08,"Signature","Atlantic","Retail_partner",25.29,0
10871,61,2026-03-07,"Standard","Atlantic","Retail_partner",17.16,0
10872,3555,2026-06-05,"Discovery","Ontario","Social",32.52,0
10873,1517,2026-05-28,"Signature","Atlantic","Organic",23.72,0
10874,1186,2026-06-27,"Signature","Atlantic","Retail_partner",22.88,0
10875,3426,2026-06-15,"Standard","Ontario","Referral",18.61,0
10876,3644,2026-06-10,"Standard","Atlantic","Search",14.52,0
10877,24,2026-01-29,"Standard","Ontario","Search",14.93,0
10878,1164,2026-04-28,"Discovery","Atlantic","Search",28.96,0
10879,531,2026-01-25,"Standard","Atlantic","Social",12.54,0
10880,3529,2026-06-30,"Standard","Atlantic","Organic",14.06,0
10881,1530,2026-06-01,"Standard","Atlantic","Retail_partner",17.41,0
10882,1223,2026-04-06,"Signature","Atlantic","Organic",24.42,1
10883,1919,2026-01-22,"Standard","Atlantic","Search",20.22,0
10884,3043,2026-05-30,"Signature","Atlantic","Organic",23.43,0
10885,375,2026-03-23,"Discovery","Atlantic","Organic",35.28,1
10886,1925,2026-03-03,"Signature","Atlantic","Retail_partner",23.06,0
10887,3615,2026-04-01,"Discovery","Ontario","Social",32.76,0
10888,819,2026-01-03,"Discovery","Atlantic","Search",31.09,0
10889,2409,2026-03-15,"Standard","Atlantic","Social",14.23,0
10890,1091,2026-01-22,"Discovery","Atlantic","Organic",27.24,0
10891,76,2026-05-29,"Standard","Atlantic","Organic",19.58,0
10892,2342,2026-04-10,"Standard","Atlantic","Organic",15.2,0
10893,1375,2026-06-13,"Standard","Atlantic","Search",17.47,0
10894,1059,2026-01-28,"Discovery","Atlantic","Organic",32.73,0
10895,689,2026-03-31,"Discovery","Atlantic","Organic",31.89,0
10896,406,2026-02-22,"Standard","Atlantic","Search",17.28,0
10897,718,2026-05-21,"Standard","Ontario","Search",18.14,0
10898,3235,2026-02-14,"Signature","Atlantic","Organic",24.71,0
10899,571,2026-03-06,"Signature","Ontario","Search",24.25,0
10900,2842,2026-05-21,"Discovery","Atlantic","Retail_partner",28.98,0
10901,3830,2026-05-30,"Standard","Atlantic","Social",14.45,0
10902,2936,2026-05-27,"Standard","Ontario","Organic",14.78,1
10903,1833,2026-04-05,"Standard","Ontario","Social",19.37,0
10904,2278,2026-02-21,"Discovery","Atlantic","Retail_partner",26.64,0
10905,1753,2026-05-02,"Standard","Atlantic","Organic",13.72,0
10906,3632,2026-01-02,"Discovery","Atlantic","Organic",34.98,0
10907,2641,2026-05-18,"Signature","Atlantic","Search",27.4,0
10908,1130,2026-06-30,"Discovery","Atlantic","Organic",31.05,1
10909,2000,2026-04-15,"Standard","Ontario","Organic",13.8,0
10910,2939,2026-01-24,"Signature","Atlantic","Social",23.11,0
10911,1264,2026-06-02,"Signature","Ontario","Organic",18.67,0
10912,1359,2026-06-26,"Standard","Atlantic","Organic",15.59,1
10913,890,2026-03-11,"Standard","Atlantic","Social",15.57,0
10914,2491,2026-01-21,"Standard","Atlantic","Search",10.34,1
10915,2645,2026-06-27,"Signature","Atlantic","Search",22.8,0
10916,3126,2026-04-08,"Signature","Atlantic","Social",21.13,0
10917,45,2026-04-20,"Signature","Atlantic","Organic",20.4,0
10918,2467,2026-04-22,"Standard","Ontario","Social",17.09,1
10919,1515,2026-06-26,"Standard","Atlantic","Social",17.04,0
10920,3451,2026-06-11,"Standard","Atlantic","Organic",8.51,0
10921,1402,2026-01-27,"Standard","Atlantic","Referral",16.38,1
10922,2401,2026-01-16,"Standard","Atlantic","Search",12.65,0
10923,3793,2026-06-23,"Signature","Ontario","Search",26.48,1
10924,1682,2026-03-22,"Signature","Atlantic","Organic",22.41,0
10925,1123,2026-01-03,"Standard","Atlantic","Referral",16.15,0
10926,1166,2026-03-10,"Standard","Ontario","Organic",17.63,0
10927,2966,2026-03-25,"Signature","Atlantic","Search",21.75,0
10928,3855,2026-03-22,"Standard","Atlantic","Social",12.55,1
10929,480,2026-04-27,"Signature","Atlantic","Organic",22.76,0
10930,676,2026-01-27,"Signature","Atlantic","Referral",21.33,0
10931,2527,2026-04-15,"Standard","Atlantic","Organic",15.82,1
10932,3355,2026-04-18,"Standard","Atlantic","Social",16.21,0
10933,482,2026-03-03,"Signature","Atlantic","Search",24.99,0
10934,1159,2026-03-04,"Discovery","Ontario","Organic",32.39,0
10935,1795,2026-05-13,"Discovery","Ontario","Referral",33.3,0
10936,1495,2026-03-19,"Signature","Atlantic","Retail_partner",21.72,0
10937,1286,2026-03-04,"Standard","Atlantic","Search",13.34,0
10938,3119,2026-06-21,"Signature","Atlantic","Retail_partner",18.63,0
10939,3461,2026-03-15,"Standard","Atlantic","Organic",18.93,1
10940,1860,2026-01-28,"Standard","Atlantic","Social",16.17,0
10941,3519,2026-02-19,"Standard","Atlantic","Social",16.94,0
10942,847,2026-04-18,"Standard","Ontario","Social",16.94,0
10943,2047,2026-04-11,"Standard","Atlantic","Organic",13.95,0
10944,2346,2026-03-16,"Signature","Ontario","Referral",19.02,0
10945,1095,2026-06-23,"Signature","Atlantic","Search",24.95,1
10946,2247,2026-03-29,"Standard","Atlantic","Social",16.84,0
10947,3540,2026-01-08,"Discovery","Atlantic","Organic",32.23,0
10948,1780,2026-06-26,"Signature","Atlantic","Referral",21.4,0
10949,3001,2026-04-16,"Standard","Atlantic","Organic",13.99,0
10950,2528,2026-04-04,"Discovery","Atlantic","Organic",35,0
10951,153,2026-02-05,"Standard","Ontario","Search",18.75,1
10952,2603,2026-06-21,"Standard","Atlantic","Social",12.08,0
10953,2779,2026-06-26,"Standard","Atlantic","Organic",11.79,0
10954,3386,2026-02-22,"Signature","Atlantic","Organic",27.52,0
10955,2973,2026-04-08,"Signature","Atlantic","Retail_partner",18.98,0
10956,1618,2026-03-15,"Signature","Atlantic","Organic",21.45,1
10957,2365,2026-02-09,"Discovery","Ontario","Organic",35.3,0
10958,3340,2026-03-10,"Signature","Ontario","Organic",26.32,0
10959,1245,2026-06-21,"Signature","Atlantic","Retail_partner",25.99,0
10960,1339,2026-04-01,"Discovery","Atlantic","Organic",29.74,0
10961,51,2026-04-13,"Standard","Atlantic","Referral",15.16,1
10962,1579,2026-01-04,"Discovery","Atlantic","Referral",36.76,0
10963,1488,2026-05-25,"Standard","Atlantic","Referral",14.46,0
10964,2126,2026-02-26,"Standard","Atlantic","Search",18.01,1
10965,2178,2026-03-19,"Discovery","Atlantic","Retail_partner",34.64,0
10966,2737,2026-02-17,"Signature","Atlantic","Organic",26.77,0
10967,606,2026-06-19,"Standard","Atlantic","Search",13.22,1
10968,3448,2026-06-28,"Standard","Atlantic","Referral",17.62,0
10969,3173,2026-06-28,"Standard","Atlantic","Search",15.18,1
10970,2558,2026-04-01,"Standard","Atlantic","Organic",12.18,0
10971,1728,2026-01-15,"Standard","Atlantic","Organic",12.69,0
10972,149,2026-06-08,"Signature","Atlantic","Organic",24.22,0
10973,947,2026-05-26,"Standard","Atlantic","Retail_partner",20.12,0
10974,15,2026-03-20,"Discovery","Atlantic","Referral",32.53,1
10975,802,2026-06-25,"Discovery","Ontario","Search",39.06,0
10976,1771,2026-02-16,"Discovery","Ontario","Social",35.22,0
10977,2526,2026-01-05,"Signature","Atlantic","Social",21.25,0
10978,1428,2026-05-03,"Standard","Atlantic","Retail_partner",16.12,0
10979,3119,2026-01-03,"Signature","Atlantic","Organic",22,0
10980,2504,2026-02-16,"Standard","Atlantic","Retail_partner",15.24,0
10981,2814,2026-05-30,"Signature","Atlantic","Organic",22.38,0
10982,1064,2026-07-01,"Discovery","Atlantic","Social",31.86,0
10983,3982,2026-05-24,"Signature","Atlantic","Referral",20.61,0
10984,1342,2026-03-04,"Standard","Atlantic","Organic",15.11,0
10985,1692,2026-06-30,"Standard","Atlantic","Referral",9.99,0
10986,912,2026-03-30,"Discovery","Atlantic","Search",31.36,1
10987,770,2026-02-09,"Discovery","Atlantic","Referral",31.16,0
10988,1842,2026-04-23,"Discovery","Ontario","Retail_partner",30.69,0
10989,1743,2026-06-10,"Standard","Ontario","Social",20.82,0
10990,756,2026-03-28,"Discovery","Atlantic","Retail_partner",26.84,0
10991,2291,2026-07-01,"Signature","Atlantic","Retail_partner",24.22,0
10992,2328,2026-06-24,"Standard","Atlantic","Organic",16.86,1
10993,3290,2026-05-08,"Standard","Atlantic","Social",18.85,0
10994,450,2026-05-05,"Discovery","Atlantic","Organic",30.28,0
10995,2215,2026-02-05,"Standard","Atlantic","Organic",15.89,0
10996,1973,2026-05-23,"Signature","Atlantic","Organic",24.45,0
10997,928,2026-04-27,"Discovery","Atlantic","Retail_partner",35.44,0
10998,3282,2026-04-15,"Standard","Atlantic","Social",15.6,0
10999,1340,2026-03-20,"Signature","Atlantic","Retail_partner",21.96,0
11000,3978,2026-01-14,"Standard","Ontario","Retail_partner",11.69,0
11001,2834,2026-02-11,"Standard","Atlantic","Retail_partner",16.36,0
11002,3252,2026-03-29,"Standard","Atlantic","Referral",14.04,0
11003,3122,2026-01-17,"Standard","Atlantic","Social",13.26,0
11004,3515,2026-06-22,"Standard","Ontario","Organic",18.33,0
11005,2668,2026-02-28,"Signature","Atlantic","Organic",23.2,1
11006,3497,2026-01-12,"Standard","Atlantic","Organic",14.66,1
11007,1292,2026-03-17,"Signature","Ontario","Social",22.68,0
11008,270,2026-06-21,"Discovery","Atlantic","Organic",30.64,0
11009,2793,2026-01-05,"Standard","Atlantic","Retail_partner",10.59,0
11010,2702,2026-03-15,"Standard","Atlantic","Organic",16.66,0
11011,799,2026-05-31,"Standard","Atlantic","Search",12.78,0
11012,3373,2026-04-13,"Standard","Atlantic","Search",11.4,0
11013,2938,2026-06-25,"Signature","Atlantic","Organic",23.75,1
11014,1034,2026-01-22,"Signature","Ontario","Social",23.66,0
11015,3142,2026-02-18,"Signature","Ontario","Referral",22.89,1
11016,2814,2026-02-06,"Signature","Atlantic","Organic",22.39,0
11017,683,2026-05-16,"Discovery","Atlantic","Organic",33,0
11018,2087,2026-03-26,"Signature","Atlantic","Search",17.51,0
11019,1255,2026-05-29,"Discovery","Atlantic","Search",33.67,0
11020,502,2026-03-20,"Discovery","Atlantic","Organic",34.65,1
11021,708,2026-06-22,"Standard","Atlantic","Social",19.51,0
11022,446,2026-01-05,"Signature","Atlantic","Retail_partner",25.33,1
11023,216,2026-05-07,"Standard","Atlantic","Search",15.5,0
11024,1,2026-05-26,"Standard","Atlantic","Organic",11.19,1
11025,1478,2026-02-04,"Standard","Atlantic","Organic",9.71,0
11026,3496,2026-04-17,"Discovery","Atlantic","Organic",29.92,0
11027,2574,2026-04-18,"Discovery","Ontario","Referral",33.8,0
11028,2538,2026-05-09,"Discovery","Atlantic","Search",30.29,0
11029,2422,2026-05-14,"Discovery","Atlantic","Social",28.45,0
11030,959,2026-04-07,"Standard","Atlantic","Search",18.85,0
11031,3041,2026-06-06,"Standard","Atlantic","Social",11.75,0
11032,3160,2026-01-26,"Standard","Atlantic","Referral",16.7,1
11033,1954,2026-03-25,"Standard","Atlantic","Social",13.22,1
11034,3435,2026-05-29,"Signature","Atlantic","Organic",24.49,0
11035,2613,2026-01-09,"Signature","Atlantic","Organic",23.19,0
11036,3450,2026-01-16,"Discovery","Atlantic","Social",28.89,0
11037,1143,2026-05-06,"Signature","Ontario","Organic",26.03,0
11038,2299,2026-05-24,"Standard","Atlantic","Search",14.1,1
11039,1316,2026-01-26,"Standard","Atlantic","Organic",17,0
11040,2460,2026-01-09,"Standard","Ontario","Referral",15.71,1
11041,3748,2026-03-29,"Standard","Atlantic","Organic",15.04,0
11042,933,2026-06-18,"Signature","Atlantic","Referral",24.93,0
11043,1665,2026-02-15,"Standard","Atlantic","Referral",14.74,0
11044,1851,2026-01-13,"Signature","Ontario","Search",27.77,0
11045,3019,2026-01-24,"Standard","Ontario","Organic",19.98,1
11046,2521,2026-03-06,"Signature","Atlantic","Referral",22.76,1
11047,410,2026-02-02,"Standard","Atlantic","Referral",12.27,0
11048,67,2026-03-13,"Standard","Atlantic","Organic",13.69,0
11049,1288,2026-02-13,"Signature","Atlantic","Organic",22.25,0
11050,1455,2026-01-26,"Standard","Ontario","Referral",15.21,0
11051,796,2026-04-03,"Signature","Atlantic","Organic",26.56,0
11052,3223,2026-03-03,"Standard","Atlantic","Organic",13.4,0
11053,1973,2026-05-17,"Standard","Atlantic","Social",16.66,1
11054,3132,2026-05-26,"Signature","Atlantic","Organic",21.3,0
11055,647,2026-04-29,"Standard","Atlantic","Organic",13.74,0
11056,2784,2026-03-08,"Signature","Atlantic","Organic",22.48,0
11057,3142,2026-02-17,"Signature","Atlantic","Retail_partner",27.02,1
11058,2965,2026-01-17,"Signature","Atlantic","Search",21.16,0
11059,2038,2026-01-07,"Signature","Atlantic","Search",23.87,0
11060,1970,2026-05-21,"Standard","Atlantic","Search",17.08,0
11061,1363,2026-03-16,"Standard","Atlantic","Organic",13.96,1
11062,3590,2026-05-18,"Discovery","Atlantic","Social",33.14,0
11063,23,2026-03-16,"Standard","Atlantic","Search",12.55,0
11064,3428,2026-05-27,"Signature","Ontario","Organic",26.39,0
11065,2990,2026-03-11,"Discovery","Atlantic","Social",32.14,0
11066,3964,2026-06-23,"Standard","Atlantic","Search",17.57,1
11067,1414,2026-02-13,"Signature","Atlantic","Social",23.73,0
11068,3563,2026-01-10,"Signature","Ontario","Social",26.41,1
11069,3013,2026-06-08,"Signature","Atlantic","Social",22.92,0
11070,3831,2026-06-22,"Signature","Atlantic","Organic",22.42,0
11071,1636,2026-02-09,"Discovery","Ontario","Organic",32.02,0
11072,1121,2026-06-16,"Discovery","Atlantic","Referral",33.71,0
11073,1749,2026-02-03,"Standard","Atlantic","Organic",15.96,1
11074,1052,2026-05-10,"Signature","Ontario","Organic",23.47,0
11075,323,2026-02-09,"Discovery","Atlantic","Search",30.19,0
11076,2182,2026-01-16,"Standard","Atlantic","Organic",15.89,0
11077,3310,2026-04-22,"Discovery","Atlantic","Referral",30.77,0
11078,2433,2026-01-26,"Standard","Atlantic","Search",18.97,1
11079,2497,2026-04-07,"Standard","Atlantic","Search",13.3,0
11080,305,2026-03-22,"Discovery","Atlantic","Organic",29.25,0
11081,2126,2026-02-18,"Standard","Atlantic","Social",17.03,0
11082,1455,2026-05-23,"Standard","Atlantic","Retail_partner",17.26,1
11083,2891,2026-03-28,"Standard","Atlantic","Referral",15.96,0
11084,2510,2026-04-16,"Signature","Atlantic","Retail_partner",21.97,0
11085,2895,2026-02-01,"Standard","Atlantic","Organic",10.65,0
11086,3307,2026-05-13,"Standard","Atlantic","Referral",13.92,0
11087,3295,2026-05-29,"Discovery","Ontario","Social",33.35,0
11088,634,2026-06-18,"Discovery","Atlantic","Social",30.64,0
11089,1781,2026-01-08,"Standard","Atlantic","Search",16.05,0
11090,2266,2026-01-04,"Standard","Ontario","Search",14.9,0
11091,2176,2026-04-20,"Standard","Atlantic","Search",14.87,0
11092,945,2026-03-23,"Standard","Atlantic","Search",13.8,0
11093,1620,2026-06-19,"Signature","Atlantic","Retail_partner",24.44,0
11094,1082,2026-01-26,"Standard","Ontario","Referral",11.05,0
11095,2365,2026-05-13,"Signature","Atlantic","Organic",24.34,0
11096,3597,2026-02-20,"Standard","Atlantic","Referral",14.56,0
11097,1858,2026-02-28,"Standard","Atlantic","Organic",14.52,1
11098,1778,2026-06-15,"Standard","Atlantic","Search",16.55,0
11099,698,2026-06-04,"Standard","Atlantic","Organic",14.4,0
11100,1260,2026-02-04,"Standard","Ontario","Organic",17.6,0
11101,624,2026-02-19,"Standard","Atlantic","Social",13.99,1
11102,285,2026-01-02,"Signature","Atlantic","Retail_partner",24.84,0
11103,64,2026-05-14,"Discovery","Atlantic","Organic",30.05,0
11104,200,2026-05-04,"Standard","Atlantic","Organic",17.91,1
11105,2317,2026-02-03,"Standard","Ontario","Search",14.57,0
11106,1482,2026-05-12,"Discovery","Atlantic","Organic",32.63,0
11107,2895,2026-02-23,"Standard","Ontario","Organic",12.73,1
11108,301,2026-05-28,"Signature","Atlantic","Organic",28.53,1
11109,1435,2026-01-25,"Signature","Atlantic","Organic",20.38,0
11110,2041,2026-04-19,"Discovery","Atlantic","Search",32.39,0
11111,3463,2026-05-12,"Standard","Ontario","Search",15.28,0
11112,1612,2026-01-29,"Signature","Atlantic","Referral",19.87,0
11113,2422,2026-06-06,"Standard","Atlantic","Search",11,0
11114,3056,2026-05-20,"Discovery","Atlantic","Social",30.28,1
11115,1477,2026-06-24,"Discovery","Ontario","Organic",32.59,0
11116,283,2026-05-23,"Standard","Ontario","Referral",16.4,0
11117,783,2026-01-13,"Discovery","Atlantic","Organic",34.49,0
11118,105,2026-05-25,"Standard","Atlantic","Search",16.33,0
11119,3318,2026-03-15,"Signature","Atlantic","Social",19.4,0
11120,2507,2026-06-13,"Standard","Atlantic","Social",11.94,0
11121,1601,2026-05-08,"Signature","Ontario","Social",23.78,1
11122,98,2026-06-26,"Discovery","Atlantic","Organic",34.02,0
11123,1978,2026-06-14,"Standard","Atlantic","Referral",11.72,0
11124,2227,2026-05-05,"Standard","Atlantic","Search",18.49,0
11125,2080,2026-04-05,"Signature","Ontario","Search",26.55,0
11126,929,2026-05-11,"Standard","Atlantic","Retail_partner",12.26,0
11127,2378,2026-06-09,"Standard","Atlantic","Organic",13.05,0
11128,3429,2026-04-26,"Standard","Atlantic","Organic",13.88,0
11129,540,2026-05-18,"Signature","Atlantic","Retail_partner",25.5,0
11130,3576,2026-01-04,"Discovery","Atlantic","Search",32.98,0
11131,149,2026-07-01,"Standard","Atlantic","Social",13.75,0
11132,57,2026-03-13,"Standard","Ontario","Search",15.55,0
11133,2271,2026-05-14,"Signature","Ontario","Referral",22.54,0
11134,2377,2026-03-29,"Standard","Atlantic","Social",14.75,0
11135,2594,2026-04-12,"Standard","Atlantic","Organic",20.24,1
11136,2182,2026-05-29,"Signature","Atlantic","Organic",22.33,0
11137,3049,2026-06-29,"Standard","Atlantic","Search",10.1,0
11138,2611,2026-04-22,"Standard","Atlantic","Social",14.59,1
11139,2525,2026-03-28,"Discovery","Atlantic","Social",30.96,1
11140,2318,2026-03-22,"Standard","Atlantic","Organic",16.63,0
11141,119,2026-05-17,"Signature","Atlantic","Social",25.84,1
11142,698,2026-05-04,"Signature","Atlantic","Social",27.17,0
11143,3113,2026-01-14,"Signature","Ontario","Organic",19.01,0
11144,2510,2026-03-05,"Signature","Atlantic","Search",24.41,0
11145,3697,2026-06-29,"Standard","Ontario","Referral",14.49,0
11146,849,2026-04-05,"Standard","Atlantic","Social",13.27,0
11147,2524,2026-04-16,"Discovery","Atlantic","Referral",29.07,0
11148,15,2026-01-06,"Standard","Atlantic","Retail_partner",11.83,0
11149,327,2026-03-24,"Signature","Atlantic","Retail_partner",29.34,0
11150,3291,2026-05-06,"Standard","Atlantic","Organic",20.52,1
11151,2998,2026-01-28,"Signature","Atlantic","Organic",22.01,1
11152,3468,2026-01-23,"Discovery","Atlantic","Search",31.49,0
11153,631,2026-06-24,"Signature","Atlantic","Organic",21.28,0
11154,2394,2026-06-26,"Discovery","Atlantic","Retail_partner",30.9,1
11155,3097,2026-02-22,"Discovery","Atlantic","Social",30.49,0
11156,1905,2026-05-11,"Standard","Atlantic","Organic",16.65,0
11157,1193,2026-03-20,"Signature","Atlantic","Organic",23.19,0
11158,2553,2026-01-27,"Signature","Atlantic","Organic",22.07,0
11159,1460,2026-04-26,"Discovery","Atlantic","Referral",31.56,0
11160,2212,2026-04-08,"Standard","Ontario","Search",15.82,0
11161,2231,2026-04-30,"Standard","Atlantic","Social",13.42,1
11162,3360,2026-03-24,"Standard","Atlantic","Referral",12.63,0
11163,421,2026-06-26,"Discovery","Ontario","Retail_partner",31.26,0
11164,312,2026-04-02,"Discovery","Atlantic","Organic",32.37,0
11165,953,2026-03-17,"Standard","Atlantic","Retail_partner",13.15,0
11166,840,2026-05-15,"Signature","Ontario","Social",21.64,0
11167,931,2026-03-03,"Standard","Atlantic","Search",14.44,0
11168,3971,2026-06-24,"Signature","Atlantic","Social",28.67,1
11169,2019,2026-03-14,"Standard","Atlantic","Organic",16.18,0
11170,1828,2026-01-28,"Standard","Ontario","Social",15.35,0
11171,3600,2026-06-22,"Standard","Atlantic","Search",15.9,1
11172,2520,2026-06-25,"Signature","Ontario","Organic",21.33,0
11173,1368,2026-06-22,"Discovery","Atlantic","Search",33.1,0
11174,3373,2026-04-03,"Standard","Atlantic","Social",13.81,0
11175,1052,2026-04-07,"Signature","Ontario","Referral",23.3,0
11176,2167,2026-05-02,"Standard","Atlantic","Referral",16.01,0
11177,3352,2026-05-04,"Standard","Atlantic","Organic",14.97,0
11178,3021,2026-05-22,"Signature","Ontario","Referral",25.49,0
11179,414,2026-05-30,"Standard","Atlantic","Search",16.72,0
11180,2876,2026-05-09,"Standard","Atlantic","Organic",16.16,0
11181,3317,2026-06-18,"Standard","Atlantic","Retail_partner",14.93,0
11182,478,2026-03-30,"Signature","Atlantic","Organic",25.4,0
11183,3859,2026-04-03,"Discovery","Atlantic","Organic",31.77,0
11184,3196,2026-02-26,"Standard","Atlantic","Organic",14.55,0
11185,3239,2026-03-01,"Discovery","Atlantic","Organic",30.5,1
11186,2824,2026-03-24,"Standard","Ontario","Search",10.11,1
11187,1588,2026-03-30,"Standard","Atlantic","Organic",17.43,0
11188,2231,2026-06-03,"Standard","Atlantic","Organic",16.08,0
11189,1154,2026-05-11,"Standard","Ontario","Social",17.07,0
11190,3629,2026-04-18,"Standard","Ontario","Social",19.24,0
11191,2511,2026-01-02,"Discovery","Atlantic","Referral",28.63,0
11192,2448,2026-06-03,"Discovery","Atlantic","Organic",31.21,1
11193,3428,2026-06-28,"Standard","Atlantic","Social",12.72,0
11194,634,2026-01-18,"Signature","Ontario","Organic",20.76,0
11195,1604,2026-02-27,"Discovery","Atlantic","Search",33.7,0
11196,2093,2026-03-14,"Standard","Atlantic","Organic",14.13,0
11197,2477,2026-03-26,"Signature","Atlantic","Organic",23.14,0
11198,2769,2026-05-14,"Standard","Atlantic","Organic",12.6,0
11199,375,2026-01-29,"Standard","Atlantic","Organic",14.76,0
11200,1991,2026-04-19,"Standard","Ontario","Search",16.26,1
11201,396,2026-04-14,"Signature","Atlantic","Search",18.53,0
11202,1239,2026-04-13,"Discovery","Atlantic","Referral",30.64,0
11203,3820,2026-03-10,"Signature","Atlantic","Retail_partner",26.67,0
11204,1276,2026-06-09,"Signature","Atlantic","Social",21.16,0
11205,3000,2026-06-21,"Standard","Ontario","Search",18.64,1
11206,3954,2026-06-09,"Discovery","Atlantic","Social",33.5,0
11207,2630,2026-03-22,"Standard","Atlantic","Organic",14.5,0
11208,3107,2026-01-05,"Standard","Atlantic","Retail_partner",14.28,0
11209,1496,2026-02-19,"Standard","Atlantic","Social",13.13,0
11210,1709,2026-01-11,"Signature","Atlantic","Search",22.07,0
11211,3792,2026-04-06,"Signature","Ontario","Organic",26.22,0
11212,1428,2026-04-26,"Signature","Atlantic","Organic",20.11,0
11213,283,2026-05-04,"Signature","Atlantic","Organic",27.07,0
11214,3247,2026-01-18,"Discovery","Ontario","Organic",36.18,0
11215,1858,2026-03-22,"Standard","Atlantic","Organic",15.73,1
11216,2967,2026-04-29,"Standard","Atlantic","Search",14.93,0
11217,1316,2026-02-14,"Discovery","Atlantic","Organic",35.64,0
11218,3458,2026-06-25,"Standard","Atlantic","Referral",19.3,0
11219,2662,2026-02-27,"Standard","Atlantic","Organic",15.45,0
11220,2800,2026-04-28,"Signature","Atlantic","Social",25.68,0
11221,2580,2026-03-16,"Discovery","Atlantic","Social",34.35,1
11222,257,2026-04-17,"Signature","Atlantic","Organic",19.47,0
11223,1252,2026-06-20,"Signature","Atlantic","Social",21,0
11224,2393,2026-04-24,"Standard","Atlantic","Retail_partner",16.1,0
11225,843,2026-05-11,"Standard","Atlantic","Organic",15.33,0
11226,3425,2026-03-31,"Standard","Atlantic","Social",15.92,0
11227,3022,2026-05-14,"Signature","Atlantic","Organic",22.3,0
11228,3193,2026-04-27,"Standard","Atlantic","Retail_partner",16.23,1
11229,237,2026-03-23,"Signature","Atlantic","Referral",23,0
11230,1231,2026-03-13,"Standard","Atlantic","Social",14.44,0
11231,2043,2026-05-26,"Standard","Atlantic","Social",11.69,0
11232,2438,2026-02-09,"Discovery","Atlantic","Search",30.06,0
11233,702,2026-04-17,"Signature","Atlantic","Social",22.74,0
11234,1287,2026-01-19,"Signature","Atlantic","Social",19.66,0
11235,981,2026-06-22,"Signature","Atlantic","Referral",26.06,0
11236,2777,2026-06-22,"Standard","Atlantic","Referral",15.76,0
11237,2199,2026-01-15,"Standard","Ontario","Organic",15.73,0
11238,2680,2026-01-28,"Standard","Ontario","Social",10.89,0
11239,3322,2026-02-28,"Signature","Atlantic","Search",24.09,0
11240,756,2026-01-22,"Signature","Atlantic","Search",23.34,0
11241,3621,2026-02-08,"Discovery","Atlantic","Referral",31.9,0
11242,1949,2026-01-16,"Discovery","Ontario","Social",26.85,0
11243,1081,2026-05-31,"Standard","Atlantic","Social",12.54,0
11244,3838,2026-02-09,"Signature","Atlantic","Organic",19.08,0
11245,175,2026-02-11,"Standard","Atlantic","Organic",15.63,0
11246,616,2026-03-02,"Signature","Atlantic","Referral",21.09,0
11247,1503,2026-03-17,"Standard","Atlantic","Organic",11.66,0
11248,1392,2026-02-26,"Standard","Ontario","Search",17.2,0
11249,3568,2026-01-18,"Signature","Ontario","Retail_partner",24.69,0
11250,3582,2026-04-07,"Standard","Atlantic","Retail_partner",16.97,1
11251,3429,2026-06-17,"Standard","Ontario","Social",13.31,0
11252,2716,2026-04-01,"Signature","Atlantic","Referral",22.86,0
11253,1065,2026-02-02,"Standard","Atlantic","Organic",16.65,1
11254,3876,2026-06-28,"Standard","Atlantic","Organic",14.3,1
11255,2585,2026-05-02,"Signature","Atlantic","Organic",20.73,0
11256,1589,2026-04-12,"Standard","Atlantic","Social",17.94,0
11257,2032,2026-04-17,"Standard","Atlantic","Search",12.19,1
11258,431,2026-01-08,"Standard","Atlantic","Organic",17.33,0
11259,2649,2026-03-28,"Signature","Atlantic","Social",19.58,0
11260,3795,2026-06-17,"Standard","Atlantic","Organic",12.93,0
11261,988,2026-05-03,"Discovery","Atlantic","Organic",30.07,0
11262,2201,2026-03-02,"Signature","Atlantic","Referral",26.26,0
11263,2276,2026-02-01,"Standard","Atlantic","Organic",21.08,0
11264,3844,2026-04-13,"Signature","Ontario","Social",20.76,1
11265,286,2026-04-17,"Standard","Atlantic","Organic",12.61,1
11266,3141,2026-03-30,"Standard","Atlantic","Search",14.92,0
11267,3337,2026-01-12,"Signature","Atlantic","Organic",23.12,0
11268,250,2026-01-12,"Standard","Ontario","Social",14.5,0
11269,2769,2026-06-05,"Standard","Atlantic","Retail_partner",14.98,0
11270,1785,2026-06-17,"Signature","Atlantic","Search",21.43,1
11271,1740,2026-04-15,"Signature","Atlantic","Organic",19.13,0
11272,1472,2026-01-16,"Standard","Atlantic","Social",15.51,1
11273,1056,2026-03-24,"Standard","Ontario","Organic",14.17,0
11274,1737,2026-02-07,"Signature","Ontario","Retail_partner",25.7,1
11275,131,2026-06-30,"Standard","Atlantic","Retail_partner",13.37,0
11276,3153,2026-01-18,"Standard","Atlantic","Referral",15.94,0
11277,3524,2026-05-24,"Discovery","Atlantic","Social",32.66,0
11278,3525,2026-03-19,"Standard","Atlantic","Social",17.31,0
11279,132,2026-04-29,"Signature","Ontario","Social",24.88,0
11280,855,2026-04-13,"Standard","Atlantic","Retail_partner",12.25,0
11281,1079,2026-05-21,"Discovery","Atlantic","Social",28.77,0
11282,1364,2026-05-18,"Signature","Atlantic","Referral",25.52,0
11283,31,2026-03-02,"Signature","Atlantic","Social",22.1,1
11284,3051,2026-02-20,"Standard","Atlantic","Organic",11.89,0
11285,3679,2026-02-08,"Standard","Atlantic","Referral",11.46,1
11286,3922,2026-05-02,"Signature","Atlantic","Search",25.61,0
11287,3544,2026-06-30,"Signature","Ontario","Referral",26.72,0
11288,3101,2026-01-07,"Standard","Ontario","Organic",16.51,0
11289,3812,2026-03-14,"Signature","Ontario","Social",23.38,0
11290,2045,2026-01-09,"Signature","Atlantic","Retail_partner",21.2,1
11291,1873,2026-02-26,"Signature","Ontario","Organic",21.83,0
11292,2295,2026-01-07,"Discovery","Atlantic","Organic",31.06,0
11293,2431,2026-02-12,"Signature","Ontario","Organic",25.88,0
11294,3131,2026-04-29,"Discovery","Atlantic","Search",33.67,0
11295,824,2026-06-01,"Standard","Ontario","Social",11.05,1
11296,299,2026-01-08,"Standard","Ontario","Organic",13.92,0
11297,3927,2026-05-16,"Signature","Atlantic","Retail_partner",26.2,1
11298,3437,2026-03-29,"Standard","Ontario","Referral",17.04,1
11299,880,2026-03-21,"Signature","Atlantic","Search",20.8,0
11300,3785,2026-01-27,"Signature","Ontario","Organic",24.76,0
11301,881,2026-02-25,"Signature","Atlantic","Search",25.23,0
11302,3084,2026-02-24,"Standard","Atlantic","Social",15.72,0
11303,3656,2026-01-10,"Standard","Atlantic","Social",12.02,1
11304,183,2026-02-25,"Standard","Atlantic","Organic",18.93,0
11305,1319,2026-06-04,"Standard","Atlantic","Referral",15.37,0
11306,141,2026-02-06,"Standard","Atlantic","Organic",18.79,0
11307,1532,2026-04-02,"Signature","Atlantic","Referral",27.35,0
11308,163,2026-04-21,"Standard","Atlantic","Organic",11.45,0
11309,3639,2026-05-06,"Signature","Atlantic","Search",22.18,0
11310,1182,2026-04-13,"Standard","Atlantic","Organic",13.72,0
11311,2628,2026-01-18,"Standard","Atlantic","Organic",11.82,0
11312,171,2026-06-22,"Discovery","Atlantic","Retail_partner",34.19,1
11313,945,2026-05-02,"Discovery","Atlantic","Organic",26.78,0
11314,2307,2026-01-07,"Signature","Atlantic","Organic",22.3,1
11315,3800,2026-06-02,"Standard","Atlantic","Search",12.21,1
11316,918,2026-04-01,"Standard","Ontario","Organic",15.36,0
11317,224,2026-03-06,"Standard","Ontario","Referral",15.3,0
11318,783,2026-04-16,"Signature","Atlantic","Search",20.92,0
11319,531,2026-02-27,"Standard","Atlantic","Referral",19.94,0
11320,2220,2026-05-16,"Standard","Atlantic","Referral",15.35,1
11321,1808,2026-03-10,"Signature","Ontario","Organic",20.8,0
11322,3619,2026-04-22,"Signature","Atlantic","Retail_partner",20.35,0
11323,135,2026-07-01,"Signature","Atlantic","Retail_partner",20.37,0
11324,1020,2026-03-03,"Discovery","Atlantic","Social",30.62,0
11325,2625,2026-02-28,"Signature","Atlantic","Search",21.4,0
11326,2363,2026-06-11,"Standard","Atlantic","Retail_partner",17.81,0
11327,181,2026-04-08,"Standard","Ontario","Social",17.58,0
11328,949,2026-01-16,"Standard","Atlantic","Search",9.12,0
11329,1451,2026-01-27,"Signature","Atlantic","Organic",25.29,0
11330,3502,2026-06-25,"Standard","Atlantic","Social",12.89,0
11331,1896,2026-03-26,"Signature","Atlantic","Organic",23.53,1
11332,3656,2026-04-13,"Standard","Atlantic","Referral",14.39,0
11333,650,2026-05-13,"Discovery","Atlantic","Social",31.91,0
11334,974,2026-06-11,"Standard","Ontario","Retail_partner",16.33,0
11335,859,2026-02-27,"Signature","Atlantic","Search",25.27,0
11336,1316,2026-01-21,"Standard","Atlantic","Organic",14.82,0
11337,1080,2026-01-03,"Standard","Ontario","Social",14.48,0
11338,3216,2026-03-27,"Standard","Ontario","Social",14.9,0
11339,1537,2026-03-25,"Standard","Atlantic","Social",18.23,0
11340,3342,2026-01-30,"Discovery","Atlantic","Referral",34.66,0
11341,3739,2026-02-01,"Standard","Atlantic","Organic",16.25,0
11342,2269,2026-06-17,"Standard","Atlantic","Social",13.16,0
11343,3592,2026-03-31,"Signature","Atlantic","Organic",24,1
11344,631,2026-06-25,"Standard","Atlantic","Social",13.95,0
11345,339,2026-03-10,"Signature","Atlantic","Organic",25.16,0
11346,716,2026-05-20,"Standard","Atlantic","Referral",11.97,0
11347,758,2026-02-22,"Standard","Atlantic","Search",18.67,1
11348,845,2026-04-22,"Signature","Atlantic","Social",20.57,1
11349,2361,2026-01-26,"Standard","Atlantic","Retail_partner",15.02,0
11350,1885,2026-04-26,"Standard","Atlantic","Organic",10.29,0
11351,3330,2026-03-20,"Standard","Atlantic","Organic",12.45,0
11352,16,2026-03-20,"Discovery","Atlantic","Search",33.9,0
11353,3006,2026-05-10,"Standard","Atlantic","Social",12.76,0
11354,81,2026-01-25,"Standard","Atlantic","Organic",16.14,1
11355,617,2026-03-14,"Standard","Atlantic","Organic",13.88,1
11356,1592,2026-03-25,"Standard","Atlantic","Search",14.84,0
11357,2788,2026-05-11,"Standard","Atlantic","Search",12.16,0
11358,3834,2026-02-28,"Standard","Atlantic","Social",16.28,0
11359,2537,2026-05-04,"Standard","Atlantic","Organic",17.44,0
11360,2960,2026-06-02,"Standard","Atlantic","Referral",12.16,0
11361,2617,2026-05-18,"Standard","Atlantic","Social",13.06,1
11362,517,2026-02-22,"Signature","Atlantic","Organic",20.96,0
11363,1681,2026-02-02,"Signature","Atlantic","Social",20.52,0
11364,1054,2026-03-18,"Standard","Atlantic","Organic",16.62,0
11365,2845,2026-05-27,"Standard","Atlantic","Organic",13.11,0
11366,156,2026-06-08,"Signature","Atlantic","Retail_partner",20.29,0
11367,2503,2026-04-03,"Standard","Atlantic","Social",16.24,1
11368,3715,2026-01-10,"Signature","Atlantic","Social",24.17,1
11369,543,2026-05-15,"Signature","Atlantic","Social",21.11,0
11370,1290,2026-02-17,"Signature","Atlantic","Search",17.53,0
11371,701,2026-03-17,"Signature","Atlantic","Organic",17.79,0
11372,2030,2026-01-04,"Signature","Atlantic","Referral",21.46,0
11373,576,2026-06-10,"Standard","Atlantic","Search",14.78,0
11374,3205,2026-03-08,"Standard","Ontario","Search",9.8,0
11375,636,2026-04-12,"Standard","Atlantic","Social",18.29,0
11376,1960,2026-02-03,"Signature","Atlantic","Organic",25.09,1
11377,2357,2026-05-20,"Standard","Atlantic","Retail_partner",12.82,0
11378,932,2026-06-18,"Standard","Atlantic","Organic",15.05,0
11379,2227,2026-04-01,"Standard","Atlantic","Organic",16.7,0
11380,2396,2026-04-17,"Standard","Atlantic","Social",13.29,0
11381,75,2026-03-09,"Standard","Atlantic","Organic",11.93,0
11382,723,2026-01-08,"Standard","Atlantic","Social",16.76,0
11383,1454,2026-04-21,"Signature","Atlantic","Organic",25.1,1
11384,553,2026-05-04,"Standard","Atlantic","Retail_partner",17.59,0
11385,3211,2026-03-08,"Standard","Atlantic","Organic",14.18,0
11386,1492,2026-01-31,"Signature","Atlantic","Organic",25.72,0
11387,3237,2026-03-06,"Discovery","Atlantic","Organic",31.82,0
11388,2858,2026-02-02,"Standard","Atlantic","Social",17.41,0
11389,3233,2026-02-07,"Standard","Atlantic","Organic",18.77,0
11390,1435,2026-05-31,"Discovery","Atlantic","Organic",32.74,0
11391,3630,2026-01-02,"Standard","Atlantic","Retail_partner",11.4,0
11392,3041,2026-05-03,"Standard","Atlantic","Search",16.05,0
11393,1972,2026-01-20,"Discovery","Ontario","Search",31.28,0
11394,1051,2026-04-23,"Standard","Ontario","Search",15,1
11395,536,2026-05-22,"Signature","Atlantic","Organic",20.6,0
11396,3464,2026-01-12,"Signature","Atlantic","Referral",25.98,0
11397,397,2026-05-01,"Standard","Atlantic","Organic",16.39,0
11398,372,2026-02-01,"Discovery","Atlantic","Search",32.59,0
11399,2572,2026-03-06,"Standard","Atlantic","Organic",16.77,0
11400,2414,2026-01-30,"Standard","Atlantic","Organic",15.4,1
11401,2099,2026-01-01,"Signature","Atlantic","Organic",24.77,0
11402,1158,2026-04-02,"Standard","Atlantic","Organic",16.5,1
11403,1250,2026-01-04,"Signature","Atlantic","Organic",20.89,1
11404,1439,2026-01-08,"Standard","Ontario","Organic",17.93,0
11405,1846,2026-02-02,"Signature","Atlantic","Search",25.67,0
11406,3767,2026-04-01,"Signature","Ontario","Social",24.91,0
11407,1913,2026-05-09,"Standard","Atlantic","Referral",18.13,0
11408,2998,2026-02-17,"Standard","Atlantic","Social",17.18,0
11409,639,2026-06-03,"Signature","Atlantic","Referral",25.26,1
11410,3731,2026-05-26,"Signature","Atlantic","Search",24.13,0
11411,1728,2026-01-13,"Standard","Atlantic","Social",13.63,0
11412,2298,2026-05-21,"Signature","Ontario","Retail_partner",24.03,0
11413,1089,2026-02-10,"Signature","Atlantic","Social",23.78,0
11414,3933,2026-05-05,"Signature","Atlantic","Social",21.19,0
11415,3637,2026-01-07,"Signature","Atlantic","Social",23.54,0
11416,275,2026-05-30,"Signature","Atlantic","Organic",25.03,0
11417,3831,2026-04-14,"Signature","Atlantic","Social",23.15,0
11418,1691,2026-06-03,"Discovery","Atlantic","Organic",32.08,0
11419,2426,2026-03-15,"Standard","Ontario","Organic",16.26,1
11420,760,2026-04-18,"Standard","Atlantic","Referral",13.34,1
11421,3385,2026-03-31,"Standard","Atlantic","Organic",16.1,1
11422,625,2026-05-16,"Standard","Atlantic","Organic",16.53,0
11423,2340,2026-01-30,"Signature","Atlantic","Retail_partner",20.03,0
11424,695,2026-03-17,"Standard","Ontario","Search",19.1,0
11425,2419,2026-03-13,"Signature","Atlantic","Social",21.18,0
11426,3741,2026-03-15,"Discovery","Atlantic","Organic",31.2,0
11427,196,2026-06-21,"Signature","Atlantic","Social",23.43,1
11428,2548,2026-02-03,"Standard","Atlantic","Organic",15.5,1
11429,3730,2026-02-20,"Discovery","Atlantic","Search",30.11,0
11430,876,2026-03-03,"Standard","Atlantic","Search",17.17,0
11431,2716,2026-02-07,"Signature","Atlantic","Social",25.48,0
11432,1672,2026-02-20,"Signature","Ontario","Organic",21.6,1
11433,3555,2026-03-03,"Discovery","Atlantic","Search",32.32,0
11434,2232,2026-06-23,"Signature","Atlantic","Retail_partner",25.64,0
11435,1107,2026-03-26,"Discovery","Atlantic","Referral",30.69,0
11436,1195,2026-03-19,"Discovery","Atlantic","Search",27.88,0
11437,3862,2026-02-13,"Signature","Atlantic","Search",26.88,0
11438,3946,2026-03-07,"Standard","Atlantic","Retail_partner",19.02,1
11439,2077,2026-02-04,"Discovery","Atlantic","Referral",25.86,0
11440,3331,2026-05-23,"Standard","Ontario","Search",14.67,0
11441,678,2026-01-02,"Standard","Atlantic","Referral",15.4,0
11442,895,2026-01-31,"Standard","Ontario","Organic",14.17,0
11443,422,2026-01-23,"Standard","Atlantic","Organic",16.74,1
11444,810,2026-05-23,"Standard","Atlantic","Search",8.71,0
11445,1040,2026-03-25,"Signature","Atlantic","Social",22.88,0
11446,3330,2026-05-04,"Signature","Ontario","Organic",25.42,0
11447,1415,2026-03-18,"Discovery","Ontario","Organic",40.14,0
11448,2003,2026-06-29,"Standard","Ontario","Search",14.05,1
11449,1935,2026-01-31,"Signature","Ontario","Organic",22.33,0
11450,2017,2026-04-19,"Signature","Atlantic","Referral",27.62,0
11451,2936,2026-06-29,"Signature","Atlantic","Organic",18.29,0
11452,2506,2026-04-18,"Signature","Atlantic","Retail_partner",21.66,0
11453,2862,2026-06-15,"Standard","Atlantic","Organic",17.04,1
11454,3083,2026-06-19,"Standard","Atlantic","Search",14.69,0
11455,3641,2026-06-06,"Standard","Ontario","Search",16.76,0
11456,2914,2026-03-27,"Standard","Atlantic","Search",17.41,0
11457,337,2026-05-27,"Standard","Atlantic","Referral",15.15,0
11458,3456,2026-02-22,"Standard","Atlantic","Referral",12.05,1
11459,1411,2026-03-12,"Standard","Ontario","Social",13.15,0
11460,3726,2026-05-02,"Standard","Atlantic","Retail_partner",14.85,0
11461,3127,2026-06-08,"Signature","Atlantic","Retail_partner",23.66,0
11462,2189,2026-02-07,"Standard","Atlantic","Search",13.74,0
11463,2568,2026-04-27,"Standard","Atlantic","Organic",13.34,0
11464,2915,2026-03-01,"Signature","Atlantic","Social",20.71,0
11465,1093,2026-04-25,"Standard","Atlantic","Organic",15.1,0
11466,924,2026-03-22,"Standard","Atlantic","Social",16.84,0
11467,1761,2026-04-22,"Discovery","Ontario","Social",35.07,0
11468,966,2026-04-15,"Standard","Ontario","Organic",16.49,0
11469,2326,2026-05-30,"Standard","Ontario","Organic",15.51,0
11470,1985,2026-04-09,"Standard","Atlantic","Social",15.19,0
11471,3876,2026-02-23,"Discovery","Atlantic","Search",32.55,0
11472,1588,2026-01-02,"Standard","Atlantic","Referral",14.67,0
11473,923,2026-03-28,"Standard","Atlantic","Search",13.19,0
11474,2528,2026-03-26,"Signature","Atlantic","Organic",25.68,0
11475,3005,2026-06-06,"Signature","Atlantic","Organic",20.03,0
11476,2845,2026-01-02,"Signature","Ontario","Social",23.07,0
11477,1542,2026-06-23,"Discovery","Atlantic","Search",31.9,0
11478,3210,2026-06-19,"Signature","Ontario","Social",26.01,0
11479,138,2026-05-05,"Signature","Atlantic","Retail_partner",20.99,1
11480,505,2026-01-28,"Standard","Atlantic","Social",18.05,1
11481,1899,2026-01-15,"Standard","Atlantic","Organic",15.62,1
11482,3238,2026-05-08,"Standard","Atlantic","Search",10.83,0
11483,3647,2026-04-24,"Standard","Atlantic","Retail_partner",10.63,1
11484,1762,2026-05-29,"Standard","Atlantic","Organic",12.93,0
11485,883,2026-04-07,"Standard","Atlantic","Organic",15.48,0
11486,517,2026-03-20,"Signature","Atlantic","Organic",24.97,0
11487,3470,2026-03-29,"Standard","Atlantic","Organic",15.81,0
11488,1215,2026-06-03,"Signature","Atlantic","Referral",25.28,0
11489,3248,2026-03-30,"Signature","Ontario","Organic",23.11,0
11490,2981,2026-04-13,"Standard","Atlantic","Organic",15.68,0
11491,557,2026-06-17,"Signature","Atlantic","Social",21.05,0
11492,3360,2026-05-04,"Signature","Atlantic","Search",26.77,0
11493,1209,2026-03-15,"Standard","Ontario","Search",14.28,0
11494,2513,2026-02-09,"Standard","Atlantic","Organic",11.64,0
11495,3264,2026-04-02,"Standard","Atlantic","Referral",8.3,0
11496,1495,2026-04-21,"Signature","Atlantic","Organic",21.29,1
11497,2396,2026-05-03,"Discovery","Atlantic","Search",33.65,0
11498,2735,2026-05-15,"Standard","Atlantic","Referral",15.21,0
11499,933,2026-07-01,"Signature","Atlantic","Organic",25.22,0
11500,1476,2026-06-02,"Standard","Ontario","Referral",14.3,0
11501,1964,2026-06-07,"Standard","Atlantic","Search",15.26,0
11502,574,2026-03-08,"Signature","Atlantic","Social",22.86,0
11503,1967,2026-06-03,"Standard","Atlantic","Organic",16.23,1
11504,2690,2026-03-30,"Signature","Atlantic","Social",21.38,0
11505,783,2026-06-21,"Discovery","Atlantic","Organic",31.49,0
11506,1063,2026-03-25,"Standard","Atlantic","Search",18.28,0
11507,2946,2026-01-28,"Standard","Atlantic","Organic",16.88,1
11508,1977,2026-06-22,"Standard","Atlantic","Referral",12.02,1
11509,2400,2026-03-20,"Standard","Atlantic","Retail_partner",13.34,0
11510,866,2026-02-02,"Discovery","Atlantic","Retail_partner",29.58,1
11511,885,2026-03-31,"Signature","Ontario","Referral",31.88,0
11512,2558,2026-01-15,"Signature","Ontario","Social",21.56,0
11513,2232,2026-01-12,"Discovery","Atlantic","Search",28.48,0
11514,1009,2026-04-18,"Standard","Atlantic","Organic",22.64,0
11515,2352,2026-06-12,"Standard","Atlantic","Organic",20.06,0
11516,569,2026-03-08,"Signature","Atlantic","Social",23.3,0
11517,2993,2026-05-11,"Standard","Atlantic","Organic",21.44,0
11518,1519,2026-02-27,"Standard","Atlantic","Referral",14.6,0
11519,121,2026-04-21,"Signature","Atlantic","Social",23.88,0
11520,129,2026-02-09,"Signature","Atlantic","Retail_partner",22.15,0
11521,268,2026-06-24,"Signature","Atlantic","Organic",17.09,0
11522,2152,2026-06-12,"Standard","Atlantic","Organic",10.76,0
11523,688,2026-03-11,"Standard","Atlantic","Social",13.03,0
11524,3758,2026-02-20,"Standard","Atlantic","Organic",16.51,0
11525,1263,2026-01-05,"Standard","Atlantic","Social",9.08,0
11526,1202,2026-02-12,"Standard","Atlantic","Organic",15.08,0
11527,3245,2026-01-11,"Standard","Atlantic","Search",16.43,0
11528,1676,2026-01-16,"Signature","Atlantic","Organic",22.16,0
11529,3955,2026-04-06,"Standard","Ontario","Referral",16.51,0
11530,1836,2026-03-02,"Standard","Atlantic","Organic",15.95,0
11531,827,2026-03-13,"Standard","Atlantic","Organic",13.01,0
11532,3992,2026-06-03,"Standard","Atlantic","Organic",14.48,0
11533,2401,2026-03-23,"Standard","Atlantic","Referral",19.72,0
11534,2515,2026-06-24,"Standard","Atlantic","Organic",12.01,0
11535,231,2026-03-13,"Standard","Atlantic","Referral",17.31,0
11536,2433,2026-06-11,"Standard","Atlantic","Social",17.08,1
11537,2521,2026-04-02,"Signature","Atlantic","Organic",25.63,0
11538,1005,2026-02-10,"Standard","Atlantic","Organic",14.79,0
11539,626,2026-02-13,"Standard","Atlantic","Organic",14.04,0
11540,1403,2026-05-24,"Signature","Ontario","Social",22.57,0
11541,1794,2026-03-04,"Standard","Atlantic","Organic",17.99,0
11542,3711,2026-05-05,"Discovery","Atlantic","Referral",34.24,0
11543,3527,2026-03-11,"Signature","Atlantic","Organic",19.95,0
11544,1923,2026-07-01,"Standard","Atlantic","Retail_partner",11.73,1
11545,3576,2026-05-20,"Standard","Ontario","Social",19.19,0
11546,151,2026-02-14,"Signature","Ontario","Search",24.13,0
11547,3375,2026-06-21,"Standard","Atlantic","Search",17.45,0
11548,3939,2026-01-12,"Standard","Atlantic","Retail_partner",15.93,0
11549,1203,2026-03-11,"Standard","Atlantic","Search",10.65,0
11550,209,2026-01-01,"Signature","Atlantic","Organic",23.21,0
11551,3345,2026-02-25,"Standard","Atlantic","Organic",12.48,0
11552,1017,2026-03-15,"Signature","Atlantic","Retail_partner",22.55,0
11553,3634,2026-03-26,"Standard","Atlantic","Search",12.07,0
11554,2754,2026-06-07,"Signature","Ontario","Organic",24.5,0
11555,463,2026-03-16,"Signature","Atlantic","Search",21.8,0
11556,1384,2026-02-09,"Discovery","Atlantic","Search",33.39,0
11557,3801,2026-02-18,"Standard","Ontario","Referral",16.31,1
11558,1627,2026-01-20,"Signature","Atlantic","Organic",20.44,0
11559,440,2026-05-27,"Signature","Atlantic","Search",24.3,0
11560,3269,2026-01-16,"Signature","Atlantic","Referral",21.89,0
11561,988,2026-02-04,"Signature","Atlantic","Social",23.03,0
11562,1395,2026-01-07,"Signature","Atlantic","Referral",18.92,0
11563,2026,2026-03-01,"Signature","Atlantic","Referral",24.72,0
11564,3139,2026-04-16,"Signature","Ontario","Referral",25.5,0
11565,1857,2026-05-14,"Standard","Atlantic","Social",15.56,1
11566,1962,2026-02-10,"Standard","Ontario","Organic",15.8,0
11567,72,2026-05-25,"Signature","Ontario","Organic",23.25,0
11568,297,2026-03-13,"Standard","Atlantic","Social",14.98,0
11569,3382,2026-04-06,"Signature","Atlantic","Organic",22.35,0
11570,1300,2026-02-26,"Signature","Atlantic","Search",23.68,0
11571,3709,2026-05-19,"Signature","Ontario","Social",20.32,0
11572,3040,2026-03-23,"Standard","Atlantic","Social",15.39,0
11573,1032,2026-03-31,"Standard","Atlantic","Referral",17.71,0
11574,917,2026-01-26,"Discovery","Atlantic","Organic",29.68,0
11575,3683,2026-01-05,"Discovery","Atlantic","Social",28.78,1
11576,103,2026-02-16,"Signature","Atlantic","Search",25,0
11577,2293,2026-05-25,"Standard","Atlantic","Organic",13.77,0
11578,3072,2026-04-24,"Discovery","Ontario","Search",34.19,0
11579,909,2026-03-08,"Signature","Atlantic","Search",22.68,0
11580,3607,2026-03-08,"Signature","Atlantic","Retail_partner",21.81,0
11581,344,2026-06-21,"Standard","Atlantic","Retail_partner",14.8,0
11582,2523,2026-01-24,"Standard","Atlantic","Search",12.21,0
11583,2982,2026-03-19,"Signature","Atlantic","Organic",22.8,1
11584,933,2026-02-21,"Standard","Atlantic","Retail_partner",15.76,1
11585,271,2026-04-20,"Standard","Atlantic","Retail_partner",17.52,0
11586,491,2026-01-01,"Standard","Ontario","Social",12.4,1
11587,689,2026-06-23,"Signature","Atlantic","Referral",25.5,0
11588,2764,2026-05-03,"Signature","Ontario","Referral",28.53,0
11589,1729,2026-04-21,"Standard","Atlantic","Social",12.63,0
11590,2857,2026-02-06,"Standard","Atlantic","Organic",15.47,1
11591,2949,2026-01-16,"Signature","Atlantic","Organic",24.44,1
11592,1094,2026-03-19,"Standard","Atlantic","Retail_partner",15.45,1
11593,1963,2026-02-15,"Standard","Atlantic","Referral",15.63,0
11594,1967,2026-06-20,"Standard","Ontario","Referral",14.48,0
11595,3771,2026-06-26,"Standard","Atlantic","Organic",18.8,0
11596,3742,2026-03-21,"Discovery","Ontario","Search",44.07,0
11597,1017,2026-04-27,"Discovery","Atlantic","Social",34.15,0
11598,233,2026-04-24,"Standard","Atlantic","Search",16.64,0
11599,1274,2026-07-01,"Standard","Atlantic","Search",10.36,0
11600,3580,2026-05-24,"Signature","Ontario","Search",27.11,0
11601,1766,2026-01-17,"Standard","Atlantic","Social",14.97,0
11602,3068,2026-04-21,"Signature","Atlantic","Social",17.89,0
11603,70,2026-03-04,"Signature","Ontario","Retail_partner",25.23,0
11604,796,2026-06-28,"Standard","Atlantic","Search",14.73,1
11605,1683,2026-02-25,"Discovery","Atlantic","Search",30.44,1
11606,3410,2026-05-27,"Signature","Atlantic","Organic",23.19,0
11607,3944,2026-04-21,"Standard","Atlantic","Retail_partner",15.99,0
11608,3803,2026-05-09,"Standard","Atlantic","Referral",13.89,0
11609,1936,2026-03-31,"Standard","Atlantic","Retail_partner",17.7,0
11610,3010,2026-01-01,"Signature","Atlantic","Referral",23.89,0
11611,116,2026-06-06,"Standard","Atlantic","Referral",16.16,0
11612,879,2026-05-27,"Signature","Atlantic","Search",29.62,0
11613,1670,2026-03-18,"Discovery","Atlantic","Search",28.63,0
11614,3986,2026-02-09,"Signature","Ontario","Organic",22.28,0
11615,3404,2026-01-19,"Signature","Atlantic","Search",22.24,0
11616,3707,2026-04-18,"Signature","Atlantic","Search",21.95,0
11617,3482,2026-02-06,"Standard","Atlantic","Organic",16.61,0
11618,701,2026-04-28,"Signature","Ontario","Organic",24.91,1
11619,496,2026-06-17,"Standard","Atlantic","Search",14.02,1
11620,589,2026-01-13,"Standard","Atlantic","Search",13.66,1
11621,1798,2026-04-01,"Standard","Atlantic","Organic",12.86,0
11622,1476,2026-06-12,"Standard","Atlantic","Retail_partner",13.81,0
11623,2044,2026-01-08,"Standard","Atlantic","Search",16.85,1
11624,899,2026-05-29,"Standard","Atlantic","Retail_partner",15.49,1
11625,3294,2026-03-15,"Standard","Atlantic","Search",13.63,1
11626,520,2026-04-04,"Discovery","Atlantic","Social",32.87,0
11627,3444,2026-01-08,"Signature","Atlantic","Social",23.46,0
11628,1134,2026-04-27,"Standard","Atlantic","Organic",13.42,1
11629,2316,2026-05-06,"Signature","Atlantic","Search",21.45,1
11630,463,2026-01-21,"Standard","Atlantic","Organic",13.3,0
11631,2606,2026-02-06,"Signature","Atlantic","Search",24.09,0
11632,2482,2026-02-25,"Standard","Atlantic","Search",17.43,0
11633,3041,2026-03-22,"Signature","Atlantic","Organic",26.51,0
11634,773,2026-01-05,"Signature","Atlantic","Search",25.84,0
11635,2777,2026-05-11,"Standard","Atlantic","Retail_partner",18.73,0
11636,524,2026-06-01,"Signature","Atlantic","Organic",19.9,0
11637,1259,2026-06-13,"Signature","Atlantic","Organic",25.63,0
11638,20,2026-03-13,"Standard","Atlantic","Organic",14.25,1
11639,3754,2026-03-28,"Signature","Atlantic","Organic",21.5,0
11640,2331,2026-02-28,"Standard","Ontario","Organic",14.39,0
11641,2831,2026-04-13,"Standard","Ontario","Social",13.66,1
11642,3477,2026-03-30,"Discovery","Atlantic","Search",31.33,0
11643,3120,2026-06-10,"Standard","Ontario","Organic",21.35,0
11644,1827,2026-06-17,"Standard","Atlantic","Retail_partner",13.68,0
11645,1794,2026-01-22,"Signature","Atlantic","Retail_partner",23.83,0
11646,893,2026-04-05,"Standard","Atlantic","Organic",16.49,0
11647,3159,2026-05-02,"Signature","Atlantic","Organic",21.23,1
11648,1856,2026-04-29,"Standard","Atlantic","Organic",10.66,0
11649,1998,2026-06-17,"Standard","Atlantic","Referral",17.85,0
11650,1075,2026-02-02,"Standard","Atlantic","Organic",20.93,0
11651,997,2026-06-07,"Signature","Atlantic","Search",23.67,0
11652,1519,2026-06-10,"Standard","Atlantic","Organic",17.3,0
11653,3553,2026-04-26,"Standard","Ontario","Organic",14.97,1
11654,3112,2026-01-08,"Signature","Atlantic","Social",24.72,0
11655,1046,2026-04-23,"Standard","Ontario","Retail_partner",15.62,1
11656,3551,2026-04-27,"Standard","Atlantic","Referral",14.39,1
11657,3815,2026-03-08,"Standard","Atlantic","Social",10.53,1
11658,1332,2026-01-20,"Signature","Atlantic","Organic",20.14,0
11659,2575,2026-02-23,"Standard","Atlantic","Social",16,1
11660,3809,2026-02-20,"Signature","Atlantic","Organic",21.92,0
11661,2519,2026-04-22,"Discovery","Atlantic","Search",29.49,0
11662,1663,2026-03-30,"Standard","Atlantic","Organic",12.61,1
11663,366,2026-03-27,"Standard","Atlantic","Social",14.87,0
11664,3506,2026-03-09,"Discovery","Atlantic","Organic",28.32,0
11665,3640,2026-03-22,"Signature","Atlantic","Search",26.13,0
11666,2048,2026-01-27,"Discovery","Atlantic","Search",33.91,0
11667,2235,2026-04-24,"Standard","Atlantic","Organic",15.31,0
11668,664,2026-04-25,"Signature","Atlantic","Search",25.55,0
11669,143,2026-03-09,"Discovery","Ontario","Organic",34.7,1
11670,1115,2026-01-11,"Standard","Ontario","Organic",14.85,0
11671,270,2026-03-02,"Standard","Atlantic","Retail_partner",14.56,0
11672,2957,2026-03-13,"Signature","Atlantic","Organic",23.76,0
11673,2001,2026-06-09,"Discovery","Atlantic","Social",32.52,0
11674,1341,2026-05-07,"Signature","Ontario","Organic",22.48,0
11675,2318,2026-06-11,"Signature","Ontario","Organic",26.46,1
11676,3834,2026-02-25,"Signature","Atlantic","Social",21.18,0
11677,3932,2026-05-29,"Discovery","Atlantic","Organic",33.89,0
11678,1074,2026-05-06,"Signature","Atlantic","Search",20.63,0
11679,1492,2026-04-17,"Signature","Atlantic","Organic",24.09,0
11680,2861,2026-02-17,"Discovery","Atlantic","Organic",30.66,1
11681,3288,2026-05-27,"Standard","Atlantic","Organic",19.03,1
11682,172,2026-04-27,"Discovery","Atlantic","Social",32.08,0
11683,1572,2026-01-12,"Discovery","Ontario","Social",32.37,0
11684,91,2026-06-22,"Standard","Atlantic","Organic",17.46,0
11685,2155,2026-02-25,"Signature","Atlantic","Organic",22.48,0
11686,439,2026-01-21,"Discovery","Atlantic","Organic",35.75,1
11687,801,2026-03-02,"Signature","Atlantic","Search",22.38,0
11688,3989,2026-01-21,"Standard","Atlantic","Organic",15.19,0
11689,3511,2026-05-30,"Standard","Atlantic","Organic",15.19,0
11690,3193,2026-02-14,"Signature","Ontario","Search",22.04,0
11691,3862,2026-03-25,"Discovery","Atlantic","Retail_partner",29.71,0
11692,721,2026-04-25,"Standard","Atlantic","Search",10.38,0
11693,3602,2026-01-17,"Signature","Atlantic","Social",23.32,0
11694,1598,2026-06-20,"Standard","Atlantic","Organic",14.6,0
11695,10,2026-04-16,"Standard","Atlantic","Organic",15.27,0
11696,114,2026-01-25,"Standard","Ontario","Organic",17.58,0
11697,2237,2026-04-14,"Standard","Ontario","Search",14.39,0
11698,1227,2026-02-10,"Standard","Atlantic","Search",16.61,0
11699,3718,2026-05-02,"Discovery","Ontario","Search",32.06,0
11700,1283,2026-02-16,"Discovery","Atlantic","Organic",31.67,0
11701,2960,2026-01-07,"Standard","Ontario","Search",14.91,0
11702,436,2026-06-17,"Signature","Atlantic","Referral",21.96,1
11703,1141,2026-02-16,"Signature","Atlantic","Organic",24.59,0
11704,3979,2026-01-12,"Signature","Atlantic","Organic",23.2,0
11705,2592,2026-05-15,"Standard","Atlantic","Referral",14.1,1
11706,2339,2026-05-17,"Signature","Atlantic","Retail_partner",21.9,0
11707,3248,2026-01-08,"Signature","Atlantic","Organic",18.86,1
11708,519,2026-03-04,"Signature","Atlantic","Organic",20.75,0
11709,2512,2026-05-20,"Standard","Atlantic","Retail_partner",12.87,0
11710,2192,2026-03-30,"Standard","Ontario","Referral",17.84,1
11711,3853,2026-01-08,"Standard","Atlantic","Organic",15.74,0
11712,2500,2026-01-15,"Standard","Ontario","Social",16.63,0
11713,3453,2026-06-11,"Standard","Atlantic","Search",14.06,0
11714,3669,2026-02-20,"Signature","Atlantic","Social",23.83,0
11715,3912,2026-05-11,"Discovery","Atlantic","Search",33.07,0
11716,779,2026-04-01,"Signature","Atlantic","Organic",23.88,1
11717,2639,2026-02-19,"Standard","Atlantic","Search",14.45,0
11718,99,2026-03-22,"Discovery","Atlantic","Organic",35.7,0
11719,2702,2026-03-12,"Discovery","Atlantic","Search",34.73,0
11720,2284,2026-06-03,"Standard","Ontario","Retail_partner",13.99,1
11721,208,2026-03-13,"Standard","Atlantic","Retail_partner",16.01,0
11722,264,2026-05-28,"Standard","Atlantic","Retail_partner",17.33,1
11723,1266,2026-01-04,"Standard","Atlantic","Referral",18.87,0
11724,2005,2026-01-15,"Signature","Atlantic","Social",21.61,0
11725,43,2026-03-08,"Signature","Atlantic","Organic",23.19,0
11726,21,2026-04-21,"Standard","Atlantic","Search",12.24,0
11727,131,2026-03-17,"Discovery","Atlantic","Organic",34.5,0
11728,2636,2026-04-28,"Standard","Atlantic","Organic",16.35,0
11729,1284,2026-05-05,"Standard","Atlantic","Referral",12.14,0
11730,188,2026-01-30,"Standard","Atlantic","Referral",13.65,0
11731,3794,2026-04-06,"Standard","Atlantic","Referral",15.43,0
11732,3723,2026-03-13,"Standard","Atlantic","Organic",12.97,0
11733,1776,2026-02-10,"Discovery","Atlantic","Search",30.11,0
11734,3705,2026-03-20,"Standard","Atlantic","Referral",12.41,0
11735,1536,2026-06-16,"Signature","Ontario","Search",29.12,0
11736,2393,2026-03-21,"Signature","Atlantic","Organic",24.26,1
11737,1848,2026-04-01,"Standard","Ontario","Social",22.05,0
11738,3741,2026-04-27,"Signature","Ontario","Organic",21.89,0
11739,971,2026-06-20,"Signature","Atlantic","Organic",22.77,0
11740,2059,2026-02-28,"Standard","Ontario","Referral",11.68,0
11741,1586,2026-06-28,"Standard","Atlantic","Organic",12.53,0
11742,3466,2026-01-08,"Standard","Atlantic","Search",13.87,0
11743,901,2026-05-30,"Signature","Atlantic","Retail_partner",27.27,0
11744,2509,2026-06-20,"Standard","Ontario","Search",18.39,0
11745,514,2026-02-23,"Signature","Ontario","Organic",25.7,0
11746,3190,2026-03-02,"Standard","Ontario","Referral",16.73,0
11747,1230,2026-02-22,"Discovery","Atlantic","Search",30.41,0
11748,1432,2026-02-09,"Standard","Atlantic","Organic",14.15,0
11749,3363,2026-01-04,"Signature","Atlantic","Social",24.78,0
11750,1358,2026-04-04,"Standard","Atlantic","Search",17.09,0
11751,3257,2026-06-07,"Standard","Ontario","Search",17.32,0
11752,1329,2026-05-12,"Standard","Atlantic","Referral",12.82,0
11753,3268,2026-01-19,"Signature","Ontario","Referral",24.38,0
11754,1408,2026-05-20,"Standard","Atlantic","Organic",14.74,0
11755,3959,2026-01-27,"Signature","Atlantic","Retail_partner",24.98,0
11756,567,2026-06-06,"Standard","Atlantic","Social",15.31,1
11757,3657,2026-04-13,"Standard","Atlantic","Search",10.57,1
11758,3873,2026-02-12,"Signature","Atlantic","Organic",17.97,1
11759,194,2026-03-07,"Signature","Atlantic","Social",21.27,0
11760,322,2026-04-15,"Standard","Ontario","Referral",13.17,1
11761,2623,2026-04-15,"Signature","Ontario","Social",23.13,1
11762,882,2026-02-16,"Standard","Atlantic","Organic",16.29,0
11763,3319,2026-01-30,"Signature","Ontario","Search",20.9,0
11764,1157,2026-03-15,"Standard","Atlantic","Organic",17.3,0
11765,81,2026-01-13,"Signature","Atlantic","Search",22.66,1
11766,379,2026-01-06,"Standard","Atlantic","Organic",16.97,0
11767,1928,2026-03-30,"Signature","Atlantic","Social",21.39,0
11768,2609,2026-02-20,"Standard","Ontario","Social",12.85,0
11769,3544,2026-01-13,"Discovery","Atlantic","Referral",31.94,0
11770,1035,2026-05-12,"Standard","Atlantic","Organic",13.9,0
11771,538,2026-05-12,"Standard","Ontario","Search",10.65,0
11772,1795,2026-04-04,"Discovery","Atlantic","Social",33.94,0
11773,3116,2026-03-17,"Standard","Atlantic","Organic",12.43,1
11774,2241,2026-03-05,"Standard","Atlantic","Organic",15.76,0
11775,2570,2026-02-10,"Discovery","Atlantic","Referral",31.96,0
11776,2220,2026-01-26,"Signature","Atlantic","Retail_partner",18.89,0
11777,3629,2026-03-18,"Standard","Ontario","Organic",18.26,0
11778,3705,2026-02-19,"Signature","Atlantic","Search",20.44,0
11779,2080,2026-02-02,"Discovery","Ontario","Organic",33.6,0
11780,1804,2026-03-17,"Signature","Atlantic","Organic",23.62,0
11781,1858,2026-05-28,"Standard","Ontario","Social",18.53,0
11782,3136,2026-04-03,"Standard","Atlantic","Referral",15.06,0
11783,2688,2026-03-04,"Signature","Ontario","Organic",20.93,1
11784,3788,2026-04-12,"Signature","Ontario","Organic",24.08,0
11785,2148,2026-03-01,"Standard","Atlantic","Retail_partner",17.39,0
11786,1567,2026-03-01,"Discovery","Atlantic","Search",37.41,0
11787,2469,2026-03-12,"Standard","Atlantic","Referral",12.82,0
11788,131,2026-06-25,"Standard","Atlantic","Organic",12.94,1
11789,2038,2026-04-13,"Standard","Atlantic","Retail_partner",19.61,0
11790,2550,2026-03-29,"Standard","Atlantic","Social",15.01,0
11791,2772,2026-03-11,"Standard","Atlantic","Social",9.38,1
11792,1026,2026-06-25,"Standard","Atlantic","Organic",17.66,1
11793,992,2026-06-21,"Standard","Atlantic","Referral",18.39,0
11794,301,2026-01-08,"Standard","Atlantic","Organic",14.86,0
11795,223,2026-05-04,"Signature","Ontario","Organic",26.32,0
11796,3273,2026-02-25,"Standard","Atlantic","Organic",13.05,0
11797,3037,2026-06-16,"Discovery","Atlantic","Referral",30.29,0
11798,1869,2026-05-02,"Signature","Atlantic","Organic",20.5,0
11799,3490,2026-05-24,"Standard","Ontario","Retail_partner",13.31,0
11800,3441,2026-05-07,"Signature","Atlantic","Organic",20.34,0
11801,2445,2026-06-18,"Discovery","Atlantic","Organic",32.48,0
11802,2844,2026-02-07,"Standard","Atlantic","Referral",14.64,0
11803,1965,2026-03-18,"Standard","Atlantic","Search",13.37,0
11804,616,2026-03-19,"Standard","Ontario","Social",13.81,0
11805,3530,2026-04-26,"Standard","Ontario","Search",11.87,0
11806,610,2026-03-07,"Standard","Ontario","Organic",13.79,0
11807,2537,2026-04-27,"Signature","Atlantic","Organic",20.77,0
11808,2228,2026-05-06,"Signature","Atlantic","Organic",22.12,0
11809,3166,2026-06-27,"Standard","Ontario","Referral",19.09,0
11810,1479,2026-02-09,"Standard","Atlantic","Organic",12.88,0
11811,1502,2026-04-17,"Standard","Atlantic","Retail_partner",20.3,0
11812,3757,2026-06-13,"Standard","Atlantic","Social",15.5,1
11813,107,2026-03-12,"Standard","Atlantic","Organic",16.51,1
11814,1774,2026-03-11,"Signature","Atlantic","Referral",21.9,0
11815,2720,2026-04-15,"Standard","Atlantic","Retail_partner",14.5,0
11816,1138,2026-03-05,"Discovery","Atlantic","Retail_partner",34.23,0
11817,2198,2026-06-19,"Standard","Ontario","Search",10.39,0
11818,2433,2026-04-17,"Signature","Ontario","Search",20.03,0
11819,2446,2026-03-26,"Standard","Atlantic","Organic",19.39,0
11820,1914,2026-05-17,"Standard","Ontario","Retail_partner",15.61,0
11821,2625,2026-05-15,"Signature","Atlantic","Social",24.49,0
11822,2960,2026-06-08,"Signature","Atlantic","Retail_partner",27.28,0
11823,2782,2026-02-03,"Standard","Atlantic","Organic",11.67,0
11824,2606,2026-03-21,"Discovery","Atlantic","Organic",30.01,0
11825,523,2026-01-03,"Standard","Atlantic","Organic",17.04,0
11826,3348,2026-02-15,"Standard","Ontario","Retail_partner",18.82,0
11827,2728,2026-06-10,"Standard","Atlantic","Social",15.26,1
11828,1996,2026-05-02,"Signature","Ontario","Organic",21.88,1
11829,1287,2026-04-24,"Discovery","Atlantic","Social",33.82,1
11830,3169,2026-04-10,"Signature","Atlantic","Organic",22.46,1
11831,571,2026-05-24,"Signature","Atlantic","Search",22.75,0
11832,2474,2026-01-04,"Signature","Atlantic","Search",26.61,0
11833,3150,2026-02-11,"Discovery","Atlantic","Social",34.35,0
11834,2821,2026-03-25,"Standard","Ontario","Retail_partner",19.51,0
11835,3832,2026-06-03,"Signature","Ontario","Search",21.95,0
11836,197,2026-07-01,"Signature","Atlantic","Organic",25.49,0
11837,403,2026-04-25,"Signature","Ontario","Retail_partner",23.18,0
11838,3895,2026-05-07,"Standard","Atlantic","Social",14.37,0
11839,3046,2026-01-07,"Signature","Atlantic","Social",23.92,0
11840,974,2026-05-09,"Standard","Ontario","Organic",18.14,0
11841,3211,2026-01-17,"Signature","Atlantic","Search",22.92,0
11842,1534,2026-01-18,"Standard","Ontario","Social",14.29,1
11843,858,2026-02-08,"Standard","Atlantic","Search",13.09,1
11844,2955,2026-03-02,"Signature","Ontario","Organic",27.78,0
11845,1450,2026-06-07,"Discovery","Atlantic","Search",34.39,0
11846,1731,2026-03-03,"Standard","Atlantic","Referral",15.74,0
11847,2208,2026-05-11,"Discovery","Atlantic","Referral",29.38,1
11848,2986,2026-05-08,"Standard","Ontario","Social",16.1,0
11849,1163,2026-02-03,"Standard","Atlantic","Search",17.52,0
11850,3292,2026-06-23,"Discovery","Ontario","Organic",38.05,0
11851,1962,2026-01-18,"Signature","Atlantic","Retail_partner",25.03,0
11852,1010,2026-02-04,"Signature","Ontario","Referral",21.53,0
11853,3768,2026-04-03,"Standard","Atlantic","Search",12.82,0
11854,3404,2026-01-22,"Standard","Atlantic","Search",18.45,0
11855,2552,2026-04-05,"Standard","Atlantic","Organic",13.6,0
11856,794,2026-04-28,"Standard","Atlantic","Search",15.64,0
11857,3596,2026-01-04,"Signature","Atlantic","Social",20.9,0
11858,2794,2026-04-06,"Signature","Atlantic","Organic",19.54,0
11859,1508,2026-02-26,"Standard","Atlantic","Organic",12.67,0
11860,3049,2026-04-26,"Standard","Atlantic","Social",14.11,1
11861,2441,2026-06-27,"Standard","Atlantic","Search",19.1,1
11862,1537,2026-02-25,"Standard","Atlantic","Search",15.81,0
11863,739,2026-05-26,"Signature","Ontario","Search",23.63,1
11864,2639,2026-04-15,"Discovery","Ontario","Social",33.81,0
11865,3229,2026-02-01,"Standard","Atlantic","Organic",12.35,1
11866,3189,2026-02-05,"Standard","Atlantic","Search",17.18,0
11867,2166,2026-05-28,"Signature","Ontario","Social",20.49,1
11868,2204,2026-02-14,"Discovery","Atlantic","Retail_partner",31.78,0
11869,2039,2026-02-17,"Discovery","Atlantic","Referral",31.22,0
11870,1172,2026-05-29,"Signature","Atlantic","Retail_partner",24.87,0
11871,2991,2026-03-07,"Standard","Atlantic","Organic",16.13,1
11872,3570,2026-06-22,"Discovery","Atlantic","Search",29.13,0
11873,3638,2026-02-07,"Discovery","Atlantic","Organic",29.89,0
11874,1272,2026-03-13,"Standard","Ontario","Organic",16.41,0
11875,3008,2026-06-27,"Standard","Atlantic","Search",12.59,0
11876,2156,2026-06-13,"Discovery","Atlantic","Organic",34.69,0
11877,1478,2026-06-03,"Standard","Atlantic","Organic",14.23,0
11878,3613,2026-05-16,"Signature","Atlantic","Organic",23.04,0
11879,2681,2026-01-12,"Standard","Atlantic","Referral",20.23,0
11880,560,2026-06-03,"Signature","Atlantic","Referral",19.92,0
11881,1430,2026-01-15,"Standard","Atlantic","Referral",9.86,0
11882,1119,2026-02-11,"Standard","Ontario","Social",15.83,0
11883,2546,2026-02-27,"Discovery","Ontario","Social",33.46,0
11884,3006,2026-01-11,"Standard","Ontario","Search",16.37,0
11885,3769,2026-02-01,"Standard","Atlantic","Organic",17.7,0
11886,1217,2026-04-03,"Discovery","Atlantic","Social",32.64,0
11887,2915,2026-02-13,"Standard","Atlantic","Referral",17.92,0
11888,1271,2026-04-10,"Standard","Ontario","Retail_partner",13.73,1
11889,3420,2026-04-16,"Standard","Atlantic","Organic",16.41,0
11890,739,2026-02-26,"Discovery","Atlantic","Referral",30.8,0
11891,2121,2026-01-26,"Standard","Atlantic","Organic",14.12,1
11892,3103,2026-01-26,"Standard","Atlantic","Organic",17.45,0
11893,2110,2026-02-03,"Signature","Atlantic","Search",23.47,0
11894,3585,2026-01-17,"Standard","Ontario","Search",12.4,0
11895,3425,2026-04-29,"Standard","Atlantic","Organic",14.2,0
11896,777,2026-05-14,"Discovery","Atlantic","Organic",31.7,0
11897,1205,2026-02-16,"Standard","Atlantic","Retail_partner",14.46,0
11898,410,2026-03-12,"Standard","Atlantic","Organic",15.77,0
11899,1788,2026-02-08,"Signature","Atlantic","Referral",25.94,0
11900,2154,2026-01-24,"Standard","Atlantic","Organic",17.62,0
11901,2564,2026-05-14,"Standard","Atlantic","Referral",13.35,0
11902,898,2026-06-12,"Signature","Atlantic","Search",22.45,0
11903,764,2026-02-08,"Standard","Atlantic","Organic",9.24,0
11904,1166,2026-05-22,"Standard","Atlantic","Social",12.38,0
11905,32,2026-06-20,"Standard","Atlantic","Social",13.46,0
11906,2132,2026-04-10,"Signature","Ontario","Organic",20.45,0
11907,1121,2026-06-26,"Signature","Atlantic","Organic",23.07,1
11908,1315,2026-05-19,"Standard","Atlantic","Retail_partner",16.77,0
11909,882,2026-01-18,"Signature","Atlantic","Organic",27.09,0
11910,2896,2026-03-16,"Standard","Atlantic","Organic",18.03,1
11911,2124,2026-04-06,"Discovery","Atlantic","Organic",32.29,1
11912,533,2026-01-11,"Standard","Atlantic","Referral",12.08,0
11913,1499,2026-05-10,"Standard","Ontario","Organic",15.06,0
11914,1588,2026-05-30,"Signature","Atlantic","Retail_partner",25.24,0
11915,1953,2026-02-06,"Standard","Ontario","Social",16.28,0
11916,1223,2026-02-28,"Signature","Atlantic","Referral",26.41,0
11917,961,2026-01-14,"Standard","Atlantic","Search",17.08,0
11918,930,2026-04-16,"Signature","Atlantic","Organic",21.97,0
11919,3074,2026-05-05,"Discovery","Atlantic","Retail_partner",33.45,0
11920,158,2026-02-20,"Discovery","Atlantic","Social",32.16,0
11921,1465,2026-06-18,"Discovery","Atlantic","Search",28.28,0
11922,331,2026-04-12,"Signature","Atlantic","Organic",22.99,0
11923,820,2026-06-04,"Standard","Atlantic","Search",21.23,0
11924,3285,2026-02-21,"Discovery","Atlantic","Search",27.26,0
11925,3886,2026-06-27,"Standard","Atlantic","Retail_partner",10.89,0
11926,785,2026-04-06,"Standard","Atlantic","Search",18.95,0
11927,2303,2026-06-30,"Standard","Atlantic","Social",13.77,0
11928,3752,2026-05-07,"Discovery","Atlantic","Organic",38.61,0
11929,3055,2026-06-13,"Discovery","Atlantic","Social",32.66,1
11930,1983,2026-01-03,"Standard","Atlantic","Referral",15.37,0
11931,3107,2026-05-23,"Signature","Atlantic","Organic",25.45,0
11932,683,2026-05-02,"Standard","Atlantic","Organic",13.12,1
11933,1549,2026-04-15,"Standard","Atlantic","Search",16.81,0
11934,451,2026-04-12,"Standard","Atlantic","Referral",13.7,0
11935,2939,2026-01-26,"Standard","Atlantic","Search",13.26,0
11936,2917,2026-02-02,"Standard","Atlantic","Social",12.43,0
11937,1797,2026-03-17,"Standard","Atlantic","Referral",12.41,0
11938,3209,2026-06-26,"Standard","Atlantic","Social",10.53,0
11939,1793,2026-05-04,"Standard","Atlantic","Search",16.23,1
11940,3967,2026-04-26,"Signature","Atlantic","Social",20.54,0
11941,3190,2026-03-14,"Standard","Atlantic","Referral",15.64,0
11942,2431,2026-06-27,"Signature","Atlantic","Social",21.74,0
11943,4000,2026-04-30,"Standard","Atlantic","Organic",13.71,1
11944,204,2026-05-27,"Signature","Atlantic","Organic",25.09,0
11945,2401,2026-06-28,"Standard","Atlantic","Organic",14.97,0
11946,531,2026-05-02,"Signature","Atlantic","Search",20.05,0
11947,1044,2026-06-16,"Standard","Atlantic","Social",18.23,0
11948,2871,2026-04-09,"Standard","Atlantic","Organic",13.67,0
11949,3905,2026-02-24,"Signature","Atlantic","Organic",22.07,0
11950,3150,2026-01-10,"Standard","Atlantic","Retail_partner",17.77,1
11951,3758,2026-05-04,"Discovery","Atlantic","Search",28.47,0
11952,2892,2026-03-17,"Standard","Ontario","Search",19.08,0
11953,2008,2026-05-05,"Standard","Atlantic","Retail_partner",17.5,0
11954,592,2026-02-27,"Standard","Atlantic","Search",14.78,1
11955,1699,2026-02-20,"Signature","Atlantic","Referral",17.08,0
11956,3945,2026-02-14,"Signature","Atlantic","Organic",24.94,0
11957,321,2026-01-05,"Standard","Atlantic","Social",16.42,1
11958,566,2026-05-26,"Standard","Atlantic","Social",14.34,0
11959,3031,2026-04-10,"Signature","Atlantic","Organic",18.53,0
11960,3962,2026-06-26,"Signature","Atlantic","Search",26.71,0
11961,2037,2026-06-01,"Standard","Atlantic","Social",11.69,0
11962,259,2026-06-24,"Signature","Atlantic","Organic",25.55,0
11963,1855,2026-03-18,"Discovery","Atlantic","Social",37.88,0
11964,831,2026-06-15,"Discovery","Atlantic","Search",32.55,0
11965,3546,2026-01-12,"Standard","Ontario","Organic",17.84,1
11966,1089,2026-05-14,"Signature","Atlantic","Social",26.73,0
11967,1481,2026-01-11,"Discovery","Atlantic","Search",34.54,0
11968,2388,2026-05-23,"Discovery","Atlantic","Organic",34.65,0
11969,1220,2026-03-12,"Discovery","Atlantic","Search",29.23,0
11970,1753,2026-04-20,"Signature","Atlantic","Retail_partner",21.75,1
11971,2108,2026-02-13,"Standard","Atlantic","Organic",15.95,0
11972,3213,2026-01-22,"Standard","Atlantic","Referral",16.5,0
11973,3532,2026-01-17,"Standard","Atlantic","Social",17.25,0
11974,1641,2026-05-29,"Standard","Atlantic","Search",15.01,1
11975,1303,2026-03-30,"Standard","Atlantic","Social",13.72,0
11976,2581,2026-05-02,"Standard","Ontario","Referral",15.34,0
11977,578,2026-03-19,"Standard","Ontario","Organic",18.38,1
11978,967,2026-05-15,"Signature","Ontario","Search",20.86,0
11979,3503,2026-06-11,"Discovery","Ontario","Retail_partner",32.49,0
11980,966,2026-01-17,"Standard","Atlantic","Organic",15.15,0
11981,1653,2026-05-18,"Standard","Atlantic","Organic",13.03,1
11982,3740,2026-04-26,"Signature","Atlantic","Search",24.65,0
11983,3302,2026-06-15,"Signature","Ontario","Organic",20.56,0
11984,2510,2026-04-05,"Signature","Ontario","Social",21.09,0
11985,694,2026-02-04,"Standard","Atlantic","Referral",13.18,1
11986,2717,2026-06-14,"Standard","Atlantic","Organic",17.48,0
11987,754,2026-03-14,"Standard","Atlantic","Search",19.67,0
11988,494,2026-05-11,"Standard","Atlantic","Search",12.62,0
11989,1027,2026-02-21,"Standard","Atlantic","Search",14.52,0
11990,3756,2026-06-09,"Standard","Ontario","Referral",17.68,0
11991,3776,2026-02-12,"Discovery","Atlantic","Search",39.38,0
11992,1221,2026-03-16,"Standard","Atlantic","Referral",16.37,0
11993,935,2026-01-18,"Standard","Atlantic","Organic",18.54,0
11994,3455,2026-01-14,"Standard","Ontario","Organic",15.54,1
11995,3914,2026-01-01,"Signature","Atlantic","Referral",19.8,0
11996,2663,2026-06-05,"Discovery","Atlantic","Retail_partner",31.51,0
11997,2111,2026-01-03,"Signature","Atlantic","Social",23.48,0
11998,3048,2026-04-26,"Standard","Atlantic","Retail_partner",19.44,0
11999,1247,2026-03-07,"Standard","Ontario","Organic",13.98,1
12000,1968,2026-01-19,"Standard","Atlantic","Organic",11.19,1
12001,3234,2026-05-05,"Signature","Atlantic","Organic",27.09,1
12002,1879,2026-03-19,"Standard","Atlantic","Organic",15.7,0
12003,3940,2026-04-28,"Standard","Atlantic","Retail_partner",12.15,0
12004,2723,2026-06-05,"Standard","Atlantic","Referral",15.46,1
12005,3548,2026-03-19,"Signature","Ontario","Referral",23.44,0
12006,3268,2026-01-02,"Standard","Atlantic","Organic",14.5,0
12007,970,2026-05-06,"Signature","Atlantic","Search",24.47,0
12008,911,2026-05-29,"Standard","Atlantic","Organic",11.46,1
12009,53,2026-03-21,"Standard","Atlantic","Search",15.17,0
12010,924,2026-04-21,"Standard","Atlantic","Referral",15.34,0
12011,3047,2026-03-31,"Signature","Atlantic","Organic",18.83,0
12012,3635,2026-06-15,"Signature","Atlantic","Social",31,1
12013,1827,2026-03-16,"Signature","Atlantic","Referral",23.88,0
12014,3058,2026-06-06,"Standard","Atlantic","Organic",8.92,0
12015,3719,2026-04-26,"Signature","Ontario","Organic",19.13,1
12016,273,2026-01-01,"Standard","Atlantic","Referral",11.23,0
12017,696,2026-02-04,"Signature","Ontario","Organic",25.82,1
12018,3126,2026-06-17,"Standard","Atlantic","Social",12.95,0
12019,1235,2026-03-27,"Standard","Atlantic","Search",12.88,0
12020,2664,2026-01-16,"Discovery","Atlantic","Referral",32.8,0
12021,1352,2026-04-05,"Signature","Atlantic","Social",21.96,0
12022,1573,2026-04-27,"Standard","Atlantic","Search",13.88,0
12023,1860,2026-05-08,"Signature","Atlantic","Social",24.19,0
12024,73,2026-04-13,"Signature","Ontario","Retail_partner",24.1,0
12025,1846,2026-06-01,"Standard","Atlantic","Search",16.64,1
12026,2393,2026-05-15,"Standard","Ontario","Organic",15.49,1
12027,3358,2026-02-06,"Signature","Atlantic","Organic",20.05,0
12028,1906,2026-02-03,"Discovery","Ontario","Social",39.15,0
12029,2877,2026-06-03,"Signature","Ontario","Referral",28.43,0
12030,1080,2026-03-29,"Discovery","Atlantic","Organic",28.44,0
12031,3211,2026-02-11,"Standard","Atlantic","Search",12.14,0
12032,2576,2026-02-12,"Standard","Ontario","Organic",18.66,0
12033,836,2026-02-11,"Signature","Ontario","Search",22.78,0
12034,3517,2026-05-26,"Standard","Atlantic","Organic",17.33,0
12035,1060,2026-05-20,"Discovery","Atlantic","Social",29.4,0
12036,1891,2026-03-21,"Standard","Atlantic","Organic",12.86,1
12037,812,2026-01-24,"Standard","Atlantic","Referral",10.87,0
12038,2505,2026-06-18,"Standard","Atlantic","Search",12.7,0
12039,1451,2026-06-02,"Signature","Atlantic","Search",22.85,0
12040,3093,2026-05-10,"Discovery","Atlantic","Organic",30.7,0
12041,257,2026-04-06,"Signature","Atlantic","Organic",23.04,0
12042,2241,2026-02-11,"Standard","Atlantic","Retail_partner",15.26,0
12043,1965,2026-03-13,"Standard","Atlantic","Social",15.75,0
12044,1059,2026-04-23,"Standard","Atlantic","Organic",15.35,0
12045,3842,2026-01-06,"Standard","Ontario","Search",15.31,0
12046,3164,2026-05-31,"Standard","Atlantic","Organic",16.64,1
12047,303,2026-04-14,"Discovery","Atlantic","Referral",31.86,0
12048,2866,2026-06-27,"Standard","Atlantic","Organic",17.62,0
12049,3696,2026-01-28,"Signature","Atlantic","Social",19.52,0
12050,1258,2026-02-17,"Standard","Atlantic","Social",13.84,0
12051,940,2026-02-03,"Standard","Atlantic","Social",12.13,0
12052,326,2026-06-06,"Standard","Atlantic","Organic",13.74,0
12053,356,2026-01-23,"Standard","Atlantic","Organic",10.72,0
12054,215,2026-02-11,"Standard","Atlantic","Social",12.22,0
12055,1163,2026-02-06,"Standard","Ontario","Organic",15.02,1
12056,3709,2026-02-20,"Signature","Atlantic","Retail_partner",23.9,0
12057,3519,2026-05-04,"Standard","Atlantic","Organic",11.41,0
12058,1334,2026-06-22,"Signature","Atlantic","Social",23.54,0
12059,2133,2026-04-14,"Standard","Atlantic","Social",13.25,0
12060,321,2026-05-14,"Standard","Ontario","Organic",19.12,0
12061,619,2026-05-30,"Signature","Atlantic","Organic",24.15,0
12062,1600,2026-06-29,"Signature","Atlantic","Retail_partner",20.5,0
12063,3533,2026-01-08,"Discovery","Ontario","Organic",31.56,0
12064,1669,2026-06-26,"Standard","Atlantic","Social",12.47,0
12065,2173,2026-03-05,"Discovery","Ontario","Referral",33.92,0
12066,1331,2026-05-05,"Signature","Atlantic","Search",21.19,0
12067,2745,2026-03-21,"Standard","Ontario","Social",13.31,0
12068,3677,2026-03-29,"Standard","Atlantic","Social",10.55,0
12069,2467,2026-02-13,"Standard","Atlantic","Social",14.07,0
12070,45,2026-06-11,"Signature","Atlantic","Retail_partner",24.83,1
12071,261,2026-06-21,"Signature","Ontario","Organic",27.33,0
12072,3525,2026-03-19,"Standard","Atlantic","Organic",13.29,0
12073,3205,2026-02-22,"Standard","Atlantic","Search",10.53,0
12074,2408,2026-02-13,"Standard","Atlantic","Organic",17.77,0
12075,235,2026-03-30,"Standard","Ontario","Social",10.93,0
12076,322,2026-03-04,"Standard","Atlantic","Organic",14.4,0
12077,245,2026-04-23,"Signature","Atlantic","Retail_partner",23.42,0
12078,166,2026-05-07,"Signature","Ontario","Referral",17.35,0
12079,2893,2026-03-30,"Standard","Atlantic","Search",16.96,1
12080,2571,2026-04-15,"Standard","Ontario","Search",16.22,0
12081,792,2026-02-20,"Standard","Atlantic","Search",17.62,1
12082,1867,2026-01-01,"Signature","Atlantic","Referral",23.49,0
12083,2593,2026-01-09,"Signature","Atlantic","Referral",24.74,0
12084,3810,2026-02-24,"Standard","Ontario","Social",17.6,0
12085,801,2026-05-21,"Discovery","Ontario","Search",32.27,0
12086,1656,2026-03-04,"Standard","Atlantic","Organic",14.39,0
12087,3365,2026-04-20,"Signature","Atlantic","Search",25.11,0
12088,831,2026-03-01,"Standard","Atlantic","Organic",16.32,0
12089,863,2026-04-28,"Signature","Atlantic","Organic",28.17,0
12090,1656,2026-06-08,"Standard","Ontario","Organic",21.65,0
12091,3591,2026-01-21,"Signature","Atlantic","Organic",22.98,0
12092,950,2026-06-27,"Standard","Atlantic","Organic",17.08,0
12093,3438,2026-03-30,"Standard","Atlantic","Search",13.67,0
12094,3172,2026-04-16,"Standard","Ontario","Referral",15.05,0
12095,3692,2026-06-14,"Discovery","Atlantic","Retail_partner",32.5,0
12096,204,2026-03-12,"Standard","Atlantic","Organic",16.96,0
12097,1542,2026-05-14,"Standard","Atlantic","Organic",17.01,0
12098,2435,2026-02-10,"Standard","Ontario","Social",15.29,0
12099,3919,2026-04-02,"Signature","Atlantic","Organic",22.14,0
12100,2961,2026-01-11,"Signature","Atlantic","Social",23.49,0
12101,365,2026-04-02,"Signature","Ontario","Referral",26.17,0
12102,377,2026-04-24,"Standard","Atlantic","Organic",14.37,0
12103,3335,2026-06-30,"Standard","Atlantic","Organic",14.25,0
12104,3255,2026-02-19,"Standard","Atlantic","Organic",16.95,0
12105,1467,2026-06-23,"Standard","Ontario","Social",18.91,0
12106,1096,2026-01-19,"Standard","Ontario","Referral",13.64,0
12107,2170,2026-01-14,"Standard","Atlantic","Search",13.22,0
12108,2475,2026-04-28,"Standard","Atlantic","Retail_partner",14.72,1
12109,2201,2026-04-09,"Signature","Atlantic","Organic",17.75,0
12110,1089,2026-02-03,"Standard","Ontario","Search",16.43,0
12111,749,2026-06-13,"Standard","Atlantic","Organic",16.48,0
12112,1367,2026-03-09,"Standard","Atlantic","Referral",15.07,0
12113,2394,2026-04-05,"Standard","Ontario","Search",16.95,0
12114,2375,2026-03-05,"Standard","Ontario","Social",13.9,0
12115,1300,2026-03-06,"Standard","Atlantic","Social",17.74,0
12116,2794,2026-06-01,"Standard","Atlantic","Social",13.64,0
12117,2428,2026-04-28,"Signature","Ontario","Organic",25.44,1
12118,1458,2026-01-09,"Standard","Atlantic","Organic",14.7,1
12119,1723,2026-02-16,"Standard","Atlantic","Retail_partner",19.97,0
12120,444,2026-01-16,"Discovery","Ontario","Search",32.44,0
12121,3096,2026-05-05,"Standard","Atlantic","Organic",11.89,0
12122,1977,2026-04-01,"Standard","Atlantic","Organic",17.26,1
12123,2118,2026-03-04,"Signature","Atlantic","Search",24.83,0
12124,2884,2026-01-03,"Standard","Atlantic","Referral",13.68,0
12125,481,2026-01-20,"Signature","Atlantic","Social",27.36,0
12126,3698,2026-05-09,"Standard","Atlantic","Organic",16.63,0
12127,3004,2026-03-27,"Standard","Ontario","Social",15.58,0
12128,3980,2026-04-22,"Standard","Atlantic","Search",17.21,1
12129,1577,2026-06-04,"Standard","Ontario","Organic",17.72,0
12130,2458,2026-05-29,"Standard","Atlantic","Organic",18.34,0
12131,1418,2026-04-02,"Discovery","Atlantic","Organic",31.72,0
12132,2347,2026-05-06,"Standard","Atlantic","Organic",15.94,0
12133,885,2026-06-18,"Standard","Atlantic","Referral",15.55,1
12134,77,2026-06-13,"Standard","Atlantic","Organic",16.19,0
12135,1919,2026-06-02,"Standard","Atlantic","Social",16.24,0
12136,2177,2026-04-10,"Standard","Ontario","Social",19.33,0
12137,288,2026-05-17,"Discovery","Atlantic","Search",30.94,1
12138,1095,2026-02-21,"Standard","Ontario","Organic",19.63,1
12139,2745,2026-02-22,"Signature","Atlantic","Social",24.29,0
12140,1193,2026-06-25,"Discovery","Atlantic","Search",31.59,0
12141,382,2026-05-25,"Signature","Ontario","Referral",24.19,0
12142,2610,2026-05-10,"Standard","Atlantic","Organic",12.91,0
12143,3292,2026-06-26,"Signature","Ontario","Organic",25.73,0
12144,1878,2026-01-16,"Standard","Atlantic","Search",17.3,1
12145,3293,2026-03-08,"Standard","Ontario","Social",16.49,0
12146,2234,2026-02-03,"Standard","Atlantic","Search",20.14,0
12147,2633,2026-03-29,"Signature","Atlantic","Search",20.16,0
12148,1050,2026-05-17,"Standard","Atlantic","Social",9.57,0
12149,2558,2026-02-10,"Signature","Atlantic","Social",20.47,0
12150,1185,2026-06-14,"Standard","Atlantic","Social",11.16,0
12151,3937,2026-05-20,"Discovery","Atlantic","Social",33.36,0
12152,2117,2026-05-30,"Signature","Ontario","Search",23.36,0
12153,860,2026-02-13,"Signature","Atlantic","Referral",22.02,0
12154,860,2026-02-21,"Standard","Atlantic","Organic",9.94,0
12155,3186,2026-02-05,"Standard","Atlantic","Retail_partner",11.11,1
12156,372,2026-06-25,"Discovery","Ontario","Social",31.69,0
12157,2087,2026-02-12,"Standard","Atlantic","Organic",11.81,0
12158,3881,2026-03-27,"Signature","Atlantic","Organic",20.4,0
12159,2230,2026-03-04,"Signature","Atlantic","Search",23.87,0
12160,3976,2026-02-02,"Signature","Atlantic","Organic",23.03,0
12161,39,2026-02-15,"Standard","Atlantic","Retail_partner",11.39,1
12162,666,2026-01-14,"Discovery","Atlantic","Search",32,0
12163,973,2026-01-15,"Signature","Atlantic","Search",21.28,0
12164,624,2026-02-09,"Signature","Atlantic","Search",22.25,0
12165,3341,2026-03-20,"Signature","Atlantic","Referral",22.38,0
12166,1079,2026-06-03,"Signature","Atlantic","Organic",26.07,0
12167,2104,2026-06-12,"Discovery","Atlantic","Referral",31.7,0
12168,1850,2026-02-25,"Discovery","Atlantic","Organic",29.23,0
12169,3875,2026-01-02,"Signature","Ontario","Social",21.99,1
12170,1814,2026-05-30,"Signature","Atlantic","Social",23.68,0
12171,1393,2026-01-08,"Standard","Atlantic","Referral",16.53,1
12172,3768,2026-02-15,"Signature","Ontario","Search",20.95,1
12173,2161,2026-06-20,"Signature","Atlantic","Search",20.16,1
12174,3026,2026-06-01,"Standard","Atlantic","Retail_partner",15.55,0
12175,1230,2026-05-05,"Signature","Atlantic","Organic",25.03,1
12176,1350,2026-04-01,"Standard","Ontario","Referral",16.8,1
12177,1262,2026-03-08,"Standard","Atlantic","Retail_partner",13.91,0
12178,3957,2026-03-19,"Standard","Atlantic","Search",16.01,0
12179,3045,2026-06-06,"Standard","Atlantic","Organic",15.93,1
12180,1759,2026-05-28,"Signature","Atlantic","Social",19.58,1
12181,1841,2026-05-06,"Standard","Atlantic","Social",17.09,0
12182,1753,2026-02-08,"Signature","Ontario","Social",28.6,0
12183,1744,2026-02-25,"Standard","Ontario","Retail_partner",11.36,0
12184,815,2026-03-26,"Standard","Atlantic","Organic",17.66,0
12185,2378,2026-01-15,"Signature","Ontario","Social",24.85,1
12186,3160,2026-05-03,"Standard","Atlantic","Social",18.17,0
12187,1509,2026-05-12,"Standard","Atlantic","Organic",12.9,0
12188,2210,2026-05-23,"Standard","Atlantic","Organic",10.75,1
12189,2383,2026-01-12,"Standard","Ontario","Organic",10.59,0
12190,1561,2026-04-23,"Standard","Atlantic","Social",14.89,0
12191,2147,2026-04-15,"Signature","Ontario","Social",30.32,0
12192,3139,2026-03-05,"Standard","Atlantic","Retail_partner",17.39,0
12193,2141,2026-03-22,"Standard","Atlantic","Search",13.55,0
12194,2332,2026-06-03,"Signature","Atlantic","Referral",19.7,0
12195,3271,2026-02-02,"Standard","Ontario","Retail_partner",16.14,0
12196,2849,2026-05-09,"Standard","Atlantic","Social",13.74,1
12197,3644,2026-06-07,"Signature","Ontario","Organic",23.82,0
12198,2405,2026-06-18,"Signature","Ontario","Organic",23.58,1
12199,554,2026-02-11,"Standard","Atlantic","Organic",16.09,0
12200,2067,2026-01-29,"Standard","Atlantic","Search",14.18,1
12201,1601,2026-04-26,"Standard","Atlantic","Search",15.79,0
12202,3714,2026-05-29,"Standard","Atlantic","Search",11.16,0
12203,2249,2026-01-23,"Standard","Atlantic","Search",15.37,0
12204,3836,2026-04-16,"Standard","Atlantic","Retail_partner",10.2,1
12205,843,2026-04-29,"Standard","Ontario","Organic",15.26,1
12206,1700,2026-04-30,"Standard","Atlantic","Organic",15.29,0
12207,3680,2026-04-22,"Signature","Atlantic","Organic",24.33,0
12208,3256,2026-03-27,"Standard","Atlantic","Organic",16.26,0
12209,3686,2026-01-27,"Signature","Atlantic","Referral",19.72,0
12210,3815,2026-05-26,"Standard","Ontario","Search",18.13,0
12211,1508,2026-06-13,"Standard","Atlantic","Retail_partner",15.32,0
12212,1295,2026-04-17,"Standard","Ontario","Referral",11.95,0
12213,3745,2026-05-27,"Standard","Ontario","Search",15.37,0
12214,1206,2026-02-23,"Discovery","Atlantic","Retail_partner",31.17,0
12215,3819,2026-01-29,"Discovery","Atlantic","Organic",28.28,1
12216,3028,2026-03-12,"Discovery","Atlantic","Referral",33.41,0
12217,862,2026-05-28,"Signature","Atlantic","Organic",24.77,0
12218,1340,2026-04-26,"Standard","Atlantic","Search",12.83,0
12219,183,2026-03-05,"Standard","Atlantic","Referral",13.76,0
12220,756,2026-04-24,"Signature","Atlantic","Organic",25.01,0
12221,825,2026-05-23,"Standard","Atlantic","Referral",16.83,0
12222,3059,2026-04-01,"Signature","Atlantic","Referral",26.86,0
12223,1363,2026-04-23,"Standard","Atlantic","Referral",15.24,0
12224,1019,2026-01-26,"Standard","Atlantic","Referral",11.99,0
12225,3567,2026-06-17,"Discovery","Ontario","Organic",36.15,0
12226,422,2026-06-02,"Standard","Atlantic","Search",17.03,1
12227,2774,2026-03-12,"Discovery","Atlantic","Organic",30.13,1
12228,70,2026-05-22,"Standard","Ontario","Organic",14.15,1
12229,484,2026-01-08,"Standard","Atlantic","Social",15.92,0
12230,14,2026-06-11,"Signature","Atlantic","Referral",25.31,0
12231,1235,2026-02-22,"Discovery","Atlantic","Organic",31.39,1
12232,2410,2026-03-14,"Signature","Ontario","Organic",23.78,0
12233,2220,2026-06-17,"Standard","Atlantic","Referral",19.86,0
12234,1674,2026-02-11,"Standard","Atlantic","Retail_partner",19.68,0
12235,2998,2026-03-23,"Signature","Atlantic","Organic",23.55,0
12236,1919,2026-02-03,"Standard","Atlantic","Organic",15.82,0
12237,1705,2026-01-10,"Standard","Atlantic","Organic",14.27,0
12238,1184,2026-06-06,"Standard","Atlantic","Referral",12.42,0
12239,836,2026-04-30,"Standard","Atlantic","Social",15.21,0
12240,1278,2026-01-20,"Standard","Ontario","Search",20.78,0
12241,2386,2026-06-02,"Signature","Atlantic","Referral",21.15,0
12242,1359,2026-05-18,"Signature","Atlantic","Organic",22.66,0
12243,3807,2026-05-16,"Standard","Atlantic","Referral",13.63,0
12244,444,2026-03-22,"Signature","Ontario","Organic",22.12,0
12245,162,2026-05-14,"Standard","Atlantic","Social",13.56,1
12246,3814,2026-02-03,"Signature","Atlantic","Social",17.26,0
12247,593,2026-05-20,"Signature","Ontario","Social",23.12,0
12248,984,2026-01-08,"Discovery","Atlantic","Organic",31.27,1
12249,918,2026-03-22,"Discovery","Atlantic","Referral",33.66,1
12250,355,2026-03-29,"Standard","Atlantic","Referral",19.32,0
12251,2923,2026-03-22,"Standard","Atlantic","Organic",12.24,0
12252,1008,2026-03-20,"Standard","Atlantic","Search",15.03,0
12253,546,2026-03-11,"Standard","Ontario","Social",16.74,0
12254,1151,2026-02-28,"Signature","Atlantic","Search",22.62,0
12255,1655,2026-03-03,"Standard","Atlantic","Organic",15.45,1
12256,1674,2026-03-02,"Standard","Atlantic","Social",14.94,0
12257,3871,2026-05-24,"Signature","Atlantic","Referral",24.06,0
12258,3195,2026-01-16,"Standard","Atlantic","Social",10.94,1
12259,3120,2026-01-24,"Signature","Atlantic","Referral",24.6,0
12260,2857,2026-04-25,"Standard","Ontario","Search",12.44,1
12261,1470,2026-01-21,"Signature","Ontario","Organic",17.87,0
12262,2221,2026-02-09,"Standard","Atlantic","Organic",10.98,0
12263,2180,2026-01-15,"Standard","Atlantic","Social",16.21,0
12264,541,2026-01-10,"Signature","Atlantic","Search",24.07,1
12265,1691,2026-05-30,"Standard","Ontario","Referral",16.05,0
12266,1395,2026-04-15,"Standard","Atlantic","Organic",12.76,0
12267,2783,2026-04-23,"Signature","Atlantic","Organic",20.42,0
12268,3808,2026-05-24,"Signature","Atlantic","Organic",24.06,0
12269,1132,2026-05-24,"Signature","Atlantic","Search",25.62,0
12270,1763,2026-03-10,"Signature","Ontario","Referral",26.23,0
12271,3959,2026-05-19,"Standard","Atlantic","Organic",17.19,0
12272,1684,2026-03-06,"Standard","Atlantic","Organic",15.94,0
12273,934,2026-04-14,"Signature","Atlantic","Organic",23.6,0
12274,3066,2026-01-10,"Standard","Atlantic","Search",16.01,0
12275,459,2026-05-05,"Signature","Atlantic","Organic",18.83,0
12276,2531,2026-01-07,"Standard","Atlantic","Referral",16.31,0
12277,3668,2026-03-25,"Signature","Atlantic","Organic",25.09,1
12278,3121,2026-01-29,"Standard","Atlantic","Organic",19.66,0
12279,3622,2026-02-25,"Standard","Atlantic","Social",13.45,0
12280,1378,2026-06-20,"Discovery","Atlantic","Search",32.26,0
12281,3833,2026-04-29,"Discovery","Atlantic","Organic",31.27,0
12282,3953,2026-06-02,"Standard","Atlantic","Organic",16.52,1
12283,2742,2026-02-10,"Standard","Atlantic","Organic",14.12,0
12284,3013,2026-04-29,"Standard","Atlantic","Referral",16.68,0
12285,1411,2026-02-19,"Standard","Atlantic","Referral",13.52,0
12286,3152,2026-06-25,"Discovery","Ontario","Social",30.33,1
12287,1915,2026-02-08,"Standard","Atlantic","Organic",15.82,0
12288,971,2026-05-08,"Standard","Atlantic","Organic",12.45,0
12289,391,2026-06-20,"Standard","Atlantic","Referral",14.3,0
12290,3486,2026-03-26,"Discovery","Atlantic","Social",34.1,0
12291,2371,2026-02-17,"Signature","Atlantic","Organic",21.14,0
12292,3168,2026-04-05,"Discovery","Atlantic","Search",25.44,0
12293,3320,2026-02-20,"Signature","Atlantic","Social",22.24,1
12294,2867,2026-06-21,"Standard","Atlantic","Referral",10.42,0
12295,2823,2026-02-04,"Signature","Atlantic","Organic",22.74,0
12296,2706,2026-02-09,"Standard","Atlantic","Social",14.12,1
12297,3329,2026-04-29,"Signature","Atlantic","Social",19.15,0
12298,1214,2026-03-26,"Standard","Atlantic","Organic",15.01,0
12299,1182,2026-05-10,"Standard","Atlantic","Referral",20.28,0
12300,2451,2026-04-13,"Standard","Atlantic","Organic",16.34,1
12301,1389,2026-05-02,"Signature","Atlantic","Referral",17.28,0
12302,2731,2026-01-06,"Signature","Atlantic","Social",21.81,0
12303,2885,2026-02-11,"Standard","Ontario","Social",15.88,0
12304,181,2026-01-19,"Signature","Atlantic","Organic",20.84,1
12305,2935,2026-02-22,"Standard","Atlantic","Organic",16.05,1
12306,3851,2026-01-01,"Standard","Atlantic","Organic",10.23,0
12307,2091,2026-07-01,"Discovery","Atlantic","Referral",31.34,0
12308,2507,2026-06-12,"Standard","Ontario","Organic",16.16,1
12309,714,2026-03-25,"Discovery","Atlantic","Search",31.52,0
12310,468,2026-05-17,"Standard","Atlantic","Social",17.41,1
12311,1160,2026-01-07,"Standard","Ontario","Social",11.61,1
12312,2970,2026-02-18,"Standard","Ontario","Search",18.9,1
12313,1524,2026-02-04,"Standard","Ontario","Referral",13.98,1
12314,1588,2026-05-24,"Signature","Atlantic","Retail_partner",22.72,1
12315,3799,2026-03-28,"Discovery","Atlantic","Referral",33.86,1
12316,297,2026-04-23,"Standard","Atlantic","Organic",21.84,1
12317,1711,2026-06-01,"Standard","Atlantic","Social",16.49,0
12318,1317,2026-02-12,"Signature","Atlantic","Social",21.19,0
12319,1873,2026-06-05,"Standard","Atlantic","Social",12.3,0
12320,1137,2026-06-24,"Signature","Atlantic","Organic",25.15,0
12321,103,2026-01-20,"Standard","Atlantic","Retail_partner",14,1
12322,1458,2026-05-04,"Standard","Atlantic","Social",15.3,1
12323,269,2026-03-22,"Signature","Atlantic","Social",22.94,0
12324,1409,2026-02-20,"Signature","Atlantic","Organic",21.41,0
12325,3990,2026-04-01,"Signature","Ontario","Social",29.83,0
12326,1708,2026-02-05,"Standard","Atlantic","Organic",13.97,0
12327,3120,2026-04-18,"Discovery","Atlantic","Search",36.01,0
12328,2799,2026-03-16,"Discovery","Atlantic","Social",32.06,0
12329,3334,2026-01-14,"Discovery","Ontario","Organic",33.16,0
12330,3832,2026-04-11,"Discovery","Atlantic","Search",27.22,0
12331,2855,2026-02-23,"Discovery","Atlantic","Organic",32.32,1
12332,91,2026-05-15,"Signature","Ontario","Search",21.75,0
12333,1134,2026-02-03,"Standard","Atlantic","Search",16.06,1
12334,1663,2026-02-11,"Signature","Atlantic","Search",21.24,0
12335,2041,2026-04-22,"Standard","Ontario","Organic",11.26,1
12336,657,2026-06-06,"Standard","Ontario","Retail_partner",17.58,0
12337,224,2026-04-25,"Signature","Atlantic","Organic",24.18,0
12338,2478,2026-04-03,"Standard","Ontario","Organic",19.39,0
12339,258,2026-04-19,"Signature","Atlantic","Social",22.61,1
12340,2961,2026-02-10,"Signature","Atlantic","Search",21.44,0
12341,2997,2026-01-23,"Signature","Atlantic","Retail_partner",24.5,0
12342,177,2026-04-20,"Standard","Ontario","Referral",14.07,0
12343,3045,2026-03-15,"Signature","Atlantic","Search",22.31,0
12344,1293,2026-06-22,"Discovery","Atlantic","Social",29.26,0
12345,3164,2026-04-01,"Standard","Atlantic","Retail_partner",14.49,0
12346,3520,2026-01-30,"Standard","Ontario","Social",16.54,1
12347,2966,2026-04-15,"Signature","Atlantic","Organic",23.82,0
12348,33,2026-06-28,"Standard","Atlantic","Referral",15.69,0
12349,1348,2026-01-04,"Standard","Atlantic","Organic",13.79,0
12350,741,2026-03-11,"Standard","Atlantic","Retail_partner",15.47,0
12351,3657,2026-04-07,"Signature","Ontario","Search",28.31,1
12352,2543,2026-02-28,"Standard","Atlantic","Search",17.28,0
12353,3832,2026-03-08,"Standard","Atlantic","Organic",14.1,0
12354,3618,2026-04-02,"Signature","Ontario","Search",24.35,0
12355,524,2026-05-29,"Standard","Atlantic","Search",17.84,0
12356,2607,2026-06-23,"Signature","Atlantic","Search",20.32,1
12357,2494,2026-03-15,"Signature","Atlantic","Social",19.62,1
12358,1230,2026-06-30,"Discovery","Atlantic","Search",33.6,0
12359,1092,2026-05-16,"Discovery","Ontario","Retail_partner",35.87,0
12360,690,2026-04-06,"Signature","Atlantic","Social",17.94,0
12361,3345,2026-02-17,"Discovery","Atlantic","Organic",37.91,0
12362,1572,2026-02-10,"Standard","Atlantic","Social",14.13,1
12363,223,2026-03-20,"Standard","Atlantic","Organic",14.57,0
12364,692,2026-06-05,"Standard","Ontario","Retail_partner",17.84,0
12365,3139,2026-02-20,"Standard","Atlantic","Referral",15.18,1
12366,2950,2026-04-24,"Signature","Atlantic","Organic",25.51,0
12367,74,2026-06-02,"Standard","Atlantic","Organic",14.99,0
12368,2031,2026-04-11,"Standard","Atlantic","Referral",14.81,1
12369,2378,2026-04-20,"Standard","Atlantic","Organic",18.18,0
12370,1460,2026-03-23,"Standard","Atlantic","Social",16.18,1
12371,9,2026-03-04,"Discovery","Atlantic","Retail_partner",30.9,1
12372,318,2026-04-16,"Standard","Atlantic","Referral",15.77,0
12373,3329,2026-01-26,"Standard","Ontario","Organic",18.49,0
12374,3831,2026-06-25,"Standard","Ontario","Referral",17.25,0
12375,233,2026-02-03,"Discovery","Atlantic","Organic",28.41,0
12376,3531,2026-07-01,"Discovery","Atlantic","Search",32.38,0
12377,375,2026-04-18,"Standard","Atlantic","Organic",17.63,0
12378,3674,2026-02-05,"Standard","Atlantic","Retail_partner",11.28,0
12379,3612,2026-05-29,"Discovery","Atlantic","Organic",36.44,0
12380,788,2026-03-12,"Discovery","Atlantic","Referral",32.54,0
12381,1571,2026-01-17,"Standard","Ontario","Retail_partner",14.98,0
12382,54,2026-05-29,"Signature","Atlantic","Social",22.82,0
12383,3079,2026-03-25,"Discovery","Atlantic","Search",33.17,0
12384,3983,2026-02-01,"Signature","Atlantic","Referral",21.63,0
12385,1013,2026-05-14,"Signature","Atlantic","Search",25.29,0
12386,1498,2026-05-30,"Standard","Atlantic","Organic",16.59,1
12387,1802,2026-02-03,"Discovery","Atlantic","Social",33.32,0
12388,3478,2026-06-29,"Signature","Atlantic","Retail_partner",20.99,0
12389,243,2026-02-12,"Standard","Atlantic","Search",19.82,1
12390,1721,2026-01-02,"Discovery","Atlantic","Organic",32.9,0
12391,2721,2026-04-28,"Standard","Atlantic","Organic",13.07,0
12392,2264,2026-07-01,"Standard","Atlantic","Social",14.26,0
12393,3137,2026-03-11,"Standard","Ontario","Search",20.54,0
12394,1620,2026-05-15,"Signature","Atlantic","Organic",23.85,0
12395,178,2026-04-22,"Discovery","Atlantic","Organic",32.95,0
12396,1719,2026-03-19,"Standard","Ontario","Referral",17.01,0
12397,496,2026-04-14,"Standard","Atlantic","Social",14.35,0
12398,2770,2026-03-24,"Standard","Atlantic","Referral",14.13,0
12399,2739,2026-03-11,"Standard","Atlantic","Social",11.45,0
12400,3931,2026-04-14,"Standard","Atlantic","Organic",15,1
12401,783,2026-02-19,"Standard","Atlantic","Social",11.98,0
12402,1015,2026-04-13,"Discovery","Atlantic","Search",31.18,0
12403,1855,2026-04-02,"Standard","Atlantic","Search",14.72,1
12404,982,2026-01-25,"Signature","Atlantic","Referral",21.91,0
12405,1904,2026-05-28,"Standard","Atlantic","Organic",14.15,1
12406,613,2026-04-02,"Standard","Atlantic","Referral",16.93,1
12407,1033,2026-04-30,"Standard","Atlantic","Search",20.06,0
12408,2841,2026-03-25,"Standard","Atlantic","Retail_partner",17.28,0
12409,540,2026-01-30,"Signature","Atlantic","Retail_partner",25.09,1
12410,758,2026-06-04,"Standard","Atlantic","Organic",16.58,0
12411,971,2026-05-29,"Standard","Atlantic","Search",15.2,1
12412,3531,2026-02-24,"Standard","Atlantic","Social",12.6,1
12413,2078,2026-01-07,"Standard","Atlantic","Retail_partner",12.83,0
12414,927,2026-04-26,"Signature","Atlantic","Organic",21.08,1
12415,2385,2026-01-28,"Standard","Atlantic","Social",15.45,0
12416,3079,2026-02-23,"Discovery","Atlantic","Search",29.26,0
12417,1291,2026-03-04,"Signature","Atlantic","Referral",22.17,1
12418,2264,2026-04-04,"Standard","Atlantic","Organic",13.59,0
12419,2477,2026-07-01,"Discovery","Ontario","Search",35.44,1
12420,3692,2026-01-24,"Standard","Ontario","Organic",17.24,1
12421,2430,2026-03-14,"Signature","Atlantic","Organic",22.41,0
12422,2060,2026-06-14,"Signature","Atlantic","Referral",29.46,0
12423,2751,2026-01-30,"Discovery","Ontario","Social",34.9,0
12424,646,2026-06-29,"Standard","Atlantic","Search",13.1,0
12425,2516,2026-03-08,"Standard","Ontario","Social",11.47,0
12426,2337,2026-05-09,"Discovery","Ontario","Organic",33.71,0
12427,545,2026-01-04,"Discovery","Atlantic","Organic",35.07,0
12428,1044,2026-03-29,"Standard","Atlantic","Organic",17.22,1
12429,2320,2026-01-16,"Standard","Atlantic","Social",17.26,0
12430,2341,2026-02-23,"Signature","Ontario","Social",27.15,0
12431,378,2026-05-03,"Discovery","Atlantic","Search",32.81,1
12432,647,2026-02-26,"Standard","Atlantic","Search",12.48,1
12433,636,2026-05-28,"Standard","Atlantic","Organic",18.36,0
12434,3706,2026-01-15,"Standard","Atlantic","Organic",13.1,0
12435,2377,2026-06-28,"Signature","Atlantic","Referral",24.18,0
12436,1009,2026-05-13,"Standard","Ontario","Organic",12.81,0
12437,2999,2026-06-28,"Discovery","Atlantic","Organic",36.14,0
12438,393,2026-04-14,"Standard","Ontario","Organic",18.56,0
12439,2408,2026-06-15,"Standard","Ontario","Organic",16.27,0
12440,3492,2026-05-04,"Standard","Atlantic","Referral",16.96,0
12441,1106,2026-06-06,"Standard","Ontario","Social",17.5,0
12442,1252,2026-05-13,"Signature","Atlantic","Organic",23.82,0
12443,2414,2026-01-27,"Standard","Ontario","Organic",12.39,1
12444,3319,2026-06-30,"Standard","Atlantic","Social",16.24,0
12445,1740,2026-03-23,"Discovery","Atlantic","Retail_partner",33.8,0
12446,3708,2026-02-11,"Discovery","Atlantic","Organic",29.31,0
12447,3487,2026-01-13,"Standard","Atlantic","Search",16.24,0
12448,406,2026-05-14,"Signature","Atlantic","Search",22.1,0
12449,3115,2026-02-05,"Standard","Atlantic","Referral",18.63,0
12450,1793,2026-02-20,"Signature","Atlantic","Organic",26.01,0
12451,866,2026-01-13,"Standard","Atlantic","Social",13.47,1
12452,2100,2026-03-09,"Discovery","Atlantic","Social",27.96,0
12453,1371,2026-05-10,"Signature","Ontario","Referral",18.01,0
12454,2259,2026-01-15,"Standard","Ontario","Organic",17.69,0
12455,241,2026-02-11,"Standard","Atlantic","Organic",16.28,0
12456,824,2026-06-26,"Signature","Ontario","Search",21.94,1
12457,3974,2026-06-26,"Standard","Atlantic","Search",14.43,0
12458,3969,2026-06-07,"Signature","Atlantic","Referral",26.67,0
12459,2152,2026-04-04,"Standard","Atlantic","Organic",12.52,0
12460,1051,2026-02-06,"Standard","Atlantic","Search",11.36,0
12461,2753,2026-02-22,"Discovery","Atlantic","Referral",31.59,0
12462,2107,2026-01-09,"Standard","Atlantic","Organic",14.38,0
12463,3332,2026-03-14,"Standard","Atlantic","Search",16.72,0
12464,769,2026-06-21,"Standard","Atlantic","Organic",15.85,1
12465,3928,2026-05-17,"Signature","Atlantic","Social",21.62,0
12466,1746,2026-03-29,"Standard","Atlantic","Organic",18.23,0
12467,1222,2026-05-17,"Signature","Atlantic","Organic",26.16,0
12468,3575,2026-05-27,"Signature","Atlantic","Referral",22.11,0
12469,1323,2026-02-26,"Standard","Atlantic","Organic",16.09,0
12470,3180,2026-03-08,"Standard","Atlantic","Search",15.1,0
12471,917,2026-04-14,"Standard","Atlantic","Referral",11.58,0
12472,188,2026-02-03,"Discovery","Atlantic","Organic",31.23,0
12473,614,2026-02-25,"Discovery","Atlantic","Search",31.18,0
12474,1382,2026-05-27,"Standard","Atlantic","Retail_partner",12.75,0
12475,486,2026-01-22,"Signature","Atlantic","Referral",18.42,0
12476,1241,2026-03-14,"Signature","Atlantic","Organic",24.19,0
12477,3569,2026-01-03,"Standard","Atlantic","Social",15.95,0
12478,3179,2026-02-03,"Signature","Ontario","Search",19.19,0
12479,3177,2026-06-12,"Signature","Ontario","Organic",25.98,0
12480,2239,2026-03-20,"Standard","Atlantic","Search",13.62,0
12481,1521,2026-04-24,"Signature","Ontario","Referral",23.07,0
12482,3831,2026-04-05,"Standard","Atlantic","Social",14.84,0
12483,575,2026-06-08,"Standard","Atlantic","Retail_partner",17.89,0
12484,2365,2026-04-28,"Signature","Atlantic","Organic",19.67,0
12485,113,2026-06-08,"Standard","Atlantic","Search",13.58,0
12486,221,2026-02-07,"Signature","Atlantic","Search",23.31,0
12487,614,2026-06-07,"Standard","Atlantic","Referral",11.27,1
12488,515,2026-06-12,"Standard","Atlantic","Social",12.57,0
12489,3311,2026-05-17,"Standard","Atlantic","Organic",13.43,1
12490,2331,2026-04-07,"Standard","Atlantic","Social",16.56,0
12491,3193,2026-03-26,"Standard","Atlantic","Retail_partner",9.93,0
12492,2120,2026-04-02,"Discovery","Atlantic","Social",30.5,0
12493,3147,2026-01-03,"Signature","Atlantic","Search",25.14,0
12494,3340,2026-05-24,"Standard","Atlantic","Social",16.48,1
12495,143,2026-06-18,"Standard","Atlantic","Search",12.24,0
12496,1865,2026-03-18,"Signature","Atlantic","Social",24.19,0
12497,1748,2026-06-01,"Standard","Atlantic","Organic",16.5,0
12498,1869,2026-03-30,"Signature","Atlantic","Referral",23.18,0
12499,2994,2026-02-12,"Standard","Atlantic","Social",16.47,1
12500,726,2026-03-30,"Discovery","Atlantic","Retail_partner",35.47,0
12501,2869,2026-06-19,"Discovery","Atlantic","Organic",29.22,0
12502,1870,2026-03-12,"Discovery","Atlantic","Organic",35.48,1
12503,569,2026-04-20,"Standard","Atlantic","Organic",16.54,0
12504,3632,2026-01-06,"Standard","Atlantic","Organic",13.68,1
12505,3284,2026-06-08,"Standard","Atlantic","Organic",18.02,0
12506,2658,2026-02-18,"Standard","Atlantic","Social",12.33,0
12507,1603,2026-02-19,"Standard","Atlantic","Organic",15.88,1
12508,418,2026-05-17,"Signature","Atlantic","Social",22.28,0
12509,2383,2026-05-20,"Standard","Atlantic","Organic",11.34,0
12510,3630,2026-01-14,"Standard","Atlantic","Search",12.3,0
12511,3842,2026-02-18,"Standard","Ontario","Organic",10.97,0
12512,2650,2026-06-17,"Standard","Atlantic","Search",19.62,0
12513,1030,2026-02-23,"Signature","Atlantic","Social",23.06,1
12514,1091,2026-02-15,"Standard","Ontario","Organic",19.51,1
12515,2258,2026-05-30,"Standard","Atlantic","Retail_partner",20.56,1
12516,2009,2026-02-09,"Signature","Atlantic","Search",21.62,0
12517,968,2026-02-07,"Signature","Atlantic","Organic",21.92,0
12518,1828,2026-03-10,"Standard","Atlantic","Search",15.33,0
12519,3284,2026-02-22,"Standard","Atlantic","Referral",14.1,0
12520,2794,2026-03-14,"Discovery","Atlantic","Referral",29.97,0
12521,1203,2026-06-16,"Standard","Atlantic","Organic",12.54,1
12522,1399,2026-06-17,"Standard","Atlantic","Referral",19.93,0
12523,2563,2026-02-11,"Standard","Atlantic","Organic",15.97,0
12524,1337,2026-03-18,"Standard","Atlantic","Search",16.37,1
12525,3344,2026-02-21,"Signature","Atlantic","Organic",21.82,0
12526,3909,2026-01-23,"Signature","Atlantic","Organic",20.54,0
12527,2677,2026-01-16,"Signature","Atlantic","Retail_partner",23.33,0
12528,3987,2026-03-24,"Standard","Atlantic","Referral",17.94,1
12529,506,2026-02-02,"Discovery","Atlantic","Retail_partner",33.13,0
12530,59,2026-04-01,"Signature","Atlantic","Organic",18.85,0
12531,2003,2026-05-02,"Standard","Ontario","Organic",16.07,0
12532,3498,2026-03-12,"Signature","Atlantic","Social",22.81,0
12533,2230,2026-03-11,"Standard","Atlantic","Organic",14.99,0
12534,327,2026-05-03,"Signature","Atlantic","Social",22.53,0
12535,2512,2026-03-07,"Signature","Atlantic","Organic",24.32,0
12536,1803,2026-05-24,"Standard","Atlantic","Search",15,0
12537,1233,2026-02-10,"Standard","Atlantic","Organic",15.96,1
12538,1232,2026-05-14,"Discovery","Atlantic","Organic",33.93,0
12539,3283,2026-02-08,"Standard","Atlantic","Referral",17.14,0
12540,467,2026-05-14,"Standard","Atlantic","Organic",13.35,0
12541,665,2026-03-30,"Standard","Atlantic","Social",14.08,0
12542,3535,2026-01-20,"Signature","Atlantic","Referral",22.22,1
12543,71,2026-02-05,"Discovery","Atlantic","Search",29.81,0
12544,1636,2026-02-09,"Signature","Atlantic","Organic",23.4,0
12545,2428,2026-05-05,"Discovery","Atlantic","Organic",33.24,0
12546,2000,2026-05-16,"Standard","Ontario","Search",19.71,0
12547,3649,2026-06-29,"Standard","Atlantic","Referral",15.21,0
12548,603,2026-01-20,"Standard","Ontario","Search",14.59,1
12549,1565,2026-06-29,"Standard","Atlantic","Referral",12.08,1
12550,2365,2026-05-20,"Standard","Atlantic","Organic",14.76,0
12551,2551,2026-02-17,"Standard","Atlantic","Retail_partner",14.71,0
12552,98,2026-01-31,"Signature","Atlantic","Referral",22.38,0
12553,2043,2026-02-22,"Standard","Ontario","Search",20.14,1
12554,937,2026-01-23,"Discovery","Atlantic","Search",35.4,1
12555,1236,2026-05-16,"Signature","Atlantic","Social",20.74,0
12556,1459,2026-06-11,"Standard","Atlantic","Referral",20.78,0
12557,180,2026-01-06,"Standard","Ontario","Search",19.1,1
12558,191,2026-03-18,"Discovery","Atlantic","Organic",30.2,0
12559,3255,2026-05-26,"Signature","Atlantic","Social",25.35,1
12560,2466,2026-01-26,"Standard","Atlantic","Search",12.94,0
12561,69,2026-03-14,"Discovery","Atlantic","Referral",29.9,1
12562,3997,2026-05-03,"Signature","Atlantic","Search",23.89,0
12563,3859,2026-04-12,"Signature","Atlantic","Referral",21.5,0
12564,784,2026-01-29,"Standard","Ontario","Organic",19.28,0
12565,2871,2026-01-20,"Signature","Ontario","Social",24.24,0
12566,1155,2026-01-14,"Standard","Ontario","Organic",17.2,1
12567,3496,2026-01-20,"Signature","Atlantic","Organic",23.43,0
12568,1958,2026-04-02,"Standard","Atlantic","Referral",17.82,0
12569,3613,2026-06-27,"Discovery","Atlantic","Social",23.76,0
12570,1578,2026-03-23,"Signature","Atlantic","Social",23.11,0
12571,213,2026-01-18,"Standard","Atlantic","Organic",17.38,1
12572,3072,2026-03-24,"Standard","Atlantic","Search",15.1,1
12573,2771,2026-07-01,"Standard","Atlantic","Social",11.34,0
12574,284,2026-03-13,"Signature","Ontario","Organic",23.31,0
12575,2511,2026-01-11,"Standard","Atlantic","Social",15.67,0
12576,3198,2026-05-14,"Discovery","Atlantic","Retail_partner",30.97,0
12577,3623,2026-06-11,"Discovery","Atlantic","Organic",31.47,0
12578,1008,2026-03-26,"Signature","Atlantic","Social",22.71,0
12579,1530,2026-06-11,"Signature","Atlantic","Organic",24.94,1
12580,3642,2026-02-28,"Standard","Atlantic","Social",12.6,0
12581,3055,2026-02-11,"Standard","Atlantic","Social",14.21,0
12582,651,2026-02-14,"Standard","Atlantic","Organic",16.11,0
12583,2388,2026-02-15,"Standard","Atlantic","Organic",10.3,1
12584,838,2026-05-25,"Discovery","Atlantic","Search",34.17,0
12585,670,2026-02-19,"Standard","Atlantic","Retail_partner",18.17,0
12586,1325,2026-03-13,"Signature","Atlantic","Organic",18.99,0
12587,1999,2026-03-21,"Discovery","Ontario","Search",34.54,1
12588,71,2026-01-23,"Signature","Atlantic","Search",28.39,0
12589,1316,2026-03-24,"Standard","Atlantic","Social",13.73,0
12590,1418,2026-03-03,"Standard","Atlantic","Search",15.45,1
12591,364,2026-02-25,"Standard","Atlantic","Retail_partner",14.39,0
12592,611,2026-05-29,"Signature","Atlantic","Search",26.86,0
12593,873,2026-03-29,"Discovery","Atlantic","Referral",36.6,1
12594,3425,2026-03-20,"Signature","Atlantic","Organic",22.76,0
12595,3663,2026-07-01,"Standard","Atlantic","Social",13.19,0
12596,2035,2026-01-08,"Standard","Ontario","Search",15.61,1
12597,2328,2026-06-27,"Discovery","Atlantic","Referral",30.61,0
12598,3833,2026-03-18,"Standard","Atlantic","Search",13.62,0
12599,3271,2026-04-21,"Signature","Ontario","Referral",25.39,0
12600,3799,2026-05-19,"Discovery","Ontario","Referral",33.98,0
12601,1808,2026-04-21,"Standard","Atlantic","Referral",16.04,0
12602,3403,2026-05-12,"Signature","Atlantic","Organic",20.34,0
12603,2199,2026-05-24,"Signature","Atlantic","Retail_partner",23.51,0
12604,1447,2026-02-02,"Standard","Atlantic","Search",12.98,0
12605,941,2026-01-08,"Signature","Atlantic","Organic",21.68,0
12606,1741,2026-03-26,"Standard","Atlantic","Organic",14.13,1
12607,1557,2026-03-04,"Signature","Atlantic","Social",17.37,0
12608,2568,2026-05-12,"Discovery","Atlantic","Social",24.14,0
12609,1630,2026-06-08,"Standard","Ontario","Search",17.44,0
12610,2840,2026-05-12,"Standard","Atlantic","Search",17.07,1
12611,1418,2026-06-02,"Standard","Atlantic","Social",16.8,1
12612,161,2026-04-22,"Standard","Atlantic","Search",16.22,1
12613,2951,2026-03-14,"Signature","Atlantic","Social",21.08,0
12614,3733,2026-04-15,"Standard","Atlantic","Organic",16.25,0
12615,3339,2026-03-04,"Standard","Atlantic","Search",15.01,0
12616,3684,2026-05-08,"Signature","Atlantic","Organic",22.94,0
12617,2805,2026-04-20,"Signature","Ontario","Social",19.94,0
12618,617,2026-02-08,"Discovery","Atlantic","Social",27.74,0
12619,2844,2026-03-21,"Signature","Atlantic","Organic",25.56,0
12620,3412,2026-03-12,"Signature","Atlantic","Organic",22.36,0
12621,1706,2026-04-02,"Standard","Ontario","Search",14.81,0
12622,1020,2026-01-20,"Standard","Ontario","Search",15.26,1
12623,2889,2026-06-08,"Standard","Atlantic","Organic",13.8,1
12624,2447,2026-02-13,"Signature","Atlantic","Organic",27.11,0
12625,2036,2026-01-29,"Standard","Atlantic","Organic",13.1,0
12626,1980,2026-03-03,"Signature","Atlantic","Organic",21.61,0
12627,965,2026-06-03,"Signature","Atlantic","Social",24.8,0
12628,2003,2026-05-08,"Standard","Atlantic","Search",18.76,0
12629,3165,2026-06-05,"Signature","Atlantic","Social",17.21,0
12630,3121,2026-06-12,"Standard","Ontario","Social",15.88,0
12631,751,2026-05-11,"Signature","Atlantic","Retail_partner",24.67,0
12632,2335,2026-01-02,"Standard","Atlantic","Search",16.34,0
12633,3812,2026-04-27,"Signature","Ontario","Search",22.29,0
12634,2313,2026-02-23,"Signature","Atlantic","Referral",19.99,0
12635,803,2026-03-07,"Signature","Atlantic","Organic",21.89,0
12636,2350,2026-05-22,"Signature","Atlantic","Referral",24.53,0
12637,787,2026-01-10,"Standard","Atlantic","Retail_partner",17.3,0
12638,2052,2026-04-03,"Standard","Atlantic","Organic",20.92,0
12639,2851,2026-03-22,"Standard","Atlantic","Search",14.73,0
12640,1049,2026-01-07,"Standard","Atlantic","Organic",15.32,0
12641,2334,2026-02-10,"Discovery","Atlantic","Social",37.69,1
12642,613,2026-03-03,"Standard","Atlantic","Organic",15.59,0
12643,2802,2026-06-10,"Standard","Ontario","Organic",14.12,0
12644,3455,2026-01-22,"Discovery","Atlantic","Social",29.61,0
12645,3942,2026-06-26,"Standard","Atlantic","Organic",11.92,0
12646,3876,2026-06-20,"Signature","Ontario","Search",24.4,0
12647,624,2026-02-20,"Signature","Atlantic","Retail_partner",21.75,0
12648,3261,2026-02-24,"Standard","Atlantic","Organic",14.94,0
12649,688,2026-02-14,"Standard","Atlantic","Retail_partner",16.95,0
12650,208,2026-03-28,"Standard","Atlantic","Social",12.2,0
12651,3224,2026-06-30,"Signature","Atlantic","Organic",16.68,0
12652,1983,2026-05-16,"Standard","Atlantic","Referral",9.28,0
12653,131,2026-02-22,"Signature","Atlantic","Organic",23.76,1
12654,3498,2026-03-27,"Standard","Atlantic","Organic",9.5,0
12655,551,2026-01-13,"Signature","Atlantic","Organic",27.37,0
12656,1582,2026-03-04,"Discovery","Atlantic","Search",32.42,0
12657,3189,2026-05-29,"Standard","Atlantic","Social",18.94,0
12658,768,2026-03-18,"Standard","Atlantic","Organic",9.92,1
12659,3751,2026-02-11,"Standard","Ontario","Search",16.91,0
12660,2212,2026-05-02,"Discovery","Atlantic","Organic",31.86,0
12661,3065,2026-06-25,"Signature","Atlantic","Organic",24.13,0
12662,772,2026-03-03,"Standard","Atlantic","Organic",12.92,1
12663,1886,2026-05-16,"Signature","Atlantic","Organic",23.49,0
12664,2980,2026-01-04,"Signature","Atlantic","Referral",24.14,0
12665,2333,2026-05-28,"Standard","Atlantic","Organic",12.29,0
12666,2117,2026-01-30,"Standard","Atlantic","Social",16.32,1
12667,2579,2026-03-05,"Discovery","Atlantic","Search",35.08,1
12668,3326,2026-01-08,"Standard","Atlantic","Organic",15.53,0
12669,2806,2026-05-07,"Standard","Atlantic","Referral",14.84,1
12670,2452,2026-06-06,"Standard","Atlantic","Search",20.51,0
12671,1167,2026-05-30,"Standard","Ontario","Search",16.46,0
12672,479,2026-02-06,"Standard","Atlantic","Social",15.72,1
12673,592,2026-02-15,"Standard","Ontario","Organic",18,1
12674,1276,2026-05-18,"Standard","Ontario","Search",13.57,0
12675,1007,2026-01-25,"Standard","Atlantic","Organic",18.77,0
12676,20,2026-06-03,"Discovery","Atlantic","Search",31.1,0
12677,2780,2026-03-23,"Standard","Atlantic","Referral",13.36,0
12678,999,2026-03-09,"Discovery","Ontario","Referral",31.06,0
12679,1691,2026-03-12,"Standard","Atlantic","Social",17.76,0
12680,2414,2026-06-11,"Standard","Atlantic","Organic",16.41,0
12681,1264,2026-06-18,"Discovery","Ontario","Organic",30.17,0
12682,1117,2026-01-30,"Discovery","Atlantic","Organic",32.56,0
12683,1268,2026-04-02,"Standard","Ontario","Social",18.08,0
12684,11,2026-01-02,"Standard","Atlantic","Organic",15.43,1
12685,1986,2026-01-20,"Standard","Atlantic","Social",12.09,0
12686,2580,2026-05-13,"Signature","Atlantic","Social",21.95,0
12687,2853,2026-06-12,"Signature","Atlantic","Organic",20.39,0
12688,1804,2026-05-09,"Standard","Atlantic","Referral",15.23,1
12689,790,2026-04-22,"Discovery","Atlantic","Search",29.77,1
12690,1969,2026-05-14,"Standard","Atlantic","Referral",16.63,0
12691,3126,2026-04-27,"Standard","Atlantic","Referral",14.68,0
12692,1989,2026-03-24,"Standard","Atlantic","Referral",11.29,0
12693,3315,2026-03-06,"Standard","Atlantic","Organic",13.58,1
12694,601,2026-03-24,"Signature","Ontario","Retail_partner",22.79,0
12695,3039,2026-04-15,"Standard","Atlantic","Search",16.38,0
12696,1182,2026-04-23,"Standard","Atlantic","Social",13.18,0
12697,2528,2026-04-19,"Standard","Atlantic","Search",16.62,0
12698,3013,2026-06-20,"Standard","Atlantic","Social",13.45,0
12699,3857,2026-02-06,"Signature","Atlantic","Social",23.72,0
12700,3323,2026-05-14,"Standard","Ontario","Social",15.47,0
12701,1966,2026-04-07,"Signature","Ontario","Organic",22.52,0
12702,3163,2026-01-17,"Signature","Ontario","Search",21.98,0
12703,962,2026-03-22,"Discovery","Ontario","Search",30.97,0
12704,2421,2026-04-18,"Signature","Atlantic","Organic",24.46,0
12705,3366,2026-04-03,"Discovery","Atlantic","Organic",31.18,0
12706,593,2026-05-12,"Standard","Atlantic","Organic",15.21,0
12707,2014,2026-05-23,"Standard","Atlantic","Retail_partner",16.04,0
12708,3166,2026-01-23,"Signature","Atlantic","Organic",22.29,0
12709,513,2026-03-25,"Standard","Atlantic","Organic",16.61,0
12710,79,2026-03-01,"Standard","Atlantic","Social",16.91,0
12711,2021,2026-03-15,"Standard","Atlantic","Retail_partner",14.72,0
12712,3495,2026-03-17,"Standard","Atlantic","Organic",15.14,0
12713,489,2026-06-23,"Signature","Ontario","Organic",25.09,0
12714,695,2026-01-25,"Signature","Atlantic","Organic",19.34,0
12715,293,2026-03-10,"Standard","Atlantic","Referral",10.82,0
12716,2535,2026-05-22,"Standard","Atlantic","Search",15.69,1
12717,1094,2026-05-22,"Standard","Atlantic","Organic",16.27,1
12718,1398,2026-04-09,"Signature","Atlantic","Search",20.2,1
12719,929,2026-04-03,"Standard","Atlantic","Search",13.61,0
12720,2198,2026-01-05,"Standard","Atlantic","Organic",10.97,0
12721,3265,2026-05-16,"Standard","Atlantic","Organic",16.19,0
12722,857,2026-03-05,"Standard","Atlantic","Search",13.8,0
12723,1365,2026-05-17,"Standard","Ontario","Organic",17.02,0
12724,351,2026-02-02,"Standard","Atlantic","Organic",13.69,0
12725,1034,2026-01-22,"Standard","Atlantic","Search",13.28,0
12726,2250,2026-03-24,"Signature","Atlantic","Organic",15.79,0
12727,576,2026-04-20,"Standard","Atlantic","Organic",14.87,0
12728,544,2026-03-26,"Signature","Atlantic","Search",19.12,0
12729,318,2026-02-23,"Signature","Atlantic","Retail_partner",22.06,0
12730,3258,2026-05-06,"Standard","Ontario","Referral",14.3,0
12731,766,2026-05-06,"Signature","Atlantic","Organic",21.68,1
12732,836,2026-02-28,"Signature","Ontario","Search",25.66,0
12733,2566,2026-06-16,"Standard","Atlantic","Social",11.9,0
12734,2829,2026-05-31,"Standard","Atlantic","Social",13.36,0
12735,131,2026-04-03,"Standard","Atlantic","Social",12.95,1
12736,2045,2026-01-20,"Discovery","Ontario","Organic",29.15,0
12737,192,2026-03-26,"Standard","Atlantic","Organic",13.4,0
12738,3399,2026-06-17,"Standard","Atlantic","Referral",15.66,0
12739,688,2026-03-14,"Signature","Atlantic","Referral",20.9,0
12740,1043,2026-05-07,"Standard","Ontario","Social",15.5,1
12741,2147,2026-01-04,"Discovery","Atlantic","Social",35.12,1
12742,172,2026-03-01,"Standard","Atlantic","Social",11.68,1
12743,3688,2026-01-15,"Standard","Atlantic","Referral",13.13,1
12744,1820,2026-06-10,"Standard","Ontario","Organic",17.17,1
12745,3589,2026-06-29,"Discovery","Atlantic","Referral",28.52,0
12746,3039,2026-04-24,"Standard","Ontario","Organic",17.55,1
12747,2765,2026-01-23,"Signature","Atlantic","Organic",25.4,1
12748,3172,2026-04-27,"Standard","Atlantic","Search",14.51,0
12749,1310,2026-04-10,"Discovery","Atlantic","Referral",34.68,0
12750,2672,2026-04-09,"Signature","Ontario","Organic",23.96,0
12751,28,2026-02-01,"Standard","Atlantic","Organic",14.79,0
12752,2418,2026-02-17,"Signature","Atlantic","Referral",22.02,0
12753,3188,2026-02-24,"Discovery","Atlantic","Organic",29.98,0
12754,3017,2026-01-31,"Standard","Atlantic","Organic",18.18,0
12755,2028,2026-04-03,"Signature","Atlantic","Referral",21.49,0
12756,2957,2026-06-30,"Discovery","Atlantic","Search",32.67,0
12757,2257,2026-05-19,"Signature","Ontario","Organic",20.43,0
12758,3007,2026-01-24,"Standard","Atlantic","Organic",11.33,1
12759,715,2026-06-01,"Signature","Ontario","Referral",26.39,0
12760,1757,2026-01-14,"Signature","Ontario","Referral",21.84,0
12761,930,2026-02-05,"Discovery","Ontario","Organic",29.93,0
12762,3305,2026-06-21,"Signature","Atlantic","Organic",19.34,0
12763,2116,2026-06-12,"Discovery","Atlantic","Organic",28.04,0
12764,3835,2026-04-11,"Standard","Atlantic","Search",12.95,0
12765,1149,2026-05-31,"Discovery","Ontario","Social",31.54,0
12766,938,2026-06-10,"Discovery","Atlantic","Retail_partner",29.52,1
12767,647,2026-02-02,"Standard","Ontario","Retail_partner",11.76,0
12768,1776,2026-04-19,"Discovery","Atlantic","Search",33.13,0
12769,473,2026-02-24,"Standard","Atlantic","Organic",16.05,0
12770,693,2026-01-31,"Signature","Atlantic","Social",23.87,0
12771,1977,2026-02-17,"Signature","Atlantic","Social",23.97,0
12772,3299,2026-02-15,"Discovery","Atlantic","Referral",31.53,0
12773,3091,2026-01-01,"Discovery","Ontario","Social",30.94,0
12774,1972,2026-06-08,"Standard","Atlantic","Organic",15.71,1
12775,2231,2026-02-24,"Standard","Ontario","Social",16.32,0
12776,3793,2026-01-17,"Standard","Atlantic","Retail_partner",15.73,0
12777,2991,2026-01-28,"Signature","Atlantic","Search",22.81,0
12778,626,2026-05-18,"Standard","Atlantic","Referral",16.31,0
12779,1778,2026-04-25,"Standard","Atlantic","Organic",15.57,0
12780,1462,2026-01-24,"Standard","Atlantic","Search",11.64,1
12781,607,2026-01-26,"Signature","Atlantic","Referral",20.64,0
12782,1148,2026-02-19,"Standard","Ontario","Organic",17.86,0
12783,235,2026-05-11,"Signature","Atlantic","Organic",18.65,1
12784,1189,2026-02-02,"Discovery","Atlantic","Retail_partner",37.41,0
12785,642,2026-05-23,"Standard","Atlantic","Organic",14.36,1
12786,3874,2026-03-11,"Signature","Atlantic","Retail_partner",21.25,0
12787,2963,2026-02-03,"Standard","Atlantic","Social",15.11,0
12788,3034,2026-01-28,"Signature","Atlantic","Organic",17.63,0
12789,3977,2026-04-20,"Signature","Atlantic","Organic",24.04,0
12790,1148,2026-03-23,"Standard","Atlantic","Organic",16.26,0
12791,1763,2026-06-11,"Standard","Atlantic","Referral",15.7,0
12792,358,2026-02-06,"Standard","Atlantic","Social",18.37,0
12793,1034,2026-03-25,"Signature","Atlantic","Retail_partner",20.96,0
12794,3705,2026-05-25,"Standard","Ontario","Search",16.53,0
12795,1812,2026-01-31,"Signature","Atlantic","Social",15.75,1
12796,1211,2026-04-22,"Standard","Atlantic","Retail_partner",15.62,1
12797,2826,2026-03-30,"Standard","Atlantic","Social",13.64,0
12798,3673,2026-05-03,"Signature","Atlantic","Retail_partner",25.2,0
12799,421,2026-05-18,"Signature","Ontario","Social",24.04,0
12800,2990,2026-04-30,"Standard","Ontario","Referral",18.36,0
12801,2093,2026-04-05,"Discovery","Ontario","Referral",37.49,0
12802,65,2026-06-10,"Standard","Atlantic","Organic",15.49,1
12803,3916,2026-06-12,"Standard","Atlantic","Referral",16.19,0
12804,1105,2026-06-08,"Standard","Atlantic","Organic",15.9,0
12805,824,2026-02-04,"Standard","Ontario","Social",17.62,1
12806,3173,2026-06-04,"Standard","Ontario","Social",17.23,0
12807,609,2026-03-26,"Signature","Atlantic","Search",23.61,0
12808,3120,2026-03-23,"Signature","Atlantic","Organic",21.33,0
12809,3543,2026-04-06,"Signature","Ontario","Referral",20.75,0
12810,4000,2026-02-18,"Standard","Ontario","Organic",21.6,0
12811,1044,2026-05-16,"Standard","Atlantic","Organic",14.58,0
12812,2861,2026-03-26,"Standard","Atlantic","Organic",15.04,0
12813,2970,2026-03-28,"Standard","Atlantic","Retail_partner",18.24,1
12814,3432,2026-06-25,"Standard","Atlantic","Referral",15.59,0
12815,3319,2026-02-17,"Discovery","Ontario","Retail_partner",35.72,0
12816,3541,2026-04-12,"Standard","Atlantic","Social",16.4,1
12817,517,2026-05-07,"Discovery","Atlantic","Social",30.97,0
12818,1384,2026-01-29,"Standard","Atlantic","Organic",14.21,0
12819,3412,2026-01-26,"Standard","Atlantic","Social",16.69,0
12820,1062,2026-01-25,"Standard","Atlantic","Organic",13.59,0
12821,74,2026-01-07,"Standard","Ontario","Organic",12.33,0
12822,52,2026-01-23,"Discovery","Ontario","Referral",37.46,0
12823,2253,2026-06-04,"Standard","Atlantic","Retail_partner",15.21,0
12824,934,2026-01-03,"Discovery","Atlantic","Social",33.34,1
12825,235,2026-01-21,"Standard","Atlantic","Search",15.78,0
12826,3700,2026-01-26,"Discovery","Atlantic","Social",28.81,1
12827,141,2026-04-02,"Standard","Atlantic","Social",14.72,1
12828,915,2026-01-31,"Signature","Atlantic","Organic",23.88,0
12829,2265,2026-01-06,"Standard","Atlantic","Organic",11.47,0
12830,3918,2026-02-24,"Standard","Atlantic","Referral",15.85,1
12831,1937,2026-01-04,"Signature","Ontario","Organic",23.99,0
12832,223,2026-01-18,"Standard","Atlantic","Organic",15.71,0
12833,2903,2026-06-02,"Signature","Atlantic","Organic",24.56,1
12834,2409,2026-06-16,"Standard","Atlantic","Referral",12.96,1
12835,1166,2026-05-07,"Standard","Ontario","Organic",15.07,0
12836,134,2026-05-18,"Standard","Atlantic","Referral",15.62,0
12837,2941,2026-01-23,"Standard","Atlantic","Organic",10.92,1
12838,1768,2026-02-21,"Discovery","Atlantic","Referral",33.45,0
12839,2274,2026-05-12,"Standard","Ontario","Referral",16.29,0
12840,2184,2026-01-21,"Standard","Atlantic","Search",18.68,0
12841,357,2026-01-25,"Standard","Atlantic","Social",19.66,0
12842,1860,2026-04-30,"Discovery","Atlantic","Search",32.06,0
12843,2683,2026-05-23,"Discovery","Atlantic","Referral",32.8,0
12844,2875,2026-03-17,"Signature","Atlantic","Referral",23.35,0
12845,305,2026-03-07,"Signature","Atlantic","Social",22.39,0
12846,631,2026-02-04,"Signature","Atlantic","Referral",26.19,1
12847,3434,2026-01-02,"Discovery","Atlantic","Social",30.3,1
12848,3496,2026-02-25,"Signature","Ontario","Organic",23.93,1
12849,1508,2026-03-14,"Standard","Ontario","Organic",7.67,1
12850,3462,2026-02-25,"Discovery","Atlantic","Organic",30.64,1
12851,108,2026-02-10,"Signature","Atlantic","Search",19.92,0
12852,1179,2026-03-19,"Standard","Atlantic","Organic",15.58,0
12853,346,2026-05-24,"Standard","Atlantic","Organic",15.69,0
12854,2297,2026-02-10,"Standard","Atlantic","Retail_partner",15.19,0
12855,223,2026-05-23,"Discovery","Atlantic","Organic",30.38,1
12856,3800,2026-04-24,"Signature","Atlantic","Retail_partner",19.11,0
12857,3592,2026-04-17,"Signature","Atlantic","Referral",22.96,0
12858,2172,2026-05-26,"Standard","Atlantic","Retail_partner",16.04,0
12859,3998,2026-03-16,"Standard","Ontario","Organic",12.77,0
12860,3996,2026-02-19,"Signature","Atlantic","Referral",19.43,0
12861,25,2026-03-15,"Signature","Atlantic","Organic",22.6,0
12862,880,2026-06-21,"Standard","Atlantic","Search",17.41,0
12863,1796,2026-03-19,"Signature","Atlantic","Referral",20.59,1
12864,917,2026-05-14,"Standard","Atlantic","Retail_partner",16.98,0
12865,2526,2026-01-24,"Standard","Atlantic","Organic",15.56,1
12866,3660,2026-05-27,"Standard","Atlantic","Organic",14.78,0
12867,3870,2026-05-29,"Standard","Atlantic","Search",11.52,0
12868,545,2026-01-01,"Standard","Atlantic","Organic",9.37,0
12869,14,2026-05-22,"Standard","Atlantic","Search",10.17,0
12870,3481,2026-03-30,"Signature","Atlantic","Organic",21.63,0
12871,969,2026-03-30,"Standard","Ontario","Social",15.46,0
12872,3386,2026-03-04,"Discovery","Atlantic","Referral",32.47,1
12873,3742,2026-06-08,"Signature","Atlantic","Search",26.98,0
12874,1754,2026-02-07,"Signature","Atlantic","Social",18.71,0
12875,2976,2026-02-08,"Standard","Atlantic","Retail_partner",16.62,0
12876,2726,2026-04-28,"Standard","Atlantic","Organic",18.36,1
12877,1179,2026-05-04,"Standard","Atlantic","Search",17.43,0
12878,3626,2026-05-15,"Signature","Atlantic","Organic",19.95,0
12879,3506,2026-01-20,"Standard","Atlantic","Search",16.25,1
12880,1605,2026-01-23,"Signature","Ontario","Retail_partner",28.23,0
12881,2765,2026-02-07,"Standard","Ontario","Organic",16.07,1
12882,1242,2026-03-12,"Standard","Atlantic","Search",14.94,0
12883,855,2026-02-17,"Standard","Ontario","Organic",14.04,0
12884,2284,2026-04-27,"Signature","Atlantic","Social",28.42,0
12885,1649,2026-04-04,"Standard","Atlantic","Search",13.16,0
12886,3831,2026-03-01,"Discovery","Atlantic","Organic",35.12,0
12887,15,2026-05-28,"Standard","Atlantic","Organic",17.75,0
12888,1985,2026-05-09,"Discovery","Atlantic","Social",29.44,0
12889,2104,2026-02-20,"Standard","Atlantic","Referral",13.17,0
12890,745,2026-01-08,"Signature","Atlantic","Organic",16.92,0
12891,1915,2026-06-02,"Standard","Atlantic","Organic",15.77,0
12892,456,2026-04-13,"Signature","Atlantic","Search",20.84,0
12893,2577,2026-02-05,"Standard","Atlantic","Search",12.27,1
12894,1882,2026-03-10,"Signature","Atlantic","Organic",22.86,0
12895,2067,2026-05-18,"Standard","Atlantic","Retail_partner",15.35,0
12896,655,2026-04-01,"Signature","Atlantic","Social",23.76,0
12897,1083,2026-04-15,"Standard","Atlantic","Social",17.42,0
12898,1730,2026-06-10,"Standard","Atlantic","Retail_partner",12.55,0
12899,1747,2026-02-20,"Signature","Atlantic","Organic",22.58,1
12900,2841,2026-01-03,"Discovery","Atlantic","Search",28.81,0
12901,1343,2026-04-02,"Standard","Atlantic","Referral",9.91,0
12902,1048,2026-04-06,"Standard","Atlantic","Social",13.39,0
12903,2195,2026-06-01,"Signature","Ontario","Organic",27.94,0
12904,1276,2026-05-12,"Standard","Atlantic","Retail_partner",15.04,1
12905,283,2026-05-18,"Standard","Atlantic","Social",13.82,0
12906,1147,2026-01-25,"Standard","Atlantic","Search",18.62,1
12907,248,2026-01-24,"Standard","Atlantic","Search",17.8,0
12908,2205,2026-06-05,"Standard","Atlantic","Retail_partner",14.42,0
12909,3434,2026-01-27,"Standard","Atlantic","Organic",17.45,0
12910,844,2026-07-01,"Discovery","Ontario","Organic",44.35,0
12911,701,2026-01-04,"Standard","Atlantic","Organic",14.7,1
12912,59,2026-05-03,"Standard","Ontario","Organic",10.33,0
12913,3250,2026-01-11,"Signature","Atlantic","Retail_partner",28.57,0
12914,2160,2026-04-19,"Standard","Atlantic","Social",13.02,0
12915,1957,2026-05-31,"Signature","Atlantic","Search",22.04,0
12916,706,2026-05-11,"Standard","Ontario","Search",14.89,0
12917,2830,2026-05-11,"Standard","Atlantic","Social",13.64,0
12918,890,2026-03-13,"Standard","Atlantic","Organic",16.81,0
12919,2107,2026-03-18,"Discovery","Atlantic","Search",31.03,0
12920,2583,2026-04-21,"Standard","Ontario","Organic",18.25,1
12921,895,2026-01-24,"Standard","Atlantic","Social",14.94,1
12922,1859,2026-04-01,"Standard","Atlantic","Organic",16.11,1
12923,1551,2026-01-17,"Standard","Ontario","Social",16.37,0
12924,1888,2026-04-19,"Signature","Ontario","Social",22.75,0
12925,2669,2026-01-06,"Discovery","Atlantic","Referral",36.26,1
12926,2570,2026-04-19,"Signature","Ontario","Social",23.67,1
12927,3122,2026-02-05,"Standard","Atlantic","Social",12.9,0
12928,3088,2026-06-03,"Discovery","Atlantic","Search",29.81,0
12929,2566,2026-05-12,"Standard","Atlantic","Organic",13.86,0
12930,2742,2026-04-20,"Signature","Atlantic","Social",19.07,1
12931,749,2026-04-12,"Standard","Atlantic","Organic",11.55,1
12932,1003,2026-04-01,"Signature","Atlantic","Organic",23.25,0
12933,2319,2026-04-20,"Standard","Ontario","Organic",15.02,1
12934,1413,2026-02-15,"Signature","Atlantic","Organic",21.18,0
12935,1632,2026-02-04,"Discovery","Ontario","Referral",35.12,0
12936,2029,2026-02-09,"Standard","Atlantic","Retail_partner",14.55,0
12937,3193,2026-02-16,"Standard","Ontario","Referral",15.06,0
12938,3450,2026-02-13,"Signature","Atlantic","Organic",24.54,0
12939,2401,2026-03-23,"Signature","Atlantic","Search",22.88,1
12940,695,2026-05-11,"Standard","Ontario","Social",17.73,0
12941,3009,2026-05-04,"Standard","Atlantic","Social",13.96,0
12942,17,2026-01-24,"Standard","Atlantic","Search",13.21,0
12943,2791,2026-03-26,"Signature","Ontario","Search",22.82,0
12944,1003,2026-02-15,"Signature","Atlantic","Social",24.59,0
12945,3854,2026-04-09,"Standard","Atlantic","Social",14.65,0
12946,3701,2026-01-23,"Signature","Atlantic","Organic",18.78,0
12947,3054,2026-05-09,"Standard","Atlantic","Social",12.39,0
12948,2270,2026-05-06,"Standard","Atlantic","Social",12.9,1
12949,3988,2026-05-09,"Standard","Atlantic","Organic",15.38,0
12950,2398,2026-06-23,"Standard","Atlantic","Search",19.47,0
12951,3989,2026-03-07,"Standard","Atlantic","Organic",13.75,0
12952,2867,2026-03-15,"Signature","Ontario","Organic",23.29,0
12953,114,2026-06-20,"Standard","Atlantic","Retail_partner",12.08,0
12954,1958,2026-06-14,"Standard","Atlantic","Organic",15.59,0
12955,1169,2026-05-02,"Discovery","Atlantic","Referral",30.29,0
12956,333,2026-05-18,"Discovery","Atlantic","Organic",35.34,0
12957,96,2026-06-08,"Standard","Atlantic","Referral",14.38,0
12958,2325,2026-06-11,"Signature","Ontario","Organic",19.8,0
12959,1915,2026-06-08,"Standard","Ontario","Referral",13.44,0
12960,2426,2026-05-13,"Discovery","Ontario","Retail_partner",32,1
12961,2808,2026-05-17,"Signature","Atlantic","Referral",21.8,1
12962,3750,2026-04-12,"Discovery","Atlantic","Organic",32.27,0
12963,497,2026-06-19,"Discovery","Ontario","Search",33.22,1
12964,3988,2026-03-06,"Standard","Atlantic","Social",14.28,0
12965,2673,2026-06-11,"Signature","Atlantic","Organic",23.29,0
12966,3185,2026-05-23,"Standard","Atlantic","Organic",12.35,1
12967,3379,2026-01-01,"Signature","Atlantic","Social",19.11,1
12968,2352,2026-05-26,"Standard","Atlantic","Social",16.23,1
12969,2555,2026-01-07,"Standard","Atlantic","Referral",17.59,1
12970,1338,2026-04-23,"Standard","Atlantic","Organic",14.97,0
12971,3693,2026-05-13,"Signature","Atlantic","Organic",23.06,0
12972,1276,2026-05-08,"Standard","Atlantic","Referral",12.42,0
12973,299,2026-06-22,"Signature","Atlantic","Search",21.05,0
12974,2655,2026-05-18,"Standard","Atlantic","Organic",11.58,0
12975,1683,2026-06-26,"Signature","Atlantic","Referral",22.72,1
12976,606,2026-02-14,"Signature","Ontario","Referral",19.06,0
12977,2876,2026-01-13,"Signature","Atlantic","Social",22.88,0
12978,1264,2026-02-15,"Standard","Ontario","Retail_partner",18.2,0
12979,1274,2026-05-20,"Standard","Atlantic","Social",17.1,1
12980,1822,2026-04-24,"Standard","Atlantic","Social",15.6,0
12981,658,2026-03-15,"Standard","Atlantic","Referral",15.94,1
12982,120,2026-01-31,"Standard","Atlantic","Organic",9.83,0
12983,1015,2026-03-10,"Standard","Atlantic","Social",20.81,1
12984,455,2026-03-06,"Standard","Atlantic","Social",11.33,0
12985,2279,2026-06-23,"Standard","Atlantic","Referral",16.2,0
12986,1471,2026-02-01,"Discovery","Ontario","Retail_partner",32.71,0
12987,1987,2026-04-11,"Standard","Atlantic","Organic",16,0
12988,2888,2026-01-07,"Standard","Atlantic","Organic",14.2,0
12989,1614,2026-06-23,"Standard","Atlantic","Retail_partner",12.01,1
12990,2700,2026-02-03,"Standard","Atlantic","Referral",13.17,0
12991,1924,2026-02-05,"Signature","Ontario","Organic",21.88,1
12992,3450,2026-05-03,"Standard","Atlantic","Organic",18.06,0
12993,1006,2026-01-05,"Signature","Atlantic","Referral",21.63,0
12994,3367,2026-02-07,"Discovery","Atlantic","Social",32.76,0
12995,3958,2026-02-25,"Standard","Atlantic","Search",17.59,0
12996,3791,2026-06-04,"Signature","Atlantic","Social",23.25,0
12997,558,2026-06-11,"Standard","Atlantic","Organic",13.28,0
12998,3788,2026-05-04,"Signature","Ontario","Organic",25.39,0
12999,3639,2026-01-21,"Standard","Atlantic","Search",19.1,0
13000,3749,2026-04-13,"Discovery","Atlantic","Organic",28.19,1
13001,2146,2026-03-15,"Discovery","Atlantic","Organic",33.75,0
13002,484,2026-03-08,"Standard","Ontario","Social",17.9,1
13003,1038,2026-03-10,"Standard","Atlantic","Social",18.58,0
13004,2799,2026-06-16,"Standard","Atlantic","Organic",16.92,0
13005,3562,2026-04-25,"Discovery","Atlantic","Organic",30.11,0
13006,2705,2026-02-07,"Discovery","Ontario","Social",35.46,0
13007,794,2026-04-06,"Standard","Atlantic","Organic",13.58,1
13008,493,2026-03-14,"Standard","Atlantic","Social",12.39,1
13009,2379,2026-06-22,"Standard","Atlantic","Organic",12.9,1
13010,817,2026-04-01,"Signature","Atlantic","Organic",23.04,0
13011,3640,2026-06-22,"Standard","Atlantic","Social",13.52,0
13012,1838,2026-01-07,"Standard","Atlantic","Search",20.48,0
13013,1863,2026-01-03,"Standard","Atlantic","Social",12.72,0
13014,451,2026-05-09,"Signature","Atlantic","Referral",23.93,0
13015,3311,2026-01-06,"Signature","Atlantic","Organic",14.47,1
13016,1070,2026-01-07,"Standard","Atlantic","Retail_partner",14.57,0
13017,2909,2026-05-14,"Signature","Atlantic","Organic",20.78,0
13018,1887,2026-04-06,"Signature","Atlantic","Social",25.45,1
13019,327,2026-06-23,"Standard","Atlantic","Organic",11.76,0
13020,1102,2026-01-17,"Discovery","Ontario","Social",34.84,0
13021,2027,2026-04-24,"Signature","Atlantic","Social",26.72,0
13022,2905,2026-04-05,"Standard","Ontario","Social",15.87,0
13023,3818,2026-05-29,"Signature","Ontario","Referral",20.79,0
13024,1553,2026-06-22,"Standard","Atlantic","Organic",16.27,1
13025,2208,2026-04-20,"Standard","Ontario","Organic",11.36,1
13026,3084,2026-06-17,"Signature","Atlantic","Organic",20.7,1
13027,3440,2026-05-31,"Standard","Ontario","Search",14.5,0
13028,2862,2026-02-06,"Standard","Atlantic","Organic",19.74,0
13029,2165,2026-02-05,"Standard","Atlantic","Organic",19.99,0
13030,2475,2026-06-22,"Standard","Atlantic","Organic",15.77,0
13031,2751,2026-04-04,"Standard","Ontario","Organic",17.08,0
13032,3707,2026-07-01,"Standard","Ontario","Organic",16.55,1
13033,399,2026-01-22,"Standard","Ontario","Retail_partner",17.85,0
13034,1858,2026-04-12,"Discovery","Atlantic","Organic",36.67,1
13035,2380,2026-01-12,"Standard","Ontario","Search",14.51,0
13036,379,2026-05-29,"Standard","Atlantic","Social",15,0
13037,2937,2026-01-19,"Standard","Atlantic","Referral",13.1,1
13038,2001,2026-06-11,"Standard","Atlantic","Social",15.21,0
13039,2538,2026-01-26,"Standard","Atlantic","Organic",10.41,0
13040,403,2026-04-04,"Standard","Ontario","Social",14.34,0
13041,3918,2026-03-15,"Standard","Atlantic","Referral",12.1,1
13042,290,2026-02-15,"Standard","Atlantic","Referral",14.47,0
13043,1407,2026-01-27,"Signature","Atlantic","Organic",26.99,0
13044,1523,2026-05-20,"Standard","Atlantic","Organic",13.39,1
13045,2208,2026-04-26,"Signature","Ontario","Organic",19.86,0
13046,3001,2026-01-13,"Standard","Atlantic","Social",19.31,0
13047,2980,2026-03-11,"Standard","Atlantic","Social",14.59,0
13048,1580,2026-02-04,"Standard","Atlantic","Organic",14.63,0
13049,2104,2026-05-20,"Standard","Atlantic","Social",15.9,1
13050,2708,2026-01-26,"Signature","Atlantic","Social",24.98,0
13051,1312,2026-05-19,"Discovery","Atlantic","Referral",31.55,0
13052,3792,2026-01-24,"Standard","Atlantic","Search",14.34,0
13053,1582,2026-06-27,"Signature","Atlantic","Search",22,0
13054,3681,2026-04-01,"Standard","Atlantic","Organic",16.82,0
13055,3483,2026-06-08,"Standard","Atlantic","Social",15.15,0
13056,1310,2026-02-20,"Standard","Atlantic","Organic",16.87,1
13057,3561,2026-02-13,"Standard","Atlantic","Social",16.86,1
13058,2243,2026-04-10,"Standard","Atlantic","Social",15.18,1
13059,2952,2026-04-12,"Discovery","Atlantic","Organic",30.24,1
13060,2966,2026-06-17,"Standard","Atlantic","Social",11.76,0
13061,3639,2026-02-13,"Signature","Atlantic","Social",20.96,0
13062,1802,2026-06-08,"Standard","Atlantic","Organic",14.15,0
13063,2116,2026-05-30,"Signature","Atlantic","Social",27.11,0
13064,3394,2026-05-29,"Standard","Atlantic","Referral",13.72,0
13065,914,2026-01-01,"Discovery","Ontario","Search",36.16,0
13066,988,2026-06-03,"Standard","Atlantic","Search",15.7,0
13067,1126,2026-04-03,"Signature","Atlantic","Search",24.61,0
13068,2749,2026-06-11,"Standard","Atlantic","Organic",11.75,0
13069,2930,2026-01-05,"Signature","Atlantic","Social",24.62,1
13070,3857,2026-02-23,"Discovery","Atlantic","Social",34.41,0
13071,3555,2026-01-27,"Signature","Ontario","Organic",25.24,0
13072,2533,2026-03-17,"Standard","Atlantic","Search",17.37,0
13073,374,2026-06-24,"Standard","Ontario","Social",15.57,0
13074,1186,2026-01-01,"Discovery","Atlantic","Search",26.55,0
13075,1661,2026-01-19,"Standard","Atlantic","Social",12.4,0
13076,580,2026-03-19,"Standard","Atlantic","Social",15.39,0
13077,3253,2026-02-05,"Standard","Atlantic","Referral",20.7,1
13078,19,2026-05-30,"Standard","Ontario","Social",16.22,0
13079,3475,2026-06-09,"Discovery","Ontario","Retail_partner",36.65,0
13080,334,2026-02-13,"Signature","Atlantic","Retail_partner",19.95,0
13081,2581,2026-03-06,"Standard","Atlantic","Retail_partner",12.59,0
13082,1808,2026-03-01,"Signature","Ontario","Search",21.54,1
13083,3764,2026-03-11,"Standard","Atlantic","Retail_partner",21.04,0
13084,1822,2026-01-13,"Discovery","Atlantic","Organic",31.22,1
13085,2547,2026-05-21,"Signature","Atlantic","Retail_partner",20.8,0
13086,1488,2026-05-20,"Discovery","Ontario","Referral",34.88,0
13087,2031,2026-06-24,"Standard","Atlantic","Social",15.98,0
13088,213,2026-02-16,"Signature","Atlantic","Social",23.27,0
13089,2646,2026-02-13,"Standard","Atlantic","Organic",10.07,1
13090,2948,2026-03-13,"Discovery","Atlantic","Organic",33.23,0
13091,429,2026-03-30,"Signature","Atlantic","Organic",22.63,0
13092,3222,2026-01-27,"Standard","Atlantic","Social",18.2,0
13093,2716,2026-04-10,"Discovery","Atlantic","Referral",30.32,1
13094,2066,2026-05-10,"Signature","Atlantic","Organic",21.83,1
13095,383,2026-01-26,"Standard","Atlantic","Referral",13.14,1
13096,2571,2026-01-25,"Standard","Atlantic","Organic",17.25,1
13097,2537,2026-01-24,"Signature","Atlantic","Retail_partner",21.43,0
13098,926,2026-01-14,"Discovery","Atlantic","Organic",32.79,0
13099,3874,2026-03-28,"Signature","Ontario","Search",21.78,0
13100,1010,2026-03-19,"Signature","Atlantic","Social",21.58,0
13101,352,2026-04-04,"Signature","Ontario","Social",19.95,0
13102,608,2026-05-22,"Standard","Atlantic","Organic",12.64,0
13103,3514,2026-05-25,"Standard","Atlantic","Referral",11.54,0
13104,2150,2026-01-01,"Signature","Atlantic","Search",22.4,1
13105,2343,2026-02-25,"Discovery","Ontario","Search",35.95,0
13106,587,2026-02-10,"Signature","Atlantic","Social",25.24,0
13107,438,2026-01-13,"Standard","Atlantic","Search",15.52,0
13108,2288,2026-06-27,"Standard","Atlantic","Referral",16.33,0
13109,368,2026-03-13,"Standard","Atlantic","Organic",13.84,0
13110,374,2026-03-05,"Standard","Atlantic","Search",15.22,1
13111,991,2026-05-05,"Standard","Atlantic","Referral",12.61,0
13112,1373,2026-05-11,"Discovery","Atlantic","Social",31.06,0
13113,2910,2026-01-09,"Standard","Atlantic","Organic",15.87,0
13114,693,2026-01-13,"Standard","Atlantic","Organic",13.47,0
13115,1048,2026-05-14,"Signature","Ontario","Organic",24.7,1
13116,3351,2026-05-13,"Standard","Atlantic","Retail_partner",15.08,0
13117,413,2026-02-08,"Signature","Atlantic","Search",19.97,1
13118,884,2026-02-21,"Standard","Atlantic","Organic",13.35,1
13119,2956,2026-04-15,"Standard","Ontario","Referral",16.01,0
13120,2480,2026-01-04,"Signature","Atlantic","Organic",24.93,1
13121,3270,2026-05-26,"Discovery","Atlantic","Social",33.37,0
13122,1142,2026-03-01,"Standard","Atlantic","Organic",13.5,0
13123,900,2026-03-10,"Standard","Atlantic","Social",16.66,0
13124,2818,2026-06-29,"Standard","Atlantic","Search",18.01,1
13125,2475,2026-05-11,"Standard","Atlantic","Organic",15.88,1
13126,3989,2026-06-02,"Standard","Atlantic","Social",10.48,1
13127,2977,2026-05-28,"Signature","Ontario","Organic",22.59,0
13128,1313,2026-05-22,"Standard","Atlantic","Retail_partner",14.33,0
13129,3721,2026-03-21,"Signature","Atlantic","Organic",25.31,0
13130,797,2026-04-14,"Signature","Atlantic","Organic",24.56,0
13131,1351,2026-04-07,"Standard","Atlantic","Referral",12.35,0
13132,2132,2026-02-20,"Standard","Ontario","Organic",20.18,0
13133,3226,2026-05-19,"Signature","Atlantic","Retail_partner",20.7,1
13134,3416,2026-05-26,"Signature","Atlantic","Retail_partner",17.83,1
13135,3978,2026-05-01,"Standard","Atlantic","Organic",19.24,1
13136,2342,2026-05-27,"Standard","Atlantic","Social",13.8,0
13137,3596,2026-05-31,"Signature","Atlantic","Search",20.37,0
13138,3950,2026-03-27,"Standard","Ontario","Retail_partner",17.27,0
13139,11,2026-01-11,"Standard","Ontario","Social",12.93,1
13140,493,2026-03-12,"Signature","Atlantic","Organic",23.14,0
13141,2605,2026-04-14,"Signature","Ontario","Search",26.73,0
13142,2294,2026-01-18,"Discovery","Ontario","Referral",34.37,0
13143,999,2026-02-09,"Standard","Atlantic","Social",10.75,1
13144,2342,2026-05-23,"Standard","Atlantic","Search",16.22,1
13145,2965,2026-05-03,"Standard","Atlantic","Social",12.72,0
13146,1394,2026-05-24,"Standard","Atlantic","Social",10.81,1
13147,3413,2026-05-27,"Signature","Atlantic","Retail_partner",22.33,0
13148,577,2026-05-11,"Standard","Atlantic","Referral",13.65,0
13149,2055,2026-06-10,"Signature","Atlantic","Search",21.35,0
13150,1597,2026-01-21,"Discovery","Atlantic","Search",32.49,0
13151,3846,2026-03-11,"Standard","Atlantic","Organic",15.03,0
13152,2015,2026-02-24,"Signature","Atlantic","Search",18.68,0
13153,841,2026-06-20,"Standard","Ontario","Organic",18.16,1
13154,228,2026-03-05,"Signature","Atlantic","Referral",22.82,0
13155,511,2026-06-30,"Signature","Atlantic","Organic",21.99,0
13156,2553,2026-06-25,"Discovery","Atlantic","Search",33.25,0
13157,498,2026-01-04,"Standard","Atlantic","Social",14.38,0
13158,3117,2026-04-02,"Standard","Ontario","Organic",15.71,0
13159,3732,2026-04-17,"Standard","Atlantic","Search",15.46,1
13160,1415,2026-04-10,"Discovery","Atlantic","Search",33.66,0
13161,2884,2026-05-18,"Signature","Atlantic","Organic",21.37,1
13162,855,2026-06-18,"Standard","Ontario","Search",18.75,1
13163,3630,2026-02-28,"Standard","Atlantic","Organic",13.75,0
13164,1088,2026-04-17,"Standard","Ontario","Search",18.22,0
13165,308,2026-02-19,"Signature","Atlantic","Organic",25.14,0
13166,1077,2026-03-22,"Standard","Atlantic","Retail_partner",15.12,1
13167,1188,2026-01-03,"Standard","Atlantic","Organic",12.54,0
13168,262,2026-06-18,"Signature","Atlantic","Social",22.13,0
13169,1722,2026-06-12,"Signature","Atlantic","Search",25.41,1
13170,3087,2026-01-26,"Standard","Atlantic","Search",18,0
13171,578,2026-05-02,"Standard","Atlantic","Retail_partner",19.45,0
13172,3602,2026-04-09,"Standard","Atlantic","Organic",18.77,0
13173,3962,2026-06-10,"Signature","Atlantic","Referral",21.89,0
13174,1963,2026-06-29,"Signature","Atlantic","Search",24.22,0
13175,1959,2026-01-27,"Standard","Atlantic","Search",8.36,1
13176,2954,2026-01-20,"Standard","Atlantic","Organic",13.82,0
13177,1367,2026-05-17,"Standard","Ontario","Search",15.89,0
13178,3854,2026-03-06,"Discovery","Ontario","Organic",33.96,0
13179,2549,2026-04-17,"Signature","Atlantic","Retail_partner",22.38,0
13180,2694,2026-02-21,"Standard","Atlantic","Referral",14.96,0
13181,2134,2026-01-31,"Discovery","Atlantic","Organic",31.24,0
13182,1857,2026-03-20,"Standard","Atlantic","Social",16.13,1
13183,3809,2026-03-29,"Signature","Atlantic","Search",27.29,0
13184,3001,2026-04-27,"Signature","Atlantic","Search",22.38,0
13185,1563,2026-01-25,"Standard","Atlantic","Referral",12.88,0
13186,2626,2026-02-21,"Signature","Atlantic","Retail_partner",21.19,0
13187,585,2026-02-09,"Standard","Atlantic","Organic",14.43,1
13188,2599,2026-02-20,"Standard","Atlantic","Organic",17.71,1
13189,461,2026-03-19,"Signature","Atlantic","Search",26.44,0
13190,2845,2026-03-13,"Standard","Ontario","Social",21.84,0
13191,3550,2026-02-24,"Standard","Atlantic","Social",12.99,1
13192,2376,2026-05-01,"Standard","Ontario","Referral",13.07,0
13193,470,2026-05-29,"Signature","Atlantic","Retail_partner",22.69,0
13194,3416,2026-02-23,"Standard","Atlantic","Search",15.42,0
13195,957,2026-02-07,"Standard","Atlantic","Organic",15.55,0
13196,2030,2026-01-21,"Standard","Atlantic","Organic",9.89,0
13197,767,2026-04-11,"Signature","Atlantic","Retail_partner",21.86,0
13198,308,2026-04-17,"Signature","Atlantic","Organic",23.32,0
13199,1365,2026-03-28,"Standard","Atlantic","Social",15.54,0
13200,919,2026-04-11,"Signature","Atlantic","Social",24.56,1
13201,461,2026-03-12,"Signature","Atlantic","Search",25.25,0
13202,3012,2026-06-11,"Signature","Atlantic","Search",22.17,1
13203,1075,2026-04-16,"Signature","Atlantic","Organic",23.45,0
13204,614,2026-01-16,"Standard","Atlantic","Search",15.63,0
13205,2233,2026-05-02,"Signature","Atlantic","Organic",20.76,0
13206,3066,2026-01-01,"Signature","Atlantic","Organic",19.15,0
13207,3811,2026-04-05,"Standard","Ontario","Organic",14.19,0
13208,1105,2026-01-02,"Standard","Atlantic","Retail_partner",18.83,0
13209,2922,2026-05-01,"Discovery","Atlantic","Referral",32.48,0
13210,1241,2026-04-23,"Discovery","Atlantic","Search",39.82,1
13211,1883,2026-01-17,"Standard","Atlantic","Organic",13.54,0
13212,1009,2026-03-06,"Standard","Atlantic","Organic",20.91,0
13213,3984,2026-06-08,"Standard","Ontario","Social",13.84,1
13214,3914,2026-02-20,"Signature","Atlantic","Organic",22.26,1
13215,1370,2026-03-23,"Standard","Ontario","Social",15.3,1
13216,2256,2026-04-18,"Standard","Atlantic","Referral",15.58,0
13217,3202,2026-03-14,"Signature","Ontario","Referral",26.5,0
13218,3747,2026-03-09,"Standard","Ontario","Retail_partner",14.96,0
13219,1709,2026-03-02,"Signature","Atlantic","Organic",20.94,0
13220,1799,2026-02-28,"Signature","Ontario","Social",21.47,0
13221,565,2026-06-11,"Standard","Atlantic","Social",14.27,1
13222,1093,2026-04-15,"Signature","Atlantic","Organic",24.64,0
13223,2636,2026-06-13,"Discovery","Atlantic","Social",37.22,0
13224,2525,2026-05-16,"Discovery","Atlantic","Retail_partner",30.52,0
13225,1460,2026-03-06,"Signature","Atlantic","Organic",21.55,0
13226,2122,2026-05-26,"Discovery","Atlantic","Search",33.92,0
13227,318,2026-05-14,"Standard","Atlantic","Organic",14.25,0
13228,3197,2026-01-12,"Signature","Atlantic","Retail_partner",15.03,0
13229,3337,2026-02-18,"Standard","Atlantic","Organic",13.05,0
13230,1584,2026-05-21,"Discovery","Atlantic","Social",33.48,1
13231,3038,2026-06-22,"Standard","Atlantic","Search",18.18,0
13232,3816,2026-01-25,"Signature","Atlantic","Organic",19.09,0
13233,3331,2026-01-04,"Standard","Atlantic","Social",17.28,0
13234,1160,2026-01-02,"Standard","Atlantic","Referral",13.86,0
13235,136,2026-02-14,"Standard","Atlantic","Organic",15.1,0
13236,2167,2026-02-03,"Signature","Atlantic","Social",19.49,0
13237,3373,2026-06-15,"Standard","Ontario","Organic",17.85,1
13238,2567,2026-06-11,"Standard","Atlantic","Retail_partner",17.75,0
13239,1997,2026-04-07,"Discovery","Atlantic","Search",32.92,1
13240,173,2026-04-04,"Standard","Atlantic","Social",13.67,0
13241,3562,2026-05-14,"Standard","Atlantic","Referral",14.78,0
13242,3218,2026-04-16,"Discovery","Atlantic","Search",29.97,0
13243,412,2026-06-08,"Discovery","Atlantic","Search",28.94,1
13244,82,2026-01-29,"Standard","Atlantic","Organic",13.14,0
13245,167,2026-01-08,"Signature","Atlantic","Organic",18.48,1
13246,2522,2026-03-29,"Discovery","Ontario","Social",36.06,1
13247,1280,2026-02-28,"Signature","Atlantic","Retail_partner",24.89,0
13248,1568,2026-06-29,"Standard","Atlantic","Organic",15.23,1
13249,1903,2026-06-15,"Standard","Atlantic","Social",12.91,0
13250,2639,2026-01-17,"Standard","Atlantic","Retail_partner",16.47,0
13251,3942,2026-04-06,"Standard","Ontario","Organic",13.22,0
13252,3075,2026-05-11,"Signature","Atlantic","Referral",20.15,1
13253,3509,2026-05-11,"Standard","Atlantic","Organic",15.26,1
13254,369,2026-02-10,"Signature","Atlantic","Search",18.7,0
13255,50,2026-03-28,"Signature","Atlantic","Search",21.01,0
13256,553,2026-06-15,"Signature","Atlantic","Referral",17.13,1
13257,1410,2026-03-31,"Standard","Atlantic","Referral",14.61,1
13258,3522,2026-02-16,"Discovery","Atlantic","Referral",32.46,0
13259,3178,2026-04-13,"Discovery","Atlantic","Retail_partner",31.76,0
13260,184,2026-01-02,"Standard","Atlantic","Search",13.9,0
13261,3458,2026-02-19,"Discovery","Atlantic","Social",30.49,0
13262,1163,2026-05-12,"Signature","Ontario","Organic",22.88,0
13263,209,2026-05-18,"Standard","Atlantic","Search",18.22,1
13264,3581,2026-06-09,"Standard","Ontario","Organic",15.54,0
13265,147,2026-06-29,"Signature","Atlantic","Organic",24.04,0
13266,2825,2026-02-27,"Discovery","Atlantic","Social",32.21,0
13267,1121,2026-05-09,"Signature","Atlantic","Search",16.92,0
13268,177,2026-05-27,"Standard","Atlantic","Retail_partner",10.29,0
13269,286,2026-02-20,"Standard","Atlantic","Organic",18.36,1
13270,2770,2026-02-17,"Standard","Ontario","Referral",12.03,0
13271,974,2026-05-20,"Signature","Atlantic","Organic",26.74,0
13272,3394,2026-01-28,"Discovery","Atlantic","Search",28.86,0
13273,3873,2026-01-08,"Signature","Ontario","Social",25.3,0
13274,3720,2026-06-13,"Standard","Atlantic","Search",13.87,1
13275,3859,2026-01-27,"Signature","Atlantic","Organic",25.22,0
13276,785,2026-05-11,"Standard","Atlantic","Social",16.95,1
13277,3440,2026-05-29,"Standard","Atlantic","Retail_partner",13.8,0
13278,1993,2026-01-23,"Signature","Atlantic","Search",25.12,0
13279,2742,2026-06-19,"Standard","Ontario","Social",18.02,0
13280,3820,2026-05-13,"Signature","Ontario","Organic",19.79,0
13281,1791,2026-02-23,"Standard","Atlantic","Search",15.42,1
13282,1076,2026-04-02,"Standard","Ontario","Social",21.24,0
13283,2821,2026-05-03,"Standard","Atlantic","Social",14.41,0
13284,359,2026-03-24,"Standard","Ontario","Retail_partner",13.14,1
13285,2842,2026-03-11,"Signature","Ontario","Social",22.49,0
13286,3534,2026-01-15,"Discovery","Atlantic","Organic",28.4,0
13287,2047,2026-01-17,"Signature","Ontario","Referral",23.33,0
13288,1792,2026-06-17,"Discovery","Atlantic","Organic",29.98,0
13289,2145,2026-04-30,"Standard","Atlantic","Search",11.6,0
13290,272,2026-04-11,"Standard","Atlantic","Search",17.05,1
13291,361,2026-02-24,"Standard","Atlantic","Search",10.87,1
13292,796,2026-01-27,"Standard","Atlantic","Referral",11.68,1
13293,2689,2026-04-04,"Signature","Atlantic","Referral",22.89,0
13294,1722,2026-02-04,"Standard","Atlantic","Organic",16.59,0
13295,818,2026-02-19,"Standard","Atlantic","Organic",12.23,0
13296,1455,2026-04-06,"Standard","Atlantic","Organic",15.2,0
13297,3224,2026-03-03,"Standard","Ontario","Organic",14.18,1
13298,1962,2026-06-04,"Signature","Atlantic","Referral",27.9,1
13299,2269,2026-02-17,"Standard","Atlantic","Social",17.76,0
13300,3600,2026-01-30,"Standard","Atlantic","Organic",16.73,0
13301,1683,2026-01-21,"Standard","Atlantic","Referral",13.05,0
13302,3502,2026-04-13,"Signature","Ontario","Referral",23.04,0
13303,3976,2026-03-02,"Signature","Atlantic","Organic",22.96,0
13304,3490,2026-05-23,"Standard","Atlantic","Search",13.48,0
13305,3225,2026-05-14,"Signature","Atlantic","Retail_partner",24.22,0
13306,2014,2026-06-05,"Discovery","Atlantic","Organic",32.59,0
13307,3662,2026-04-18,"Signature","Atlantic","Organic",22.47,0
13308,2000,2026-02-15,"Signature","Ontario","Social",23.76,0
13309,1062,2026-04-21,"Standard","Ontario","Organic",18.34,0
13310,2603,2026-06-30,"Signature","Atlantic","Search",20.36,0
13311,23,2026-01-14,"Standard","Atlantic","Search",16.23,0
13312,2762,2026-03-31,"Standard","Atlantic","Search",15.77,0
13313,744,2026-01-24,"Signature","Atlantic","Search",21.77,0
13314,3333,2026-03-19,"Standard","Atlantic","Organic",18.08,0
13315,436,2026-06-27,"Standard","Atlantic","Social",17.03,1
13316,2890,2026-01-29,"Standard","Atlantic","Search",16.54,0
13317,2182,2026-02-01,"Standard","Atlantic","Social",16.16,0
13318,1804,2026-01-10,"Signature","Atlantic","Social",21.99,0
13319,478,2026-03-21,"Standard","Ontario","Organic",19.37,0
13320,1843,2026-01-12,"Standard","Atlantic","Referral",16.33,0
13321,3295,2026-03-22,"Standard","Atlantic","Social",12.19,0
13322,1676,2026-02-13,"Discovery","Atlantic","Retail_partner",28.91,1
13323,3136,2026-05-22,"Standard","Ontario","Search",14.92,0
13324,1058,2026-01-16,"Standard","Atlantic","Organic",10.81,0
13325,820,2026-01-25,"Discovery","Atlantic","Referral",35.2,0
13326,2822,2026-01-10,"Standard","Ontario","Referral",17.56,1
13327,815,2026-01-16,"Discovery","Atlantic","Social",32.46,0
13328,91,2026-04-24,"Discovery","Atlantic","Referral",35.63,0
13329,3495,2026-03-23,"Standard","Atlantic","Referral",14.63,0
13330,38,2026-04-29,"Standard","Atlantic","Organic",13.39,0
13331,1884,2026-04-02,"Discovery","Atlantic","Referral",35.17,0
13332,1652,2026-01-18,"Standard","Atlantic","Organic",15.77,0
13333,1263,2026-03-15,"Standard","Atlantic","Organic",11.89,0
13334,2265,2026-06-24,"Standard","Atlantic","Referral",11.9,0
13335,1519,2026-04-18,"Signature","Atlantic","Social",20.25,0
13336,3103,2026-02-19,"Standard","Atlantic","Search",15.65,1
13337,1731,2026-05-14,"Discovery","Atlantic","Search",31.38,0
13338,2936,2026-04-21,"Standard","Atlantic","Organic",10.67,1
13339,1964,2026-06-21,"Signature","Atlantic","Referral",21.84,0
13340,930,2026-02-12,"Standard","Ontario","Referral",10.2,0
13341,722,2026-01-25,"Standard","Atlantic","Retail_partner",14.67,1
13342,2443,2026-06-11,"Standard","Atlantic","Search",8.44,0
13343,3423,2026-02-28,"Signature","Atlantic","Organic",24.09,0
13344,534,2026-01-02,"Standard","Atlantic","Organic",18.36,0
13345,3391,2026-04-17,"Discovery","Atlantic","Search",31.57,0
13346,3442,2026-01-30,"Signature","Ontario","Retail_partner",20.63,0
13347,480,2026-01-19,"Standard","Atlantic","Referral",15.47,0
13348,1796,2026-01-28,"Standard","Atlantic","Organic",17.17,1
13349,1503,2026-01-31,"Signature","Atlantic","Organic",20.67,0
13350,2954,2026-04-30,"Signature","Ontario","Social",26.61,0
13351,3557,2026-03-01,"Standard","Atlantic","Social",16.88,0
13352,3764,2026-03-21,"Standard","Atlantic","Organic",18.78,1
13353,570,2026-05-29,"Standard","Atlantic","Organic",12.28,0
13354,2364,2026-02-11,"Signature","Atlantic","Organic",19.9,0
13355,3042,2026-04-28,"Discovery","Atlantic","Social",36.55,0
13356,1453,2026-05-05,"Discovery","Atlantic","Retail_partner",32.97,1
13357,3511,2026-06-11,"Standard","Atlantic","Organic",9.98,0
13358,870,2026-06-15,"Signature","Atlantic","Social",29.54,0
13359,1588,2026-03-08,"Standard","Ontario","Social",10.56,1
13360,114,2026-04-23,"Standard","Atlantic","Organic",19.31,0
13361,3776,2026-05-10,"Discovery","Atlantic","Social",30.67,0
13362,3550,2026-05-02,"Signature","Atlantic","Organic",22.78,0
13363,3649,2026-01-03,"Signature","Atlantic","Social",24.87,0
13364,546,2026-04-27,"Standard","Ontario","Social",18.41,0
13365,184,2026-05-12,"Discovery","Atlantic","Retail_partner",29.79,0
13366,767,2026-05-13,"Signature","Atlantic","Search",21.72,0
13367,3563,2026-03-17,"Signature","Atlantic","Referral",22.54,0
13368,830,2026-05-17,"Standard","Atlantic","Social",14.71,0
13369,1006,2026-03-13,"Signature","Atlantic","Search",23.86,0
13370,112,2026-06-03,"Standard","Atlantic","Search",14.79,1
13371,810,2026-05-11,"Standard","Atlantic","Organic",12.18,1
13372,3614,2026-03-17,"Signature","Atlantic","Social",22.79,0
13373,3249,2026-03-17,"Signature","Ontario","Organic",27.32,1
13374,1010,2026-04-28,"Signature","Ontario","Referral",20.47,1
13375,2920,2026-01-19,"Standard","Atlantic","Organic",14.19,0
13376,2483,2026-02-24,"Standard","Atlantic","Organic",13.57,1
13377,3782,2026-01-30,"Standard","Atlantic","Organic",17.14,0
13378,1358,2026-03-07,"Standard","Ontario","Search",21.87,1
13379,3936,2026-03-14,"Standard","Atlantic","Social",13.1,0
13380,1304,2026-01-25,"Signature","Atlantic","Organic",26.24,0
13381,3645,2026-05-27,"Standard","Atlantic","Referral",13.15,0
13382,426,2026-01-12,"Standard","Ontario","Search",17.57,0
13383,1603,2026-05-22,"Signature","Atlantic","Search",20.67,1
13384,447,2026-02-22,"Signature","Atlantic","Organic",22.99,1
13385,3820,2026-02-24,"Discovery","Ontario","Social",35.68,0
13386,1814,2026-02-06,"Standard","Atlantic","Organic",11.35,0
13387,1520,2026-05-22,"Signature","Ontario","Social",19.48,0
13388,2762,2026-07-01,"Standard","Ontario","Search",12.65,0
13389,1997,2026-02-04,"Standard","Atlantic","Organic",21.93,0
13390,3347,2026-04-19,"Standard","Atlantic","Social",10.52,1
13391,217,2026-01-07,"Standard","Atlantic","Organic",17.26,0
13392,2603,2026-04-02,"Standard","Ontario","Social",14.63,0
13393,541,2026-06-19,"Standard","Atlantic","Social",14.57,0
13394,2152,2026-07-01,"Standard","Atlantic","Referral",14.64,0
13395,3596,2026-05-22,"Signature","Atlantic","Social",24.32,0
13396,1550,2026-05-15,"Standard","Atlantic","Social",13.47,1
13397,3636,2026-06-25,"Standard","Atlantic","Organic",12.37,0
13398,3597,2026-03-04,"Signature","Atlantic","Organic",24.64,0
13399,738,2026-02-14,"Signature","Atlantic","Social",22.51,0
13400,2555,2026-05-27,"Signature","Atlantic","Organic",19.01,0
13401,967,2026-01-17,"Standard","Atlantic","Organic",17.43,1
13402,1177,2026-01-08,"Standard","Atlantic","Social",16.82,0
13403,210,2026-02-14,"Standard","Atlantic","Search",20.63,0
13404,1869,2026-03-02,"Standard","Atlantic","Social",12.83,0
13405,501,2026-06-13,"Discovery","Atlantic","Search",32.19,0
13406,2630,2026-06-12,"Standard","Atlantic","Search",12.47,0
13407,2563,2026-03-10,"Discovery","Atlantic","Referral",30.16,0
13408,2800,2026-02-02,"Standard","Atlantic","Organic",12.78,0
13409,2810,2026-03-02,"Signature","Atlantic","Social",22.91,0
13410,665,2026-02-11,"Standard","Atlantic","Organic",14.41,0
13411,319,2026-03-27,"Signature","Atlantic","Organic",25.16,0
13412,292,2026-01-12,"Signature","Atlantic","Social",24.67,0
13413,3061,2026-06-23,"Standard","Atlantic","Organic",16.84,0
13414,3906,2026-06-26,"Signature","Atlantic","Search",20.63,0
13415,3396,2026-04-04,"Standard","Atlantic","Referral",17.46,0
13416,2140,2026-01-05,"Standard","Atlantic","Search",15.99,1
13417,1832,2026-04-04,"Standard","Atlantic","Referral",11.35,0
13418,373,2026-06-29,"Signature","Ontario","Referral",21.55,0
13419,2000,2026-05-26,"Signature","Atlantic","Organic",25.82,0
13420,505,2026-04-19,"Standard","Atlantic","Social",16.23,1
13421,143,2026-03-02,"Standard","Atlantic","Organic",14.28,0
13422,202,2026-02-14,"Standard","Atlantic","Retail_partner",11.19,1
13423,57,2026-02-13,"Standard","Ontario","Organic",15.73,0
13424,3748,2026-01-29,"Standard","Atlantic","Search",11.88,0
13425,1142,2026-02-26,"Standard","Ontario","Referral",14.56,1
13426,2087,2026-01-21,"Discovery","Ontario","Retail_partner",31.01,0
13427,944,2026-03-26,"Standard","Ontario","Organic",13.8,0
13428,2075,2026-05-03,"Standard","Atlantic","Organic",19.29,0
13429,1669,2026-06-17,"Signature","Ontario","Referral",24.11,0
13430,3391,2026-02-07,"Standard","Atlantic","Organic",9.5,0
13431,389,2026-01-22,"Standard","Ontario","Referral",16.02,1
13432,1533,2026-03-16,"Standard","Atlantic","Retail_partner",16.23,0
13433,1599,2026-04-19,"Standard","Atlantic","Organic",12.67,0
13434,713,2026-04-25,"Signature","Atlantic","Organic",25,0
13435,1453,2026-05-01,"Standard","Atlantic","Organic",15.06,0
13436,1885,2026-02-18,"Standard","Atlantic","Referral",14.9,0
13437,1925,2026-06-23,"Signature","Atlantic","Retail_partner",19.89,0
13438,1449,2026-04-06,"Signature","Ontario","Retail_partner",21.06,1
13439,3226,2026-06-16,"Standard","Atlantic","Social",14.59,0
13440,1120,2026-04-12,"Standard","Ontario","Search",20.34,0
13441,57,2026-05-31,"Standard","Atlantic","Search",13.01,0
13442,934,2026-01-26,"Standard","Ontario","Social",20.39,0
13443,1673,2026-01-20,"Signature","Atlantic","Referral",24.12,0
13444,2769,2026-04-16,"Signature","Atlantic","Search",24.37,1
13445,234,2026-06-27,"Standard","Atlantic","Search",12.24,0
13446,2232,2026-04-26,"Discovery","Atlantic","Organic",31.41,0
13447,2826,2026-03-08,"Standard","Atlantic","Organic",17.15,0
13448,3381,2026-01-28,"Standard","Atlantic","Social",18.94,0
13449,1884,2026-05-10,"Standard","Atlantic","Search",16.1,1
13450,2309,2026-05-18,"Signature","Ontario","Organic",20.04,0
13451,1995,2026-04-26,"Standard","Atlantic","Social",17.18,0
13452,2564,2026-04-17,"Standard","Atlantic","Organic",17.96,0
13453,3929,2026-06-17,"Standard","Atlantic","Organic",14.58,0
13454,1208,2026-05-02,"Signature","Atlantic","Referral",22.86,1
13455,3762,2026-01-16,"Standard","Atlantic","Social",18.29,0
13456,833,2026-03-13,"Standard","Atlantic","Social",11.01,0
13457,2176,2026-02-15,"Standard","Atlantic","Search",15.72,0
13458,122,2026-06-04,"Signature","Atlantic","Social",23.95,0
13459,1945,2026-05-05,"Standard","Atlantic","Search",15.17,1
13460,2924,2026-03-15,"Signature","Atlantic","Organic",22.51,1
13461,1466,2026-03-09,"Standard","Atlantic","Organic",16.23,0
13462,3380,2026-06-09,"Standard","Atlantic","Social",17.79,1
13463,252,2026-06-13,"Standard","Ontario","Social",17.04,1
13464,3370,2026-05-23,"Standard","Atlantic","Search",11.62,1
13465,2811,2026-01-11,"Signature","Atlantic","Referral",19.97,0
13466,2562,2026-05-28,"Signature","Atlantic","Referral",22.91,1
13467,2917,2026-02-26,"Signature","Atlantic","Organic",24.23,1
13468,1157,2026-01-14,"Standard","Atlantic","Social",19.81,0
13469,2794,2026-04-16,"Signature","Atlantic","Organic",19.5,1
13470,488,2026-02-08,"Standard","Atlantic","Organic",16.58,0
13471,1881,2026-04-02,"Standard","Ontario","Search",12.89,0
13472,1574,2026-03-25,"Standard","Atlantic","Organic",12.88,0
13473,3046,2026-03-05,"Standard","Atlantic","Referral",17.99,0
13474,1280,2026-01-16,"Standard","Ontario","Search",15.81,0
13475,1085,2026-06-28,"Standard","Atlantic","Referral",21.16,1
13476,2421,2026-06-26,"Signature","Ontario","Social",22.15,0
13477,1345,2026-01-03,"Standard","Ontario","Organic",14.38,1
13478,599,2026-01-11,"Signature","Atlantic","Search",21.78,0
13479,3408,2026-04-27,"Discovery","Ontario","Search",32.39,0
13480,167,2026-06-03,"Standard","Ontario","Social",15.33,0
13481,1471,2026-01-17,"Standard","Atlantic","Social",12.15,0
13482,1502,2026-01-15,"Standard","Atlantic","Retail_partner",18.53,1
13483,3728,2026-03-10,"Standard","Atlantic","Referral",12.9,0
13484,443,2026-01-30,"Standard","Atlantic","Social",15.1,0
13485,1502,2026-06-30,"Signature","Atlantic","Social",20.87,0
13486,3864,2026-03-21,"Discovery","Atlantic","Organic",31.83,0
13487,2146,2026-02-07,"Signature","Ontario","Search",23.17,0
13488,1367,2026-02-21,"Signature","Atlantic","Social",18.33,1
13489,917,2026-06-02,"Standard","Ontario","Referral",17.21,0
13490,1911,2026-04-16,"Standard","Atlantic","Social",13.59,0
13491,2984,2026-03-02,"Standard","Atlantic","Search",16.91,0
13492,266,2026-02-14,"Standard","Atlantic","Search",17.02,1
13493,1244,2026-01-15,"Signature","Atlantic","Social",24.57,0
13494,2958,2026-03-03,"Signature","Atlantic","Referral",20.19,0
13495,714,2026-02-21,"Standard","Atlantic","Retail_partner",13.5,0
13496,3555,2026-04-30,"Standard","Atlantic","Social",16.56,0
13497,3399,2026-02-08,"Standard","Atlantic","Referral",14.21,0
13498,2797,2026-04-22,"Standard","Atlantic","Retail_partner",11.23,0
13499,3699,2026-05-19,"Signature","Atlantic","Organic",22,0
13500,3875,2026-04-25,"Standard","Atlantic","Retail_partner",14.27,0
13501,3649,2026-04-25,"Discovery","Atlantic","Organic",34.02,0
13502,1797,2026-06-10,"Standard","Ontario","Search",15.24,0
13503,748,2026-04-20,"Standard","Atlantic","Referral",13.44,0
13504,129,2026-06-27,"Signature","Atlantic","Social",23.54,0
13505,1840,2026-05-01,"Standard","Ontario","Organic",17.15,0
13506,1696,2026-01-22,"Standard","Atlantic","Organic",13.19,0
13507,157,2026-02-19,"Discovery","Atlantic","Organic",32.7,0
13508,2637,2026-01-26,"Standard","Ontario","Organic",10.75,0
13509,2087,2026-06-24,"Standard","Atlantic","Social",18.65,0
13510,1261,2026-06-16,"Signature","Atlantic","Social",23.69,0
13511,2048,2026-05-30,"Standard","Atlantic","Social",16.88,0
13512,2573,2026-01-16,"Signature","Atlantic","Referral",20.44,0
13513,796,2026-02-28,"Standard","Atlantic","Social",19.46,0
13514,3418,2026-03-31,"Standard","Ontario","Organic",13.02,0
13515,785,2026-01-12,"Standard","Atlantic","Retail_partner",14.72,0
13516,2812,2026-06-05,"Standard","Atlantic","Organic",13.01,1
13517,2586,2026-06-11,"Standard","Atlantic","Social",16.68,1
13518,3022,2026-01-01,"Standard","Atlantic","Search",19.58,1
13519,1390,2026-03-29,"Discovery","Atlantic","Organic",28.75,0
13520,3936,2026-04-17,"Signature","Ontario","Organic",23.21,0
13521,89,2026-02-14,"Signature","Atlantic","Retail_partner",23.18,0
13522,1752,2026-03-31,"Signature","Atlantic","Social",28.01,0
13523,1389,2026-01-18,"Signature","Atlantic","Organic",26.42,0
13524,953,2026-03-03,"Standard","Atlantic","Search",17.74,0
13525,329,2026-01-18,"Signature","Atlantic","Search",23.07,0
13526,2504,2026-01-15,"Standard","Atlantic","Organic",17.26,1
13527,2875,2026-01-14,"Discovery","Atlantic","Social",33.21,0
13528,3585,2026-05-05,"Standard","Atlantic","Organic",19.93,0
13529,3616,2026-01-09,"Discovery","Atlantic","Organic",28.38,0
13530,1461,2026-05-29,"Discovery","Atlantic","Organic",35.76,0
13531,1088,2026-04-01,"Discovery","Atlantic","Retail_partner",30.15,0
13532,737,2026-05-13,"Signature","Atlantic","Retail_partner",21.78,0
13533,3613,2026-01-17,"Signature","Atlantic","Search",21.71,0
13534,2710,2026-02-06,"Standard","Atlantic","Referral",13.46,0
13535,2369,2026-03-23,"Standard","Atlantic","Social",13.25,0
13536,1935,2026-06-05,"Signature","Atlantic","Retail_partner",18.45,0
13537,2386,2026-04-18,"Discovery","Atlantic","Organic",30.7,0
13538,1846,2026-02-17,"Standard","Ontario","Social",12.74,1
13539,2544,2026-05-16,"Standard","Atlantic","Organic",13.51,1
13540,2410,2026-04-28,"Signature","Atlantic","Organic",24.22,0
13541,2983,2026-06-28,"Standard","Atlantic","Search",23.77,0
13542,3619,2026-04-28,"Standard","Atlantic","Retail_partner",15.28,0
13543,3237,2026-02-01,"Standard","Atlantic","Search",17.39,0
13544,3024,2026-06-17,"Signature","Atlantic","Organic",26.53,0
13545,2450,2026-04-18,"Discovery","Atlantic","Organic",29.28,0
13546,2867,2026-01-03,"Standard","Ontario","Organic",18.52,1
13547,183,2026-06-15,"Standard","Ontario","Search",15.16,1
13548,3327,2026-01-13,"Standard","Ontario","Referral",17.05,0
13549,2189,2026-05-30,"Standard","Atlantic","Organic",17.17,1
13550,707,2026-06-12,"Signature","Atlantic","Organic",22.16,1
13551,2031,2026-05-01,"Signature","Ontario","Social",23.02,0
13552,1993,2026-07-01,"Signature","Ontario","Search",23.81,0
13553,1022,2026-02-22,"Signature","Atlantic","Organic",25.2,0
13554,3566,2026-02-23,"Standard","Atlantic","Organic",15.26,0
13555,1957,2026-02-23,"Discovery","Atlantic","Organic",33.57,1
13556,3305,2026-02-06,"Standard","Ontario","Retail_partner",18.03,1
13557,1014,2026-01-22,"Standard","Atlantic","Social",14.4,0
13558,387,2026-06-20,"Standard","Atlantic","Social",15.89,0
13559,7,2026-03-19,"Standard","Atlantic","Organic",11.67,0
13560,1450,2026-05-27,"Standard","Atlantic","Social",14.48,0
13561,1847,2026-04-11,"Standard","Ontario","Social",14.38,1
13562,3066,2026-03-03,"Discovery","Atlantic","Search",29.21,0
13563,2462,2026-05-19,"Standard","Atlantic","Retail_partner",15.76,0
13564,3308,2026-05-18,"Standard","Atlantic","Retail_partner",12.28,0
13565,3062,2026-05-22,"Discovery","Atlantic","Referral",31.81,0
13566,1323,2026-05-07,"Standard","Ontario","Social",14.59,0
13567,1961,2026-04-27,"Standard","Atlantic","Referral",16.07,0
13568,1298,2026-05-25,"Standard","Atlantic","Organic",16.61,0
13569,2875,2026-01-06,"Standard","Atlantic","Organic",16.09,0
13570,1169,2026-03-24,"Standard","Ontario","Search",17.41,0
13571,2146,2026-03-16,"Standard","Atlantic","Social",13.67,1
13572,1108,2026-01-27,"Standard","Atlantic","Search",17.38,0
13573,1662,2026-06-09,"Discovery","Atlantic","Organic",35.21,0
13574,3394,2026-03-29,"Discovery","Atlantic","Retail_partner",26.42,0
13575,1926,2026-06-24,"Standard","Atlantic","Search",15.33,0
13576,3647,2026-05-12,"Discovery","Atlantic","Social",29.01,0
13577,932,2026-05-23,"Standard","Atlantic","Referral",13.49,0
13578,532,2026-03-31,"Signature","Ontario","Social",25.16,0
13579,3964,2026-03-31,"Discovery","Atlantic","Search",30.5,0
13580,2619,2026-06-26,"Standard","Atlantic","Organic",15.28,0
13581,3217,2026-02-03,"Signature","Atlantic","Social",20.94,1
13582,828,2026-05-07,"Signature","Ontario","Referral",23.04,0
13583,1249,2026-01-17,"Standard","Ontario","Organic",20.46,0
13584,1005,2026-03-21,"Signature","Atlantic","Organic",20.53,0
13585,1078,2026-06-09,"Standard","Atlantic","Referral",16.31,0
13586,1470,2026-01-02,"Standard","Atlantic","Referral",18.93,0
13587,1025,2026-02-06,"Standard","Atlantic","Retail_partner",14.93,0
13588,3102,2026-06-11,"Signature","Ontario","Retail_partner",24.24,0
13589,2563,2026-02-26,"Standard","Atlantic","Organic",12.38,0
13590,2961,2026-04-16,"Standard","Atlantic","Organic",16.98,0
13591,771,2026-03-21,"Standard","Atlantic","Organic",20.39,0
13592,2617,2026-03-15,"Standard","Atlantic","Organic",11.06,0
13593,1485,2026-02-02,"Discovery","Atlantic","Search",33.49,0
13594,1764,2026-06-08,"Standard","Atlantic","Referral",15.76,0
13595,2389,2026-05-24,"Standard","Atlantic","Referral",13.76,0
13596,2468,2026-06-15,"Standard","Atlantic","Search",12.68,0
13597,2724,2026-06-01,"Standard","Atlantic","Organic",12.6,0
13598,2643,2026-03-11,"Standard","Atlantic","Organic",13.7,0
13599,1558,2026-04-09,"Standard","Ontario","Search",17.15,0
13600,2617,2026-02-20,"Discovery","Atlantic","Search",28.81,1
13601,3500,2026-02-04,"Discovery","Atlantic","Referral",38.26,0
13602,576,2026-02-19,"Standard","Atlantic","Social",13.18,1
13603,2216,2026-04-23,"Discovery","Ontario","Search",34.89,0
13604,597,2026-04-10,"Signature","Atlantic","Retail_partner",22.68,0
13605,1872,2026-05-14,"Discovery","Atlantic","Search",29.3,0
13606,3643,2026-05-23,"Standard","Ontario","Organic",13.97,0
13607,3941,2026-06-25,"Discovery","Atlantic","Organic",32.92,0
13608,3351,2026-03-25,"Standard","Atlantic","Organic",14.93,0
13609,1651,2026-06-07,"Standard","Ontario","Referral",22.98,0
13610,2772,2026-06-19,"Standard","Atlantic","Organic",17.6,1
13611,1799,2026-01-30,"Standard","Atlantic","Organic",10.49,0
13612,153,2026-06-01,"Standard","Atlantic","Organic",15.66,0
13613,1652,2026-02-05,"Standard","Atlantic","Social",16.41,1
13614,3654,2026-04-14,"Standard","Atlantic","Referral",14.78,0
13615,2586,2026-05-29,"Signature","Atlantic","Organic",22.74,0
13616,3655,2026-04-15,"Signature","Atlantic","Organic",24.67,0
13617,3258,2026-01-05,"Discovery","Ontario","Retail_partner",32.44,0
13618,3350,2026-02-12,"Standard","Ontario","Search",18.79,1
13619,2168,2026-03-11,"Standard","Atlantic","Social",13.01,1
13620,2084,2026-03-18,"Standard","Atlantic","Referral",16.89,0
13621,510,2026-06-03,"Standard","Atlantic","Organic",16.65,1
13622,750,2026-04-28,"Standard","Atlantic","Search",14.31,0
13623,3332,2026-03-20,"Signature","Atlantic","Social",23.17,0
13624,1083,2026-05-28,"Signature","Atlantic","Organic",25.38,0
13625,1093,2026-04-30,"Standard","Atlantic","Organic",12.82,0
13626,423,2026-01-29,"Standard","Ontario","Retail_partner",18.32,0
13627,2834,2026-05-26,"Signature","Atlantic","Social",23.18,0
13628,1368,2026-05-12,"Signature","Atlantic","Search",24.29,0
13629,2663,2026-04-13,"Standard","Atlantic","Organic",14.78,0
13630,1197,2026-06-28,"Standard","Atlantic","Social",12.62,0
13631,1808,2026-01-09,"Signature","Atlantic","Referral",20.64,0
13632,828,2026-05-03,"Signature","Atlantic","Social",21.16,0
13633,710,2026-02-25,"Standard","Atlantic","Retail_partner",11.49,1
13634,520,2026-05-10,"Signature","Atlantic","Social",22.24,1
13635,1268,2026-04-26,"Signature","Atlantic","Retail_partner",21.84,0
13636,1662,2026-05-25,"Signature","Atlantic","Search",24.83,0
13637,3604,2026-06-20,"Standard","Atlantic","Social",11.97,0
13638,11,2026-03-03,"Signature","Ontario","Social",23.01,0
13639,783,2026-06-01,"Signature","Atlantic","Search",21.63,0
13640,2975,2026-03-15,"Standard","Atlantic","Search",14.72,0
13641,3725,2026-05-27,"Standard","Atlantic","Organic",14.66,0
13642,2235,2026-02-14,"Standard","Atlantic","Social",15.91,0
13643,2153,2026-02-26,"Standard","Ontario","Organic",12.36,0
13644,2313,2026-06-29,"Standard","Atlantic","Organic",17.65,1
13645,287,2026-02-12,"Signature","Ontario","Organic",23.49,0
13646,1761,2026-04-20,"Standard","Atlantic","Social",14.78,0
13647,1709,2026-04-25,"Signature","Atlantic","Organic",23.1,0
13648,3596,2026-06-23,"Signature","Atlantic","Search",26.57,0
13649,3197,2026-06-08,"Standard","Atlantic","Retail_partner",15.17,1
13650,141,2026-04-11,"Discovery","Ontario","Retail_partner",33.33,0
13651,289,2026-03-03,"Discovery","Atlantic","Organic",28.68,1
13652,1561,2026-04-15,"Signature","Atlantic","Social",18.58,1
13653,3175,2026-05-05,"Standard","Atlantic","Search",12.76,0
13654,3438,2026-04-18,"Standard","Atlantic","Social",15.78,0
13655,1069,2026-06-09,"Standard","Atlantic","Organic",11.32,1
13656,3405,2026-06-28,"Discovery","Atlantic","Search",33.72,0
13657,3946,2026-02-04,"Standard","Atlantic","Search",17.17,0
13658,3405,2026-04-18,"Standard","Atlantic","Organic",13.5,1
13659,165,2026-03-10,"Standard","Atlantic","Social",14.55,0
13660,1644,2026-02-07,"Discovery","Atlantic","Search",30.63,0
13661,1915,2026-04-12,"Discovery","Atlantic","Retail_partner",32.51,0
13662,632,2026-03-09,"Signature","Atlantic","Organic",25.2,1
13663,1350,2026-04-04,"Signature","Ontario","Organic",24.75,0
13664,3717,2026-04-28,"Signature","Atlantic","Organic",24.02,0
13665,2917,2026-06-06,"Standard","Atlantic","Organic",13.16,0
13666,2802,2026-06-25,"Standard","Atlantic","Organic",14.67,0
13667,2588,2026-04-16,"Discovery","Atlantic","Organic",36.5,0
13668,603,2026-03-12,"Signature","Atlantic","Organic",23.86,0
13669,1,2026-06-23,"Signature","Atlantic","Referral",20.49,0
13670,2922,2026-02-04,"Signature","Atlantic","Organic",21.08,1
13671,342,2026-04-22,"Standard","Atlantic","Retail_partner",18.11,0
13672,3646,2026-01-28,"Signature","Atlantic","Search",23.91,0
13673,2327,2026-02-26,"Signature","Atlantic","Social",25.27,0
13674,780,2026-07-01,"Standard","Atlantic","Retail_partner",20.64,1
13675,3791,2026-05-11,"Standard","Atlantic","Referral",18.27,1
13676,9,2026-05-25,"Standard","Atlantic","Search",13.17,0
13677,3613,2026-03-17,"Discovery","Ontario","Organic",34.62,0
13678,912,2026-05-16,"Signature","Atlantic","Social",19.88,0
13679,972,2026-04-01,"Standard","Atlantic","Search",12.23,0
13680,2172,2026-03-02,"Discovery","Atlantic","Search",29.85,0
13681,3021,2026-02-27,"Discovery","Ontario","Search",34.45,0
13682,2025,2026-01-01,"Standard","Atlantic","Organic",15.31,1
13683,2365,2026-03-05,"Signature","Atlantic","Organic",25.25,1
13684,1215,2026-01-24,"Standard","Atlantic","Search",18.16,1
13685,2730,2026-05-03,"Signature","Atlantic","Retail_partner",24.71,0
13686,3882,2026-02-17,"Discovery","Atlantic","Referral",34.85,0
13687,3308,2026-05-18,"Standard","Atlantic","Retail_partner",13.69,0
13688,3146,2026-04-04,"Standard","Atlantic","Social",17.16,1
13689,2917,2026-02-28,"Discovery","Atlantic","Organic",34.18,0
13690,1933,2026-06-13,"Signature","Atlantic","Referral",23.12,0
13691,3600,2026-05-26,"Standard","Ontario","Social",15.82,0
13692,851,2026-05-13,"Standard","Atlantic","Social",18.02,0
13693,1208,2026-06-12,"Standard","Atlantic","Social",17.1,0
13694,956,2026-01-12,"Standard","Atlantic","Retail_partner",12.25,0
13695,925,2026-03-16,"Discovery","Atlantic","Search",32.44,0
13696,1827,2026-03-05,"Discovery","Atlantic","Search",33.37,1
13697,100,2026-06-12,"Standard","Atlantic","Retail_partner",12.88,0
13698,871,2026-03-11,"Discovery","Atlantic","Retail_partner",30.23,0
13699,2467,2026-03-05,"Standard","Ontario","Search",19.45,0
13700,3824,2026-05-05,"Signature","Atlantic","Search",21.17,0
13701,2545,2026-05-01,"Discovery","Ontario","Referral",37.61,0
13702,822,2026-05-04,"Signature","Atlantic","Organic",22.03,0
13703,2155,2026-04-24,"Standard","Atlantic","Organic",18.4,0
13704,2969,2026-01-29,"Standard","Atlantic","Referral",16.27,0
13705,3379,2026-01-07,"Discovery","Atlantic","Organic",31.7,1
13706,3279,2026-05-11,"Standard","Atlantic","Search",13.49,0
13707,999,2026-03-08,"Standard","Atlantic","Social",20.48,0
13708,2771,2026-05-12,"Discovery","Atlantic","Search",29.11,0
13709,786,2026-02-04,"Signature","Atlantic","Social",24.78,0
13710,2373,2026-01-25,"Standard","Atlantic","Organic",19.65,1
13711,1633,2026-06-25,"Signature","Atlantic","Organic",22.08,1
13712,1944,2026-05-04,"Standard","Atlantic","Organic",13.95,1
13713,1028,2026-06-10,"Standard","Ontario","Organic",14.4,1
13714,3807,2026-06-11,"Signature","Atlantic","Social",22.49,0
13715,1818,2026-04-17,"Signature","Atlantic","Referral",23.87,0
13716,1412,2026-06-19,"Signature","Atlantic","Referral",21.74,0
13717,2370,2026-01-03,"Signature","Atlantic","Social",20.43,1
13718,778,2026-03-01,"Standard","Atlantic","Organic",13.58,0
13719,860,2026-01-11,"Signature","Atlantic","Organic",24.47,0
13720,1109,2026-04-18,"Standard","Atlantic","Referral",19.02,0
13721,2249,2026-01-01,"Signature","Ontario","Organic",28.62,0
13722,328,2026-05-10,"Standard","Atlantic","Organic",10.28,1
13723,3039,2026-05-15,"Standard","Atlantic","Social",16.09,0
13724,142,2026-01-06,"Signature","Atlantic","Search",20.58,0
13725,908,2026-01-30,"Signature","Ontario","Social",26.65,0
13726,1938,2026-01-31,"Discovery","Atlantic","Organic",31.93,1
13727,1665,2026-01-24,"Standard","Atlantic","Retail_partner",14.69,1
13728,2720,2026-05-14,"Signature","Atlantic","Social",24.18,0
13729,110,2026-02-23,"Standard","Atlantic","Referral",15.55,0
13730,2036,2026-06-12,"Signature","Ontario","Referral",24.3,0
13731,1301,2026-05-24,"Signature","Atlantic","Search",20.25,1
13732,1401,2026-05-30,"Standard","Atlantic","Social",13.17,0
13733,3982,2026-04-06,"Standard","Atlantic","Organic",14.88,0
13734,2559,2026-01-02,"Standard","Atlantic","Retail_partner",15.48,0
13735,2834,2026-06-06,"Signature","Atlantic","Search",22.96,1
13736,875,2026-05-26,"Signature","Atlantic","Referral",23.4,0
13737,1405,2026-03-31,"Standard","Atlantic","Referral",11.85,0
13738,1022,2026-01-17,"Standard","Atlantic","Retail_partner",11.18,0
13739,546,2026-01-29,"Discovery","Atlantic","Social",30.82,0
13740,3247,2026-01-13,"Signature","Atlantic","Search",22.97,0
13741,1210,2026-04-18,"Standard","Atlantic","Organic",18.54,0
13742,1955,2026-01-28,"Signature","Atlantic","Referral",27.04,0
13743,2692,2026-06-15,"Signature","Atlantic","Organic",20.35,0
13744,3341,2026-02-26,"Signature","Atlantic","Organic",21.7,0
13745,1453,2026-06-09,"Standard","Atlantic","Organic",16.64,0
13746,1058,2026-03-11,"Discovery","Atlantic","Social",37.22,0
13747,2117,2026-03-28,"Standard","Atlantic","Referral",18.18,0
13748,3876,2026-02-04,"Discovery","Atlantic","Referral",30.12,0
13749,2289,2026-03-14,"Standard","Atlantic","Organic",20.53,0
13750,3972,2026-05-27,"Standard","Atlantic","Social",13.03,0
13751,1366,2026-06-10,"Signature","Atlantic","Retail_partner",24.7,0
13752,2029,2026-04-03,"Standard","Atlantic","Organic",13.94,0
13753,141,2026-01-08,"Signature","Atlantic","Organic",20.45,0
13754,2209,2026-01-16,"Standard","Atlantic","Organic",14.73,1
13755,720,2026-02-24,"Standard","Ontario","Social",15.05,0
13756,1452,2026-04-13,"Standard","Atlantic","Referral",10.4,0
13757,387,2026-03-01,"Standard","Atlantic","Retail_partner",19.1,0
13758,1067,2026-02-09,"Signature","Atlantic","Organic",22.65,1
13759,307,2026-06-11,"Signature","Atlantic","Organic",21.99,0
13760,1512,2026-06-17,"Discovery","Atlantic","Organic",26.44,0
13761,3710,2026-05-04,"Signature","Atlantic","Search",26.01,0
13762,3343,2026-06-03,"Signature","Atlantic","Organic",19.59,1
13763,1965,2026-01-08,"Discovery","Atlantic","Organic",30.77,0
13764,1430,2026-05-31,"Standard","Atlantic","Social",19.41,1
13765,2197,2026-03-29,"Discovery","Atlantic","Search",26.95,1
13766,172,2026-05-30,"Signature","Ontario","Organic",21.01,0
13767,3786,2026-02-27,"Standard","Atlantic","Organic",14.91,0
13768,2327,2026-03-04,"Standard","Atlantic","Social",14.21,1
13769,3652,2026-05-11,"Signature","Ontario","Organic",21.07,0
13770,471,2026-01-24,"Signature","Atlantic","Search",24.18,0
13771,2763,2026-04-23,"Signature","Ontario","Search",23.38,1
13772,2895,2026-06-06,"Discovery","Ontario","Organic",31.63,1
13773,674,2026-05-26,"Standard","Atlantic","Search",12.19,0
13774,31,2026-05-22,"Signature","Atlantic","Search",19.85,0
13775,3141,2026-05-12,"Signature","Atlantic","Organic",21.06,0
13776,1640,2026-04-05,"Signature","Atlantic","Search",27.08,0
13777,1257,2026-04-09,"Signature","Atlantic","Organic",25.56,0
13778,2725,2026-06-02,"Standard","Atlantic","Social",12.24,0
13779,3159,2026-01-15,"Standard","Atlantic","Organic",14.97,0
13780,992,2026-06-23,"Standard","Atlantic","Referral",17.48,0
13781,3185,2026-06-21,"Signature","Ontario","Social",26.97,0
13782,3150,2026-05-14,"Standard","Atlantic","Search",14.3,0
13783,1411,2026-01-04,"Standard","Ontario","Organic",17.88,0
13784,2668,2026-05-04,"Standard","Atlantic","Social",14.7,0
13785,593,2026-05-20,"Standard","Atlantic","Search",15.98,1
13786,2534,2026-06-17,"Signature","Atlantic","Organic",22.01,0
13787,558,2026-01-25,"Standard","Atlantic","Social",17.13,0
13788,1979,2026-06-15,"Standard","Atlantic","Search",15.29,0
13789,3375,2026-04-21,"Signature","Atlantic","Search",22.2,0
13790,1008,2026-05-12,"Standard","Ontario","Social",17.24,1
13791,1737,2026-02-06,"Discovery","Atlantic","Social",32.96,0
13792,191,2026-01-19,"Signature","Atlantic","Organic",24.16,0
13793,969,2026-03-12,"Standard","Ontario","Referral",17.82,0
13794,64,2026-03-24,"Standard","Atlantic","Organic",15.28,1
13795,12,2026-01-25,"Signature","Atlantic","Search",24.91,0
13796,123,2026-04-09,"Standard","Atlantic","Organic",17.79,0
13797,3046,2026-01-24,"Signature","Atlantic","Organic",19.06,0
13798,2639,2026-06-06,"Signature","Atlantic","Referral",18.76,0
13799,1086,2026-06-02,"Signature","Atlantic","Referral",22.67,1
13800,3630,2026-01-19,"Standard","Atlantic","Social",16.93,0
13801,3019,2026-01-12,"Standard","Ontario","Search",17.45,0
13802,1336,2026-05-02,"Standard","Atlantic","Organic",16.61,1
13803,291,2026-01-09,"Standard","Atlantic","Organic",13.7,0
13804,1183,2026-05-07,"Signature","Atlantic","Search",20.98,0
13805,1735,2026-01-21,"Signature","Ontario","Social",19.76,0
13806,3043,2026-01-19,"Standard","Atlantic","Organic",17.74,0
13807,1781,2026-06-16,"Standard","Atlantic","Retail_partner",15.09,0
13808,2884,2026-05-02,"Discovery","Ontario","Organic",37.06,0
13809,2691,2026-02-19,"Standard","Atlantic","Organic",16.62,0
13810,3551,2026-03-03,"Signature","Atlantic","Retail_partner",21.11,0
13811,1644,2026-01-17,"Standard","Atlantic","Referral",13.43,0
13812,2666,2026-04-05,"Standard","Atlantic","Retail_partner",11.89,0
13813,2599,2026-03-07,"Standard","Ontario","Referral",19.32,0
13814,2868,2026-05-30,"Standard","Ontario","Referral",11.13,1
13815,2570,2026-04-10,"Discovery","Atlantic","Social",32.93,0
13816,3269,2026-01-16,"Signature","Atlantic","Organic",26.43,0
13817,1985,2026-03-26,"Standard","Atlantic","Retail_partner",17.26,1
13818,2830,2026-01-24,"Standard","Ontario","Organic",12.29,1
13819,897,2026-05-21,"Signature","Atlantic","Referral",20.44,1
13820,657,2026-04-08,"Discovery","Atlantic","Organic",30.51,0
13821,1128,2026-01-14,"Signature","Ontario","Organic",24.81,0
13822,2306,2026-06-19,"Standard","Atlantic","Search",15.79,0
13823,3532,2026-03-31,"Standard","Ontario","Social",19.26,1
13824,1696,2026-04-22,"Standard","Ontario","Organic",18.73,0
13825,1198,2026-02-11,"Standard","Atlantic","Retail_partner",9.83,0
13826,78,2026-03-29,"Standard","Atlantic","Organic",17.14,1
13827,3842,2026-04-13,"Standard","Atlantic","Organic",14.07,0
13828,2408,2026-02-01,"Signature","Atlantic","Referral",22.6,0
13829,3495,2026-04-29,"Discovery","Atlantic","Social",35.54,0
13830,2199,2026-06-19,"Signature","Ontario","Retail_partner",26.73,1
13831,661,2026-04-01,"Standard","Atlantic","Organic",15.84,1
13832,1187,2026-02-01,"Signature","Atlantic","Search",20.88,1
13833,2459,2026-05-04,"Signature","Atlantic","Search",24.68,0
13834,1559,2026-05-04,"Standard","Atlantic","Social",16.22,1
13835,104,2026-04-07,"Standard","Atlantic","Organic",15.77,0
13836,2093,2026-05-21,"Discovery","Atlantic","Referral",29.07,0
13837,2253,2026-02-01,"Discovery","Ontario","Search",31.41,0
13838,2115,2026-05-14,"Signature","Atlantic","Search",17.63,0
13839,1584,2026-06-04,"Discovery","Atlantic","Organic",30.03,0
13840,3449,2026-01-31,"Standard","Atlantic","Referral",10.82,1
13841,3202,2026-05-08,"Standard","Atlantic","Referral",9.98,0
13842,1253,2026-06-03,"Standard","Atlantic","Organic",15.79,0
13843,3357,2026-02-10,"Standard","Ontario","Retail_partner",16.43,1
13844,3300,2026-04-17,"Standard","Ontario","Organic",14.65,1
13845,880,2026-01-21,"Standard","Atlantic","Organic",14.61,0
13846,3285,2026-05-15,"Discovery","Atlantic","Organic",29.6,0
13847,1967,2026-04-17,"Signature","Atlantic","Social",24.37,0
13848,727,2026-04-26,"Standard","Ontario","Social",10.69,0
13849,1384,2026-06-15,"Standard","Atlantic","Social",10.78,0
13850,3044,2026-06-20,"Standard","Atlantic","Search",14.76,0
13851,1856,2026-03-27,"Standard","Atlantic","Organic",13.8,0
13852,576,2026-03-16,"Signature","Atlantic","Search",20.4,0
13853,480,2026-05-24,"Standard","Atlantic","Organic",13.75,0
13854,3443,2026-03-12,"Standard","Atlantic","Organic",14.2,0
13855,1421,2026-05-05,"Discovery","Atlantic","Retail_partner",37.85,0
13856,3897,2026-03-11,"Discovery","Ontario","Social",33.83,0
13857,700,2026-01-30,"Standard","Atlantic","Organic",13.67,0
13858,1399,2026-01-11,"Standard","Atlantic","Referral",17.11,0
13859,2820,2026-02-10,"Discovery","Atlantic","Search",30.56,0
13860,1235,2026-03-13,"Standard","Atlantic","Organic",16.86,1
13861,2527,2026-01-13,"Discovery","Atlantic","Organic",33.16,0
13862,352,2026-06-15,"Standard","Atlantic","Social",18.88,1
13863,3827,2026-06-15,"Standard","Atlantic","Organic",15.42,0
13864,883,2026-01-27,"Standard","Atlantic","Organic",12.61,0
13865,685,2026-06-16,"Standard","Atlantic","Search",15.15,0
13866,589,2026-06-28,"Discovery","Ontario","Organic",34.28,1
13867,2685,2026-02-28,"Standard","Atlantic","Retail_partner",17.78,0
13868,1655,2026-05-19,"Standard","Atlantic","Search",16.24,1
13869,2808,2026-02-10,"Signature","Atlantic","Organic",17.87,0
13870,3486,2026-06-05,"Standard","Atlantic","Organic",12.61,0
13871,1084,2026-02-13,"Signature","Atlantic","Social",21.5,0
13872,218,2026-04-06,"Discovery","Atlantic","Organic",31.72,0
13873,2236,2026-06-22,"Discovery","Atlantic","Organic",30.84,1
13874,2390,2026-03-31,"Signature","Atlantic","Search",22.17,0
13875,2675,2026-06-25,"Standard","Ontario","Organic",16.62,0
13876,1070,2026-05-24,"Standard","Atlantic","Social",14.36,1
13877,1595,2026-01-15,"Discovery","Atlantic","Retail_partner",33.27,0
13878,2585,2026-04-14,"Standard","Ontario","Retail_partner",13.81,0
13879,3410,2026-03-23,"Signature","Atlantic","Retail_partner",23.23,0
13880,1740,2026-01-25,"Signature","Ontario","Search",22.8,0
13881,3774,2026-04-18,"Signature","Atlantic","Organic",23.07,0
13882,3060,2026-05-12,"Discovery","Ontario","Retail_partner",32.23,0
13883,3776,2026-06-27,"Signature","Atlantic","Search",21.58,0
13884,2480,2026-04-11,"Standard","Atlantic","Retail_partner",14.76,0
13885,688,2026-03-21,"Discovery","Atlantic","Organic",31.33,0
13886,357,2026-05-16,"Discovery","Atlantic","Organic",32.15,0
13887,1774,2026-02-27,"Standard","Atlantic","Organic",12.47,0
13888,3551,2026-02-04,"Standard","Atlantic","Social",14.31,0
13889,3215,2026-05-23,"Standard","Atlantic","Search",16.19,0
13890,2981,2026-03-24,"Standard","Atlantic","Search",12.31,0
13891,2937,2026-03-12,"Signature","Atlantic","Referral",22.32,0
13892,1901,2026-01-26,"Standard","Ontario","Organic",16.65,1
13893,1323,2026-02-24,"Discovery","Ontario","Search",30.88,1
13894,1086,2026-01-29,"Standard","Atlantic","Referral",14.93,0
13895,1114,2026-05-29,"Standard","Ontario","Organic",18.21,1
13896,1555,2026-01-28,"Standard","Ontario","Referral",16.12,0
13897,450,2026-05-04,"Signature","Ontario","Organic",26.88,0
13898,3322,2026-02-19,"Standard","Atlantic","Social",16.31,0
13899,3149,2026-03-08,"Standard","Atlantic","Organic",16.19,1
13900,1161,2026-03-03,"Signature","Atlantic","Organic",15.42,0
13901,673,2026-07-01,"Signature","Atlantic","Organic",21.63,0
13902,2632,2026-06-15,"Standard","Atlantic","Search",18.83,0
13903,998,2026-01-20,"Discovery","Atlantic","Organic",33.59,0
13904,611,2026-05-24,"Standard","Atlantic","Organic",16.71,0
13905,1922,2026-01-07,"Standard","Atlantic","Organic",13.9,1
13906,2858,2026-06-03,"Discovery","Atlantic","Organic",30.72,0
13907,1904,2026-06-04,"Signature","Ontario","Social",24.92,0
13908,1697,2026-05-03,"Standard","Atlantic","Social",15.77,1
13909,3516,2026-03-29,"Standard","Atlantic","Social",13.15,0
13910,3783,2026-04-15,"Discovery","Atlantic","Social",28.68,0
13911,2332,2026-06-09,"Signature","Atlantic","Social",22.76,0
13912,3380,2026-03-23,"Standard","Atlantic","Organic",14.67,1
13913,2063,2026-06-07,"Discovery","Atlantic","Social",34.12,0
13914,2525,2026-06-27,"Signature","Atlantic","Organic",22.46,0
13915,3841,2026-01-24,"Standard","Atlantic","Referral",12.45,0
13916,623,2026-06-01,"Signature","Atlantic","Retail_partner",20.27,0
13917,2632,2026-06-20,"Signature","Atlantic","Referral",26.58,0
13918,2725,2026-01-17,"Signature","Ontario","Social",28.32,0
13919,3019,2026-02-24,"Signature","Atlantic","Social",19.12,0
13920,106,2026-01-08,"Standard","Atlantic","Organic",19.75,0
13921,2218,2026-06-09,"Signature","Ontario","Organic",22.88,0
13922,3344,2026-04-17,"Discovery","Atlantic","Organic",34.35,1
13923,3868,2026-01-02,"Signature","Atlantic","Social",24.07,0
13924,1205,2026-05-22,"Discovery","Atlantic","Organic",33.56,0
13925,583,2026-06-01,"Standard","Atlantic","Search",16.85,0
13926,1910,2026-03-15,"Standard","Atlantic","Social",10.38,1
13927,3418,2026-03-11,"Standard","Atlantic","Organic",12.25,1
13928,3222,2026-01-02,"Standard","Atlantic","Organic",16.16,0
13929,2380,2026-04-21,"Standard","Atlantic","Retail_partner",14.88,0
13930,2450,2026-05-02,"Standard","Ontario","Retail_partner",14.47,0
13931,605,2026-01-08,"Discovery","Atlantic","Referral",29.93,0
13932,2028,2026-04-12,"Standard","Atlantic","Social",13.4,0
13933,3081,2026-06-03,"Discovery","Atlantic","Organic",32.09,1
13934,2311,2026-06-15,"Signature","Atlantic","Retail_partner",19.81,0
13935,1283,2026-02-25,"Standard","Atlantic","Referral",15.04,0
13936,838,2026-02-01,"Signature","Atlantic","Social",23.05,0
13937,1068,2026-03-07,"Signature","Atlantic","Search",27.51,1
13938,2943,2026-06-17,"Standard","Atlantic","Organic",14.86,0
13939,1204,2026-05-14,"Discovery","Atlantic","Referral",30.65,0
13940,358,2026-05-01,"Standard","Atlantic","Social",12.43,0
13941,247,2026-06-30,"Standard","Atlantic","Referral",18.19,0
13942,1847,2026-01-23,"Signature","Atlantic","Referral",25.42,0
13943,2403,2026-05-31,"Standard","Atlantic","Social",11.61,0
13944,1020,2026-04-23,"Signature","Atlantic","Organic",23.51,0
13945,2550,2026-01-11,"Standard","Ontario","Search",17.2,0
13946,3727,2026-02-02,"Signature","Atlantic","Organic",23.86,1
13947,2236,2026-02-14,"Standard","Ontario","Referral",15.9,0
13948,1248,2026-05-25,"Standard","Atlantic","Organic",19.84,0
13949,939,2026-05-27,"Signature","Atlantic","Referral",23.53,1
13950,2767,2026-06-18,"Standard","Atlantic","Organic",16.56,0
13951,8,2026-05-14,"Signature","Atlantic","Retail_partner",21.66,0
13952,1167,2026-01-16,"Standard","Atlantic","Social",15.81,0
13953,1849,2026-03-14,"Signature","Atlantic","Social",20.55,0
13954,3254,2026-04-16,"Discovery","Atlantic","Organic",29.89,0
13955,317,2026-05-15,"Standard","Atlantic","Social",19.44,0
13956,3684,2026-04-03,"Standard","Atlantic","Social",16.53,0
13957,883,2026-01-21,"Signature","Ontario","Organic",22.95,0
13958,1217,2026-01-27,"Discovery","Atlantic","Organic",31.63,0
13959,688,2026-04-16,"Standard","Atlantic","Organic",14.19,0
13960,3450,2026-04-15,"Signature","Atlantic","Referral",25.01,0
13961,576,2026-01-23,"Standard","Atlantic","Search",16.19,1
13962,3955,2026-02-27,"Discovery","Atlantic","Referral",29.09,0
13963,2081,2026-06-20,"Standard","Atlantic","Social",13.2,0
13964,2783,2026-05-26,"Signature","Atlantic","Organic",23.55,0
13965,327,2026-03-13,"Standard","Atlantic","Search",15.34,0
13966,1149,2026-02-26,"Standard","Atlantic","Search",14.98,0
13967,2515,2026-04-07,"Signature","Atlantic","Organic",19.75,0
13968,2539,2026-02-10,"Standard","Atlantic","Retail_partner",17.7,0
13969,3971,2026-01-22,"Standard","Ontario","Search",14.89,0
13970,936,2026-05-03,"Standard","Ontario","Social",11.46,1
13971,3465,2026-04-11,"Standard","Ontario","Search",16.99,0
13972,2049,2026-06-17,"Discovery","Ontario","Organic",32.95,0
13973,2269,2026-02-26,"Standard","Ontario","Search",16.7,0
13974,726,2026-06-24,"Signature","Atlantic","Social",20.73,0
13975,1827,2026-04-24,"Standard","Atlantic","Referral",17.2,0
13976,525,2026-04-09,"Standard","Atlantic","Referral",14.15,0
13977,2522,2026-05-23,"Discovery","Atlantic","Search",28.27,0
13978,226,2026-01-04,"Standard","Ontario","Social",15.32,1
13979,295,2026-04-29,"Standard","Atlantic","Organic",20.22,0
13980,1886,2026-06-18,"Standard","Atlantic","Retail_partner",15.55,0
13981,1090,2026-02-06,"Signature","Atlantic","Social",23.51,0
13982,1533,2026-01-20,"Signature","Ontario","Referral",23.38,0
13983,381,2026-04-15,"Standard","Atlantic","Referral",9.72,1
13984,254,2026-02-18,"Signature","Atlantic","Social",21.85,0
13985,953,2026-05-27,"Discovery","Atlantic","Retail_partner",32.93,0
13986,727,2026-01-30,"Standard","Atlantic","Search",18.92,0
13987,701,2026-03-23,"Standard","Atlantic","Referral",15.7,0
13988,1496,2026-06-14,"Discovery","Atlantic","Referral",27.7,0
13989,3290,2026-06-12,"Standard","Ontario","Social",16.19,1
13990,3360,2026-03-02,"Standard","Atlantic","Organic",18.77,1
13991,1687,2026-02-17,"Standard","Atlantic","Referral",15.16,1
13992,2150,2026-06-02,"Standard","Atlantic","Social",15.04,1
13993,2240,2026-01-25,"Standard","Atlantic","Social",10.04,1
13994,1471,2026-03-29,"Standard","Ontario","Social",17.3,1
13995,2046,2026-01-24,"Standard","Atlantic","Organic",11.36,0
13996,2150,2026-03-17,"Signature","Atlantic","Social",18.94,0
13997,945,2026-06-21,"Standard","Ontario","Search",18.53,0
13998,1942,2026-01-02,"Standard","Atlantic","Organic",16.65,1
13999,633,2026-01-22,"Standard","Atlantic","Social",14.53,0
14000,2776,2026-03-22,"Standard","Atlantic","Organic",14.77,0
14001,1512,2026-01-30,"Discovery","Atlantic","Organic",33.23,0
14002,3659,2026-06-12,"Discovery","Ontario","Organic",37.02,0
14003,3191,2026-01-03,"Discovery","Ontario","Search",38.84,0
14004,1370,2026-02-10,"Signature","Atlantic","Social",21.69,0
14005,3859,2026-05-25,"Standard","Atlantic","Organic",13.65,0
14006,3824,2026-02-18,"Standard","Atlantic","Social",12.14,0
14007,877,2026-06-14,"Signature","Atlantic","Social",17.76,0
14008,2268,2026-01-18,"Standard","Atlantic","Referral",15.57,1
14009,1756,2026-04-27,"Discovery","Atlantic","Social",33.33,0
14010,571,2026-02-21,"Signature","Atlantic","Search",25.72,0
14011,1830,2026-04-19,"Standard","Atlantic","Social",19.92,0
14012,3196,2026-01-07,"Discovery","Atlantic","Organic",32.51,1
14013,2511,2026-04-26,"Standard","Atlantic","Organic",14.91,0
14014,1970,2026-04-24,"Standard","Atlantic","Referral",15.69,0
14015,1335,2026-02-28,"Standard","Atlantic","Organic",15.48,0
14016,2004,2026-02-25,"Signature","Atlantic","Search",27.76,0
14017,3176,2026-02-27,"Signature","Atlantic","Search",23.26,0
14018,147,2026-01-13,"Discovery","Atlantic","Search",34.33,0
14019,3456,2026-04-26,"Standard","Atlantic","Organic",12.18,0
14020,213,2026-02-08,"Signature","Atlantic","Organic",24.06,0
14021,2041,2026-01-16,"Standard","Atlantic","Organic",12.45,0
14022,2114,2026-04-21,"Standard","Ontario","Referral",15.86,1
14023,3638,2026-02-01,"Signature","Atlantic","Referral",26.19,0
14024,3384,2026-03-23,"Standard","Ontario","Organic",15.44,0
14025,1379,2026-04-04,"Standard","Atlantic","Organic",12.58,0
14026,2110,2026-03-21,"Signature","Atlantic","Retail_partner",21.7,0
14027,2097,2026-03-12,"Standard","Atlantic","Retail_partner",11.48,0
14028,1912,2026-06-15,"Standard","Atlantic","Search",17.21,0
14029,2016,2026-03-22,"Standard","Atlantic","Organic",15.77,0
14030,3862,2026-06-18,"Standard","Atlantic","Search",14,0
14031,1499,2026-01-07,"Standard","Atlantic","Social",19.22,0
14032,624,2026-05-10,"Signature","Atlantic","Social",19.28,1
14033,3149,2026-06-09,"Signature","Ontario","Referral",24.97,0
14034,948,2026-06-19,"Discovery","Ontario","Social",33.68,0
14035,2069,2026-02-14,"Standard","Atlantic","Search",13.19,0
14036,3195,2026-05-04,"Standard","Ontario","Social",15.48,0
14037,3795,2026-02-25,"Signature","Ontario","Social",23.52,0
14038,2396,2026-05-07,"Discovery","Atlantic","Social",31.74,1
14039,1139,2026-06-21,"Standard","Atlantic","Referral",15.26,0
14040,933,2026-06-17,"Standard","Ontario","Referral",15.42,1
14041,1653,2026-01-14,"Standard","Ontario","Organic",14.68,0
14042,1149,2026-03-18,"Signature","Ontario","Organic",22.36,0
14043,2335,2026-06-06,"Standard","Atlantic","Search",14.88,0
14044,3213,2026-05-18,"Standard","Atlantic","Search",15.32,1
14045,1235,2026-04-06,"Standard","Ontario","Organic",18.11,0
14046,3493,2026-05-10,"Discovery","Atlantic","Organic",35,1
14047,3671,2026-04-18,"Standard","Atlantic","Social",14.28,0
14048,2592,2026-01-04,"Signature","Atlantic","Search",18.27,0
14049,3269,2026-04-11,"Signature","Atlantic","Search",25.94,0
14050,3385,2026-01-16,"Signature","Ontario","Social",22.56,1
14051,489,2026-01-31,"Discovery","Atlantic","Organic",31.11,0
14052,1930,2026-03-14,"Standard","Ontario","Organic",14.77,1
14053,3767,2026-05-27,"Signature","Atlantic","Organic",18.74,0
14054,3302,2026-05-19,"Discovery","Atlantic","Referral",30.92,0
14055,2033,2026-04-14,"Signature","Atlantic","Organic",23.73,1
14056,1296,2026-04-20,"Signature","Atlantic","Social",21.64,1
14057,1102,2026-02-18,"Standard","Ontario","Organic",19.83,0
14058,3993,2026-06-27,"Standard","Atlantic","Referral",12.77,1
14059,2133,2026-05-25,"Standard","Ontario","Organic",17.97,0
14060,2002,2026-04-17,"Signature","Atlantic","Search",21.83,0
14061,3631,2026-04-20,"Discovery","Atlantic","Organic",33.83,0
14062,1581,2026-03-09,"Signature","Atlantic","Search",24.18,0
14063,3412,2026-06-01,"Standard","Ontario","Organic",12.89,0
14064,962,2026-04-21,"Standard","Atlantic","Organic",17.14,0
14065,3617,2026-06-07,"Standard","Atlantic","Search",18.54,0
14066,2759,2026-04-13,"Discovery","Atlantic","Organic",31.5,1
14067,3960,2026-01-23,"Standard","Atlantic","Search",10.25,1
14068,1378,2026-03-30,"Signature","Atlantic","Search",20.66,0
14069,3512,2026-02-24,"Standard","Atlantic","Referral",13.09,0
14070,3499,2026-04-23,"Standard","Atlantic","Organic",17.03,0
14071,782,2026-01-25,"Standard","Atlantic","Organic",12.95,1
14072,484,2026-01-15,"Signature","Atlantic","Social",27.44,0
14073,847,2026-04-19,"Standard","Atlantic","Search",18.38,0
14074,3205,2026-03-12,"Discovery","Atlantic","Social",30.37,0
14075,2234,2026-03-25,"Standard","Atlantic","Organic",14.94,0
14076,2586,2026-04-23,"Standard","Atlantic","Social",12.81,1
14077,487,2026-05-18,"Standard","Ontario","Social",18.95,0
14078,3813,2026-05-29,"Standard","Ontario","Organic",16.75,1
14079,3289,2026-05-21,"Standard","Atlantic","Search",16.13,0
14080,2011,2026-06-19,"Signature","Atlantic","Organic",21.04,0
14081,2419,2026-02-24,"Signature","Atlantic","Organic",23.02,0
14082,547,2026-05-12,"Signature","Atlantic","Social",22.14,0
14083,3769,2026-06-15,"Standard","Atlantic","Search",14.44,1
14084,1983,2026-06-14,"Standard","Atlantic","Referral",9.4,1
14085,2545,2026-06-01,"Standard","Ontario","Search",16.87,0
14086,3047,2026-05-30,"Signature","Atlantic","Organic",26.76,0
14087,3960,2026-05-16,"Standard","Atlantic","Organic",15.46,0
14088,2098,2026-03-16,"Signature","Ontario","Search",24.76,0
14089,3699,2026-05-30,"Standard","Atlantic","Search",12.72,0
14090,1965,2026-06-19,"Signature","Atlantic","Search",22.58,0
14091,729,2026-02-16,"Signature","Ontario","Organic",19.43,0
14092,1741,2026-04-23,"Standard","Atlantic","Retail_partner",17.78,0
14093,691,2026-01-30,"Standard","Atlantic","Retail_partner",17.31,1
14094,1313,2026-03-16,"Signature","Atlantic","Referral",25.54,0
14095,3714,2026-02-21,"Standard","Atlantic","Organic",14.3,0
14096,3559,2026-05-10,"Discovery","Ontario","Organic",32.66,0
14097,267,2026-02-09,"Signature","Atlantic","Retail_partner",25.36,0
14098,2485,2026-03-27,"Standard","Atlantic","Retail_partner",13.56,0
14099,797,2026-06-26,"Standard","Ontario","Organic",14.42,1
14100,3698,2026-02-07,"Discovery","Atlantic","Organic",35.03,0
14101,15,2026-04-16,"Standard","Ontario","Organic",17.59,1
14102,2286,2026-01-01,"Standard","Ontario","Retail_partner",14.14,0
14103,2090,2026-06-28,"Discovery","Atlantic","Social",29.14,0
14104,2926,2026-01-21,"Discovery","Atlantic","Retail_partner",34.19,0
14105,1091,2026-02-16,"Discovery","Ontario","Organic",34.81,0
14106,2279,2026-04-15,"Signature","Atlantic","Organic",23.67,0
14107,3686,2026-06-05,"Standard","Atlantic","Search",14.98,1
14108,545,2026-06-11,"Signature","Ontario","Social",23.85,0
14109,185,2026-05-06,"Standard","Atlantic","Social",15.15,1
14110,1285,2026-01-02,"Standard","Atlantic","Search",19.12,0
14111,1879,2026-06-16,"Standard","Atlantic","Social",14.01,0
14112,3350,2026-01-27,"Standard","Atlantic","Search",18.02,0
14113,1269,2026-05-29,"Standard","Atlantic","Social",12.77,1
14114,1847,2026-04-10,"Standard","Atlantic","Organic",13.43,0
14115,2686,2026-05-28,"Signature","Atlantic","Retail_partner",23.76,0
14116,3719,2026-06-06,"Standard","Atlantic","Organic",18.11,0
14117,2127,2026-06-10,"Standard","Atlantic","Search",15.48,0
14118,140,2026-04-27,"Standard","Atlantic","Organic",17.92,1
14119,1610,2026-06-02,"Signature","Atlantic","Social",27.75,0
14120,2551,2026-05-01,"Standard","Atlantic","Organic",13.84,0
14121,566,2026-02-15,"Standard","Atlantic","Referral",15.85,0
14122,2740,2026-05-13,"Signature","Atlantic","Social",25.46,0
14123,2128,2026-04-25,"Standard","Atlantic","Referral",15.02,1
14124,3536,2026-03-30,"Standard","Atlantic","Search",16.01,0
14125,1164,2026-03-02,"Standard","Atlantic","Retail_partner",14.26,0
14126,1868,2026-01-26,"Standard","Atlantic","Social",13.75,0
14127,836,2026-02-19,"Discovery","Ontario","Organic",35.55,0
14128,2562,2026-02-27,"Standard","Atlantic","Organic",16.89,0
14129,2999,2026-06-01,"Standard","Atlantic","Search",17.31,0
14130,1057,2026-05-25,"Signature","Atlantic","Retail_partner",26.25,1
14131,264,2026-03-08,"Standard","Ontario","Search",17.11,0
14132,2461,2026-06-14,"Signature","Atlantic","Referral",23.82,1
14133,3064,2026-05-08,"Signature","Atlantic","Organic",20.57,1
14134,2899,2026-01-01,"Signature","Ontario","Social",22.94,0
14135,1344,2026-03-26,"Signature","Ontario","Organic",27.33,1
14136,3401,2026-02-17,"Standard","Atlantic","Search",15.67,0
14137,2324,2026-05-23,"Signature","Atlantic","Social",21.57,0
14138,1617,2026-06-17,"Standard","Atlantic","Social",16.13,0
14139,3343,2026-03-18,"Discovery","Ontario","Social",30.93,0
14140,3000,2026-01-17,"Discovery","Atlantic","Search",31.95,0
14141,3813,2026-06-20,"Standard","Atlantic","Referral",13.12,0
14142,2891,2026-04-03,"Discovery","Ontario","Referral",30.96,0
14143,3576,2026-06-23,"Standard","Ontario","Referral",12.56,0
14144,336,2026-04-19,"Standard","Atlantic","Organic",14.53,1
14145,2138,2026-04-21,"Standard","Atlantic","Organic",12.56,1
14146,2028,2026-04-13,"Standard","Atlantic","Social",11.69,0
14147,150,2026-04-05,"Standard","Atlantic","Social",11.23,0
14148,3614,2026-01-11,"Signature","Atlantic","Organic",23.16,0
14149,3914,2026-06-02,"Discovery","Atlantic","Organic",33.63,1
14150,968,2026-04-02,"Discovery","Atlantic","Referral",28.16,0
14151,1868,2026-05-24,"Standard","Ontario","Organic",16.88,0
14152,2066,2026-02-12,"Signature","Atlantic","Social",24.61,0
14153,3778,2026-06-16,"Signature","Atlantic","Organic",20.93,0
14154,1672,2026-03-18,"Standard","Ontario","Organic",16.41,1
14155,1641,2026-04-05,"Standard","Ontario","Organic",14.41,0
14156,1389,2026-04-30,"Standard","Atlantic","Search",9.66,0
14157,355,2026-05-31,"Standard","Atlantic","Social",12.21,0
14158,1378,2026-06-17,"Standard","Atlantic","Search",11.64,1
14159,3408,2026-02-10,"Discovery","Atlantic","Search",36.42,0
14160,1279,2026-04-02,"Standard","Atlantic","Social",13.18,1
14161,79,2026-05-11,"Standard","Atlantic","Social",12.17,0
14162,2032,2026-01-16,"Discovery","Atlantic","Social",34.55,0
14163,1051,2026-03-10,"Standard","Atlantic","Search",16.57,1
14164,1933,2026-04-22,"Standard","Atlantic","Social",13.53,0
14165,2470,2026-02-15,"Standard","Atlantic","Referral",9.45,0
14166,2130,2026-01-06,"Standard","Atlantic","Retail_partner",18.55,0
14167,1663,2026-04-08,"Discovery","Atlantic","Search",29.07,0
14168,1849,2026-06-06,"Discovery","Atlantic","Organic",31.5,0
14169,2191,2026-03-03,"Standard","Atlantic","Organic",14.76,1
14170,1977,2026-04-18,"Standard","Ontario","Social",11.57,1
14171,806,2026-06-12,"Signature","Atlantic","Organic",19.81,0
14172,3312,2026-04-14,"Discovery","Ontario","Referral",31.06,0
14173,189,2026-02-10,"Signature","Atlantic","Organic",24.66,0
14174,2479,2026-05-16,"Standard","Atlantic","Search",14.19,0
14175,206,2026-05-11,"Standard","Atlantic","Organic",12.04,1
14176,955,2026-05-05,"Standard","Ontario","Referral",14.69,0
14177,3497,2026-06-16,"Standard","Atlantic","Search",15.6,0
14178,2125,2026-02-09,"Signature","Ontario","Referral",21.74,0
14179,935,2026-02-04,"Standard","Ontario","Social",16.98,0
14180,1199,2026-06-07,"Standard","Atlantic","Referral",15.16,0
14181,674,2026-05-06,"Signature","Atlantic","Search",24.01,0
14182,2213,2026-02-05,"Signature","Atlantic","Referral",21.76,0
14183,3947,2026-05-02,"Standard","Atlantic","Retail_partner",17.2,0
14184,753,2026-01-05,"Standard","Atlantic","Referral",13.93,0
14185,3625,2026-05-09,"Discovery","Atlantic","Social",32.04,0
14186,1383,2026-05-24,"Standard","Atlantic","Social",19.21,0
14187,3889,2026-05-24,"Standard","Atlantic","Social",11.33,0
14188,2866,2026-02-15,"Signature","Ontario","Referral",23.7,0
14189,1941,2026-06-21,"Standard","Atlantic","Social",15.96,1
14190,1639,2026-06-11,"Signature","Atlantic","Social",23.38,1
14191,3955,2026-06-06,"Discovery","Atlantic","Search",30.39,1
14192,2147,2026-06-20,"Signature","Ontario","Organic",26.2,0
14193,2390,2026-01-02,"Discovery","Atlantic","Social",33.11,0
14194,1844,2026-02-17,"Signature","Ontario","Social",25.64,0
14195,2495,2026-04-24,"Signature","Ontario","Referral",26.69,0
14196,2012,2026-06-19,"Standard","Atlantic","Search",13.2,0
14197,3822,2026-01-27,"Standard","Atlantic","Social",16.36,1
14198,1472,2026-03-10,"Signature","Atlantic","Referral",24.73,0
14199,2568,2026-03-09,"Standard","Atlantic","Search",17.45,0
14200,2547,2026-03-25,"Signature","Atlantic","Referral",18.99,0
14201,1168,2026-05-07,"Standard","Atlantic","Search",14.65,0
14202,3156,2026-05-25,"Standard","Atlantic","Referral",17.66,0
14203,3702,2026-02-17,"Standard","Atlantic","Organic",13.52,0
14204,656,2026-05-23,"Standard","Ontario","Social",14.83,1
14205,3856,2026-06-19,"Signature","Atlantic","Search",22.08,0
14206,2840,2026-03-05,"Standard","Atlantic","Referral",21.38,1
14207,2092,2026-05-25,"Discovery","Atlantic","Social",31.56,0
14208,3504,2026-01-15,"Signature","Ontario","Referral",29.39,1
14209,3805,2026-01-15,"Discovery","Atlantic","Social",29.45,0
14210,3230,2026-02-27,"Signature","Atlantic","Social",22.46,0
14211,2431,2026-06-21,"Standard","Atlantic","Organic",7.75,0
14212,217,2026-04-24,"Standard","Ontario","Search",14.46,0
14213,2866,2026-02-05,"Standard","Atlantic","Organic",20.18,0
14214,1435,2026-01-15,"Discovery","Atlantic","Organic",32.39,0
14215,1623,2026-04-01,"Signature","Atlantic","Retail_partner",19.9,1
14216,3572,2026-01-08,"Standard","Atlantic","Search",13.32,0
14217,1839,2026-02-03,"Standard","Atlantic","Social",11.11,1
14218,2849,2026-06-06,"Discovery","Ontario","Organic",31.35,0
14219,302,2026-01-18,"Standard","Atlantic","Organic",14.51,1
14220,1515,2026-06-14,"Standard","Atlantic","Search",16.8,0
14221,3174,2026-06-07,"Discovery","Atlantic","Social",29.69,0
14222,1098,2026-05-23,"Standard","Atlantic","Retail_partner",16.33,0
14223,2948,2026-01-20,"Discovery","Atlantic","Search",31.83,0
14224,2013,2026-03-22,"Standard","Ontario","Search",14.41,0
14225,422,2026-05-02,"Standard","Atlantic","Search",17.76,0
14226,3030,2026-03-05,"Standard","Atlantic","Organic",14.06,1
14227,3113,2026-02-11,"Discovery","Atlantic","Organic",31.01,0
14228,2564,2026-05-13,"Signature","Atlantic","Search",24.29,0
14229,1166,2026-06-01,"Standard","Atlantic","Organic",11.81,1
14230,1712,2026-06-18,"Standard","Atlantic","Organic",11.69,0
14231,3996,2026-03-14,"Standard","Atlantic","Social",16.25,0
14232,3772,2026-02-27,"Standard","Atlantic","Organic",12.07,0
14233,2739,2026-03-01,"Signature","Atlantic","Organic",18.74,1
14234,3525,2026-06-23,"Standard","Atlantic","Social",16.7,0
14235,2058,2026-03-15,"Standard","Atlantic","Organic",14.62,1
14236,1938,2026-01-29,"Standard","Atlantic","Organic",15.1,0
14237,3636,2026-05-14,"Discovery","Atlantic","Organic",33.86,0
14238,3873,2026-06-03,"Standard","Ontario","Retail_partner",9.83,0
14239,2394,2026-06-24,"Discovery","Atlantic","Organic",30.93,0
14240,1600,2026-05-06,"Standard","Ontario","Organic",21.04,0
14241,1480,2026-02-05,"Discovery","Atlantic","Organic",35.34,0
14242,2676,2026-02-05,"Signature","Atlantic","Search",21.78,0
14243,3487,2026-06-23,"Signature","Atlantic","Social",23.4,0
14244,2201,2026-01-29,"Signature","Atlantic","Referral",20.51,0
14245,2519,2026-06-05,"Signature","Atlantic","Social",24.85,1
14246,3954,2026-05-30,"Signature","Atlantic","Retail_partner",22.09,0
14247,1986,2026-04-11,"Signature","Atlantic","Organic",26.03,0
14248,1882,2026-02-09,"Signature","Atlantic","Organic",21.47,0
14249,3607,2026-05-07,"Standard","Atlantic","Search",12.02,0
14250,2577,2026-04-02,"Signature","Atlantic","Organic",24.99,1
14251,3134,2026-02-20,"Standard","Atlantic","Search",15.14,1
14252,822,2026-02-03,"Signature","Atlantic","Social",23.95,0
14253,659,2026-06-07,"Standard","Atlantic","Organic",16.25,0
14254,2905,2026-02-25,"Standard","Ontario","Search",12.94,0
14255,3609,2026-03-13,"Standard","Atlantic","Organic",18.07,0
14256,2330,2026-03-18,"Standard","Atlantic","Organic",15.45,0
14257,916,2026-02-19,"Signature","Atlantic","Social",22.09,0
14258,3359,2026-06-12,"Signature","Atlantic","Social",22.33,0
14259,3434,2026-05-07,"Signature","Atlantic","Social",21.58,0
14260,423,2026-03-28,"Signature","Atlantic","Referral",18.83,0
14261,3910,2026-06-07,"Standard","Ontario","Search",17.51,1
14262,576,2026-06-26,"Standard","Atlantic","Organic",14.35,0
14263,1391,2026-03-20,"Standard","Ontario","Referral",8.22,0
14264,3069,2026-03-07,"Standard","Atlantic","Retail_partner",12.44,0
14265,3612,2026-05-13,"Signature","Atlantic","Search",25.15,0
14266,458,2026-05-24,"Signature","Ontario","Social",19.14,0
14267,1447,2026-03-16,"Standard","Ontario","Organic",13.8,0
14268,748,2026-01-24,"Standard","Atlantic","Organic",14.28,0
14269,1797,2026-05-31,"Standard","Atlantic","Organic",18.12,0
14270,3435,2026-01-27,"Signature","Atlantic","Search",23.19,0
14271,2741,2026-01-24,"Standard","Atlantic","Organic",13.53,0
14272,491,2026-01-21,"Signature","Atlantic","Social",19.55,0
14273,994,2026-01-15,"Standard","Atlantic","Social",15.31,0
14274,1250,2026-06-26,"Standard","Atlantic","Social",17.66,0
14275,3948,2026-04-25,"Standard","Atlantic","Social",14.94,0
14276,359,2026-06-03,"Standard","Atlantic","Search",13.48,0
14277,2612,2026-03-30,"Signature","Atlantic","Retail_partner",21.96,0
14278,1547,2026-06-14,"Standard","Atlantic","Social",12.37,1
14279,1143,2026-03-14,"Discovery","Atlantic","Organic",28.89,0
14280,317,2026-06-06,"Signature","Atlantic","Search",24.93,1
14281,2713,2026-06-03,"Signature","Ontario","Social",24.2,0
14282,1938,2026-02-16,"Signature","Ontario","Retail_partner",15.66,0
14283,399,2026-06-02,"Signature","Atlantic","Social",23.32,0
14284,3304,2026-01-17,"Standard","Atlantic","Social",11.24,1
14285,1414,2026-06-20,"Standard","Atlantic","Retail_partner",15,0
14286,2909,2026-02-28,"Signature","Atlantic","Organic",29.92,0
14287,3012,2026-02-16,"Standard","Atlantic","Search",16.11,0
14288,2119,2026-01-04,"Standard","Atlantic","Referral",14.03,0
14289,1344,2026-07-01,"Standard","Ontario","Social",15.59,0
14290,350,2026-04-17,"Standard","Atlantic","Social",14.98,1
14291,3630,2026-04-16,"Signature","Atlantic","Organic",23.44,0
14292,196,2026-02-10,"Discovery","Atlantic","Social",35.17,0
14293,3255,2026-04-03,"Standard","Atlantic","Search",14.62,1
14294,3639,2026-01-20,"Standard","Atlantic","Organic",19.43,1
14295,80,2026-06-13,"Standard","Atlantic","Search",19.05,0
14296,1864,2026-01-19,"Standard","Atlantic","Retail_partner",13.4,1
14297,2372,2026-01-08,"Discovery","Atlantic","Organic",30.25,0
14298,84,2026-03-14,"Standard","Atlantic","Retail_partner",12.72,0
14299,1004,2026-05-01,"Standard","Ontario","Organic",15.71,0
14300,1240,2026-03-15,"Standard","Ontario","Organic",17.91,1
14301,3254,2026-03-20,"Discovery","Atlantic","Retail_partner",32.01,0
14302,2348,2026-02-13,"Standard","Atlantic","Referral",14.69,0
14303,3598,2026-02-18,"Standard","Atlantic","Social",14.17,0
14304,552,2026-06-29,"Standard","Atlantic","Search",15.05,0
14305,2596,2026-03-31,"Signature","Ontario","Organic",22.02,0
14306,825,2026-04-22,"Standard","Atlantic","Referral",15.4,0
14307,1448,2026-04-13,"Standard","Atlantic","Search",14.23,1
14308,3206,2026-01-13,"Signature","Atlantic","Organic",20.39,0
14309,1840,2026-01-31,"Signature","Atlantic","Retail_partner",20.66,0
14310,3658,2026-03-21,"Standard","Atlantic","Social",13.83,0
14311,705,2026-04-23,"Signature","Atlantic","Search",20.07,1
14312,2180,2026-04-15,"Standard","Atlantic","Organic",16.05,0
14313,1152,2026-02-04,"Discovery","Atlantic","Social",31.55,0
14314,3093,2026-03-19,"Standard","Atlantic","Organic",18.02,0
14315,55,2026-06-28,"Signature","Atlantic","Retail_partner",19.31,0
14316,2024,2026-03-07,"Signature","Atlantic","Referral",20.99,0
14317,2681,2026-06-29,"Signature","Atlantic","Retail_partner",21.4,0
14318,541,2026-03-18,"Standard","Atlantic","Organic",14.32,0
14319,1202,2026-04-29,"Signature","Atlantic","Retail_partner",24.77,0
14320,1813,2026-02-20,"Standard","Atlantic","Referral",15.88,0
14321,582,2026-05-31,"Standard","Atlantic","Organic",15.03,0
14322,1493,2026-02-16,"Signature","Atlantic","Social",24.17,0
14323,1411,2026-01-03,"Standard","Atlantic","Retail_partner",18.6,0
14324,3011,2026-06-29,"Signature","Atlantic","Search",27.2,0
14325,2041,2026-06-26,"Standard","Atlantic","Social",14.39,0
14326,160,2026-05-22,"Signature","Atlantic","Retail_partner",25.88,0
14327,148,2026-05-15,"Standard","Ontario","Social",15.19,1
14328,64,2026-04-18,"Standard","Atlantic","Organic",19.64,1
14329,3671,2026-05-22,"Signature","Atlantic","Search",17.94,0
14330,1654,2026-06-02,"Standard","Atlantic","Search",10.81,0
14331,546,2026-04-25,"Discovery","Atlantic","Retail_partner",32.46,0
14332,2585,2026-03-28,"Signature","Ontario","Organic",23.06,0
14333,366,2026-03-24,"Standard","Atlantic","Social",17.5,0
14334,1609,2026-07-01,"Standard","Atlantic","Retail_partner",11.73,1
14335,2644,2026-03-01,"Standard","Atlantic","Organic",12.88,0
14336,1312,2026-03-11,"Standard","Atlantic","Organic",15.63,0
14337,2843,2026-02-10,"Signature","Atlantic","Search",18.31,1
14338,1373,2026-04-11,"Standard","Atlantic","Search",15.76,0
14339,2643,2026-02-20,"Signature","Atlantic","Referral",23.54,1
14340,1493,2026-05-01,"Signature","Atlantic","Retail_partner",24.82,0
14341,201,2026-06-19,"Standard","Atlantic","Organic",13.62,0
14342,460,2026-04-05,"Standard","Atlantic","Organic",12.12,0
14343,91,2026-06-29,"Standard","Atlantic","Organic",14.55,0
14344,2552,2026-01-11,"Standard","Ontario","Referral",17.16,0
14345,1855,2026-03-30,"Signature","Atlantic","Social",19.21,0
14346,1816,2026-02-11,"Discovery","Atlantic","Organic",28.2,0
14347,3851,2026-02-10,"Signature","Atlantic","Organic",20.7,0
14348,666,2026-02-12,"Standard","Atlantic","Organic",17.57,1
14349,2422,2026-01-21,"Standard","Atlantic","Search",12.81,0
14350,148,2026-04-16,"Standard","Atlantic","Referral",14.01,0
14351,1065,2026-05-08,"Standard","Ontario","Referral",15.56,0
14352,3174,2026-01-13,"Discovery","Atlantic","Organic",33.06,1
14353,2467,2026-04-14,"Discovery","Atlantic","Referral",34.18,0
14354,85,2026-03-25,"Standard","Atlantic","Retail_partner",18.4,0
14355,866,2026-01-30,"Discovery","Ontario","Referral",35.02,1
14356,1828,2026-05-20,"Signature","Atlantic","Retail_partner",17.81,0
14357,1775,2026-01-22,"Standard","Atlantic","Organic",17.18,0
14358,2690,2026-01-21,"Signature","Atlantic","Organic",15.85,0
14359,2088,2026-01-15,"Discovery","Atlantic","Social",33.95,0
14360,771,2026-01-24,"Standard","Atlantic","Social",21.2,1
14361,644,2026-02-28,"Signature","Atlantic","Referral",21.78,0
14362,1130,2026-01-14,"Signature","Atlantic","Social",25.11,0
14363,2673,2026-04-09,"Discovery","Atlantic","Referral",24.93,0
14364,757,2026-06-06,"Discovery","Atlantic","Social",32.07,1
14365,761,2026-03-29,"Standard","Atlantic","Referral",13.66,0
14366,1863,2026-04-19,"Signature","Atlantic","Referral",18.2,0
14367,2499,2026-02-17,"Signature","Atlantic","Organic",20.94,1
14368,1997,2026-05-28,"Standard","Atlantic","Search",16.92,0
14369,1443,2026-05-28,"Standard","Atlantic","Search",15.4,0
14370,2935,2026-02-03,"Signature","Atlantic","Organic",21.81,0
14371,83,2026-01-10,"Signature","Atlantic","Retail_partner",23.85,0
14372,810,2026-02-15,"Signature","Atlantic","Retail_partner",24.28,1
14373,1820,2026-04-11,"Standard","Atlantic","Referral",14.65,0
14374,3439,2026-06-20,"Discovery","Atlantic","Organic",30.12,0
14375,2316,2026-02-02,"Signature","Atlantic","Social",26.88,0
14376,1042,2026-05-29,"Standard","Ontario","Organic",16.51,1
14377,2138,2026-06-08,"Standard","Ontario","Organic",17.75,0
14378,597,2026-03-15,"Signature","Atlantic","Organic",24.02,0
14379,1729,2026-02-09,"Standard","Ontario","Retail_partner",15.6,0
14380,2397,2026-04-05,"Signature","Atlantic","Organic",22.73,0
14381,578,2026-06-16,"Discovery","Atlantic","Search",34.68,0
14382,1273,2026-06-09,"Signature","Ontario","Referral",25.06,0
14383,345,2026-01-08,"Standard","Atlantic","Social",14.44,0
14384,2407,2026-03-28,"Standard","Atlantic","Search",9.72,0
14385,558,2026-06-11,"Discovery","Atlantic","Search",33.71,0
14386,3968,2026-04-15,"Signature","Atlantic","Search",22.3,0
14387,765,2026-05-25,"Discovery","Atlantic","Referral",30.02,1
14388,1376,2026-04-18,"Signature","Ontario","Organic",22,0
14389,1329,2026-03-06,"Standard","Atlantic","Referral",12.24,0
14390,984,2026-01-12,"Standard","Atlantic","Social",15.87,1
14391,2796,2026-04-29,"Discovery","Atlantic","Organic",32.19,0
14392,1261,2026-04-03,"Standard","Atlantic","Search",12.96,0
14393,3100,2026-06-04,"Signature","Atlantic","Referral",27.02,0
14394,802,2026-01-10,"Signature","Atlantic","Search",24.41,0
14395,2629,2026-06-28,"Signature","Atlantic","Referral",21.49,0
14396,1982,2026-06-21,"Standard","Atlantic","Social",15.38,0
14397,330,2026-04-19,"Signature","Atlantic","Retail_partner",20.09,0
14398,2550,2026-03-30,"Standard","Atlantic","Organic",12.79,1
14399,3888,2026-04-15,"Discovery","Atlantic","Retail_partner",29.53,0
14400,2767,2026-02-24,"Standard","Atlantic","Referral",17.91,0
14401,782,2026-04-22,"Signature","Atlantic","Search",22.01,0
14402,2360,2026-01-22,"Standard","Atlantic","Organic",16.87,1
14403,57,2026-06-08,"Standard","Atlantic","Referral",13.07,0
14404,308,2026-01-21,"Standard","Atlantic","Search",18.37,0
14405,3875,2026-06-21,"Signature","Ontario","Social",22.14,1
14406,1683,2026-01-16,"Standard","Atlantic","Organic",11.61,1
14407,3627,2026-05-01,"Signature","Atlantic","Search",29.13,1
14408,3714,2026-03-09,"Standard","Atlantic","Social",13.94,0
14409,1550,2026-04-20,"Signature","Atlantic","Search",25.36,0
14410,214,2026-02-10,"Standard","Atlantic","Organic",21.73,0
14411,1025,2026-06-22,"Discovery","Atlantic","Search",31.8,0
14412,2370,2026-03-08,"Standard","Atlantic","Organic",13.63,0
14413,3088,2026-01-05,"Standard","Atlantic","Social",11.94,1
14414,2376,2026-01-05,"Standard","Atlantic","Organic",19.65,0
14415,1095,2026-03-11,"Signature","Atlantic","Referral",22.08,0
14416,811,2026-04-28,"Standard","Atlantic","Retail_partner",14.86,0
14417,1888,2026-06-13,"Standard","Atlantic","Search",17.06,0
14418,2029,2026-04-16,"Standard","Atlantic","Social",12.59,0
14419,93,2026-06-21,"Signature","Atlantic","Search",25.03,0
14420,3759,2026-04-05,"Standard","Atlantic","Social",15.23,0
14421,2278,2026-01-25,"Standard","Atlantic","Search",13.12,1
14422,18,2026-05-11,"Standard","Atlantic","Organic",16.96,0
14423,3214,2026-06-30,"Signature","Ontario","Organic",23.97,0
14424,1959,2026-05-27,"Standard","Atlantic","Social",16.55,0
14425,1391,2026-05-19,"Discovery","Atlantic","Organic",28.6,0
14426,3010,2026-01-17,"Signature","Ontario","Search",21.67,0
14427,1275,2026-01-04,"Standard","Ontario","Search",14.98,1
14428,2277,2026-05-27,"Standard","Atlantic","Social",17.81,0
14429,1739,2026-05-05,"Signature","Atlantic","Search",23.24,0
14430,1888,2026-01-05,"Standard","Ontario","Search",15.2,0
14431,1570,2026-03-26,"Standard","Atlantic","Social",9.65,0
14432,3230,2026-01-29,"Standard","Atlantic","Referral",13.7,0
14433,318,2026-03-03,"Signature","Ontario","Organic",22.7,1
14434,1606,2026-01-27,"Standard","Atlantic","Organic",9.39,1
14435,3640,2026-01-18,"Standard","Atlantic","Organic",15.29,0
14436,2804,2026-06-11,"Standard","Ontario","Social",18.08,0
14437,593,2026-04-28,"Signature","Atlantic","Organic",29.64,0
14438,1836,2026-04-20,"Standard","Atlantic","Referral",13.27,0
14439,1967,2026-05-19,"Discovery","Atlantic","Social",32.5,0
14440,2115,2026-04-13,"Signature","Atlantic","Social",21.91,0
14441,2492,2026-02-03,"Standard","Atlantic","Organic",15.85,0
14442,3336,2026-02-13,"Standard","Atlantic","Organic",18.72,0
14443,2614,2026-01-31,"Standard","Atlantic","Social",13.57,0
14444,876,2026-01-24,"Discovery","Atlantic","Search",34.38,0
14445,622,2026-05-19,"Standard","Atlantic","Organic",14.88,0
14446,2435,2026-01-22,"Standard","Atlantic","Search",8.92,1
14447,2632,2026-01-17,"Signature","Atlantic","Social",16.82,0
14448,3475,2026-03-13,"Discovery","Atlantic","Referral",30.57,1
14449,31,2026-05-11,"Discovery","Atlantic","Retail_partner",32.37,0
14450,1518,2026-05-12,"Standard","Atlantic","Retail_partner",17.29,1
14451,3126,2026-05-27,"Standard","Atlantic","Referral",16.99,1
14452,1312,2026-04-20,"Signature","Atlantic","Retail_partner",20.38,0
14453,3639,2026-04-13,"Signature","Atlantic","Search",21,0
14454,921,2026-03-27,"Signature","Atlantic","Search",24.78,0
14455,644,2026-02-09,"Standard","Atlantic","Referral",16.34,0
14456,896,2026-04-07,"Discovery","Atlantic","Retail_partner",29.44,0
14457,1132,2026-02-05,"Standard","Atlantic","Social",19.48,0
14458,12,2026-03-18,"Signature","Atlantic","Organic",18.91,0
14459,1378,2026-04-20,"Standard","Ontario","Search",17.93,0
14460,1481,2026-05-03,"Discovery","Atlantic","Social",32.82,0
14461,539,2026-05-12,"Standard","Atlantic","Organic",18.37,1
14462,608,2026-02-23,"Signature","Atlantic","Social",21.04,0
14463,3416,2026-05-02,"Standard","Atlantic","Social",13.01,0
14464,2091,2026-06-02,"Standard","Atlantic","Social",19.96,0
14465,2003,2026-02-01,"Standard","Ontario","Organic",13.35,0
14466,751,2026-06-07,"Signature","Ontario","Organic",25.1,0
14467,3279,2026-05-15,"Standard","Atlantic","Search",17.75,0
14468,1506,2026-06-24,"Standard","Atlantic","Organic",11,1
14469,1413,2026-05-03,"Discovery","Atlantic","Social",30.12,0
14470,846,2026-01-05,"Standard","Atlantic","Retail_partner",16.78,0
14471,2370,2026-05-17,"Standard","Atlantic","Organic",11.59,0
14472,2028,2026-01-28,"Signature","Atlantic","Organic",20,1
14473,1552,2026-03-03,"Discovery","Atlantic","Referral",33.2,0
14474,2060,2026-05-18,"Signature","Atlantic","Organic",27.24,0
14475,1588,2026-01-30,"Signature","Atlantic","Organic",28.56,1
14476,3818,2026-05-09,"Standard","Atlantic","Referral",12.73,1
14477,3483,2026-01-13,"Standard","Atlantic","Organic",19,1
14478,3150,2026-01-05,"Standard","Atlantic","Organic",14.2,0
14479,1422,2026-05-13,"Signature","Atlantic","Search",25.47,0
14480,2222,2026-03-24,"Standard","Atlantic","Referral",13.13,0
14481,409,2026-01-31,"Signature","Atlantic","Referral",22.17,0
14482,1414,2026-03-28,"Signature","Atlantic","Social",22.26,0
14483,1673,2026-01-02,"Signature","Ontario","Organic",20.48,0
14484,3944,2026-04-10,"Standard","Atlantic","Social",14.51,0
14485,1397,2026-05-26,"Standard","Atlantic","Organic",16.36,0
14486,386,2026-06-14,"Discovery","Atlantic","Organic",32.25,0
14487,558,2026-05-13,"Standard","Atlantic","Social",12.57,0
14488,2640,2026-03-05,"Standard","Atlantic","Social",11.92,0
14489,2223,2026-02-05,"Standard","Atlantic","Search",14.71,0
14490,1456,2026-04-09,"Standard","Atlantic","Retail_partner",15.82,0
14491,432,2026-01-02,"Signature","Atlantic","Social",22.38,0
14492,1299,2026-05-23,"Standard","Atlantic","Organic",11.65,0
14493,2189,2026-01-27,"Signature","Ontario","Social",23.93,0
14494,1333,2026-05-12,"Standard","Ontario","Social",14.19,0
14495,2421,2026-03-17,"Discovery","Atlantic","Search",37.77,0
14496,2299,2026-02-13,"Signature","Ontario","Retail_partner",21.82,0
14497,885,2026-01-20,"Standard","Atlantic","Search",15.22,1
14498,863,2026-06-01,"Signature","Atlantic","Organic",22.57,0
14499,1384,2026-02-20,"Standard","Atlantic","Social",11.81,0
14500,1299,2026-01-13,"Standard","Atlantic","Organic",11.25,0
14501,226,2026-01-12,"Discovery","Atlantic","Search",32.33,0
14502,1073,2026-02-27,"Standard","Atlantic","Search",14.1,0
14503,771,2026-05-10,"Standard","Atlantic","Organic",15.02,0
14504,1447,2026-03-14,"Standard","Atlantic","Referral",13.65,0
14505,328,2026-06-01,"Standard","Atlantic","Referral",12.83,0
14506,2805,2026-02-12,"Discovery","Atlantic","Social",31.91,0
14507,71,2026-06-12,"Signature","Atlantic","Organic",24.92,1
14508,1391,2026-03-24,"Discovery","Atlantic","Search",31.99,0
14509,2359,2026-05-07,"Standard","Atlantic","Retail_partner",19.17,0
14510,3247,2026-03-19,"Standard","Ontario","Organic",15.32,1
14511,3498,2026-06-02,"Signature","Atlantic","Social",24.69,0
14512,1380,2026-06-22,"Standard","Atlantic","Organic",18.12,0
14513,3707,2026-06-25,"Discovery","Atlantic","Social",29.96,1
14514,793,2026-01-22,"Signature","Atlantic","Organic",19.36,0
14515,1112,2026-02-18,"Standard","Atlantic","Retail_partner",18.42,0
14516,67,2026-04-12,"Standard","Atlantic","Social",13.23,0
14517,1212,2026-02-17,"Standard","Atlantic","Organic",20.08,1
14518,3137,2026-02-05,"Standard","Atlantic","Retail_partner",21.17,0
14519,3745,2026-04-23,"Signature","Atlantic","Social",21,0
14520,3018,2026-02-28,"Standard","Ontario","Referral",17.43,0
14521,858,2026-02-03,"Standard","Ontario","Search",17.29,1
14522,2721,2026-04-03,"Standard","Atlantic","Search",15.95,0
14523,1832,2026-06-17,"Standard","Atlantic","Social",15.14,1
14524,3008,2026-01-20,"Standard","Atlantic","Social",16.18,0
14525,3589,2026-03-11,"Signature","Atlantic","Social",26.91,0
14526,2676,2026-03-24,"Standard","Atlantic","Organic",12.56,0
14527,426,2026-06-05,"Signature","Atlantic","Referral",24.78,0
14528,1744,2026-05-14,"Standard","Atlantic","Referral",16.53,0
14529,2014,2026-03-27,"Signature","Ontario","Search",23.03,0
14530,3627,2026-01-16,"Standard","Atlantic","Referral",12.96,0
14531,881,2026-04-26,"Standard","Atlantic","Organic",11.94,0
14532,3622,2026-04-06,"Standard","Ontario","Referral",15.92,0
14533,3700,2026-04-19,"Discovery","Ontario","Organic",32.04,0
14534,2798,2026-05-15,"Discovery","Atlantic","Search",33.91,1
14535,3031,2026-04-17,"Standard","Atlantic","Retail_partner",16.91,0
14536,2022,2026-02-15,"Standard","Ontario","Search",14.71,0
14537,3880,2026-02-20,"Signature","Atlantic","Organic",17.84,1
14538,3826,2026-04-14,"Standard","Ontario","Referral",16.09,1
14539,2523,2026-01-20,"Standard","Atlantic","Organic",16.05,0
14540,2365,2026-06-07,"Signature","Ontario","Search",22.23,0
14541,2355,2026-01-06,"Standard","Atlantic","Search",15.18,1
14542,2058,2026-04-29,"Standard","Ontario","Organic",16.45,1
14543,3495,2026-03-23,"Signature","Atlantic","Organic",27.9,1
14544,3966,2026-06-06,"Standard","Atlantic","Search",14.39,1
14545,3315,2026-03-26,"Signature","Atlantic","Referral",24.15,0
14546,2881,2026-03-07,"Standard","Atlantic","Organic",13.94,1
14547,3866,2026-01-22,"Standard","Atlantic","Organic",13.62,0
14548,3955,2026-01-29,"Discovery","Atlantic","Retail_partner",35.58,1
14549,1948,2026-06-13,"Standard","Atlantic","Search",16.08,0
14550,3138,2026-03-10,"Signature","Atlantic","Social",22.14,0
14551,1050,2026-06-13,"Standard","Atlantic","Social",16.15,0
14552,1876,2026-03-21,"Signature","Atlantic","Social",20.05,0
14553,148,2026-01-12,"Standard","Atlantic","Search",14.5,0
14554,3831,2026-04-05,"Standard","Ontario","Organic",13.84,0
14555,844,2026-06-09,"Standard","Atlantic","Retail_partner",10.73,0
14556,1265,2026-05-31,"Standard","Ontario","Search",18.79,0
14557,3584,2026-06-17,"Standard","Atlantic","Organic",16.45,0
14558,2709,2026-03-28,"Signature","Ontario","Search",21.58,0
14559,2720,2026-01-18,"Signature","Atlantic","Referral",20.08,0
14560,3084,2026-04-08,"Standard","Atlantic","Search",13.88,0
14561,3170,2026-05-15,"Signature","Atlantic","Organic",24.89,1
14562,3971,2026-01-27,"Standard","Atlantic","Organic",10.64,0
14563,823,2026-04-10,"Standard","Ontario","Organic",17.3,1
14564,232,2026-01-14,"Signature","Ontario","Referral",27.79,0
14565,2685,2026-04-05,"Standard","Atlantic","Social",13.35,0
14566,3386,2026-03-08,"Discovery","Atlantic","Organic",34.3,0
14567,1876,2026-05-12,"Standard","Ontario","Organic",16.61,0
14568,496,2026-05-29,"Discovery","Ontario","Organic",33.86,0
14569,2588,2026-06-22,"Standard","Atlantic","Retail_partner",17.68,0
14570,1957,2026-02-04,"Discovery","Ontario","Search",33.18,0
14571,839,2026-01-09,"Signature","Atlantic","Referral",21.87,0
14572,97,2026-01-12,"Discovery","Atlantic","Referral",31.21,0
14573,2123,2026-04-04,"Standard","Atlantic","Social",11.44,0
14574,3499,2026-05-06,"Signature","Atlantic","Referral",26.8,1
14575,910,2026-01-09,"Signature","Atlantic","Search",16.46,0
14576,1307,2026-05-01,"Signature","Atlantic","Social",23.82,0
14577,2669,2026-02-12,"Standard","Ontario","Organic",16.95,0
14578,1961,2026-02-23,"Standard","Atlantic","Social",13.24,1
14579,2108,2026-06-07,"Standard","Atlantic","Retail_partner",13.95,0
14580,235,2026-06-01,"Standard","Atlantic","Referral",13.45,0
14581,101,2026-04-17,"Standard","Atlantic","Referral",14.56,0
14582,2157,2026-04-02,"Signature","Atlantic","Organic",15.33,0
14583,2075,2026-05-19,"Standard","Atlantic","Search",11.42,0
14584,1246,2026-04-29,"Standard","Atlantic","Social",14.98,0
14585,540,2026-03-03,"Discovery","Atlantic","Organic",33.21,0
14586,1860,2026-03-26,"Signature","Atlantic","Social",21.6,1
14587,2635,2026-02-25,"Standard","Atlantic","Organic",14.56,0
14588,789,2026-05-14,"Standard","Atlantic","Organic",15.15,0
14589,1574,2026-02-17,"Standard","Ontario","Organic",18.67,0
14590,504,2026-02-25,"Discovery","Atlantic","Search",36.53,0
14591,3872,2026-06-30,"Standard","Atlantic","Social",13.61,0
14592,1818,2026-05-14,"Standard","Atlantic","Retail_partner",14.36,0
14593,1396,2026-03-04,"Standard","Atlantic","Retail_partner",14.06,0
14594,1345,2026-05-15,"Signature","Atlantic","Social",20.64,0
14595,2235,2026-03-31,"Standard","Ontario","Organic",15.39,0
14596,767,2026-05-13,"Signature","Ontario","Referral",23.39,0
14597,2748,2026-01-20,"Standard","Atlantic","Organic",14.6,0
14598,3840,2026-05-15,"Signature","Atlantic","Organic",22.61,1
14599,3999,2026-03-06,"Standard","Atlantic","Organic",12.67,1
14600,1841,2026-03-21,"Standard","Atlantic","Social",16.17,0
14601,3277,2026-02-23,"Standard","Atlantic","Search",13.71,1
14602,3326,2026-02-05,"Signature","Atlantic","Organic",25.18,1
14603,3474,2026-04-02,"Signature","Atlantic","Organic",22.18,0
14604,2363,2026-05-17,"Discovery","Ontario","Organic",39.29,1
14605,2846,2026-06-12,"Standard","Atlantic","Retail_partner",16.72,1
14606,2294,2026-02-10,"Standard","Atlantic","Social",14.8,0
14607,468,2026-04-14,"Standard","Atlantic","Organic",12.25,0
14608,735,2026-05-07,"Standard","Ontario","Referral",16.91,1
14609,3751,2026-05-12,"Discovery","Atlantic","Social",33.57,0
14610,2857,2026-02-26,"Discovery","Atlantic","Retail_partner",26.32,0
14611,3904,2026-02-17,"Standard","Atlantic","Referral",12.48,0
14612,3485,2026-04-27,"Standard","Atlantic","Organic",15.21,0
14613,1955,2026-05-11,"Standard","Ontario","Organic",12.83,1
14614,489,2026-01-08,"Discovery","Atlantic","Social",31.65,0
14615,3746,2026-04-06,"Standard","Atlantic","Search",17.78,0
14616,3627,2026-03-21,"Signature","Atlantic","Search",23.95,1
14617,1576,2026-01-13,"Standard","Atlantic","Organic",13.01,0
14618,3265,2026-02-24,"Discovery","Atlantic","Referral",30.63,1
14619,2655,2026-06-17,"Standard","Atlantic","Search",18.86,0
14620,3161,2026-02-12,"Standard","Atlantic","Social",12.9,1
14621,2841,2026-06-26,"Standard","Atlantic","Search",15.45,0
14622,775,2026-05-15,"Standard","Atlantic","Organic",13.14,0
14623,1619,2026-03-13,"Discovery","Atlantic","Social",27.12,0
14624,2334,2026-06-24,"Standard","Atlantic","Search",12.15,1
14625,3152,2026-01-08,"Signature","Ontario","Social",23.65,0
14626,354,2026-05-03,"Signature","Atlantic","Referral",19.41,0
14627,3419,2026-03-07,"Signature","Ontario","Referral",23.36,0
14628,2516,2026-05-06,"Standard","Ontario","Referral",15.7,0
14629,3533,2026-01-28,"Standard","Atlantic","Search",20.65,0
14630,2797,2026-02-21,"Standard","Atlantic","Social",17.44,1
14631,1639,2026-03-30,"Standard","Ontario","Retail_partner",13.72,0
14632,1432,2026-05-09,"Standard","Ontario","Organic",10.39,0
14633,2269,2026-01-15,"Standard","Atlantic","Search",14,1
14634,3580,2026-05-29,"Standard","Atlantic","Organic",13.87,1
14635,2388,2026-01-08,"Signature","Ontario","Search",17.38,1
14636,2729,2026-01-06,"Standard","Atlantic","Social",16.82,0
14637,519,2026-02-08,"Standard","Ontario","Organic",17.18,0
14638,2108,2026-02-27,"Signature","Atlantic","Social",22.09,0
14639,1267,2026-04-06,"Standard","Atlantic","Social",15.83,0
14640,3943,2026-05-17,"Signature","Atlantic","Social",21.89,0
14641,3753,2026-06-07,"Discovery","Atlantic","Social",35.16,0
14642,668,2026-03-10,"Standard","Atlantic","Organic",12.64,0
14643,2881,2026-03-23,"Standard","Atlantic","Search",11.83,0
14644,496,2026-05-10,"Signature","Atlantic","Organic",18.79,0
14645,1646,2026-04-03,"Standard","Atlantic","Organic",15.6,0
14646,1044,2026-02-10,"Standard","Atlantic","Social",16.06,0
14647,2356,2026-06-25,"Signature","Atlantic","Organic",20.97,0
14648,3301,2026-01-26,"Signature","Atlantic","Search",23.87,0
14649,1285,2026-03-20,"Standard","Atlantic","Organic",11.66,0
14650,3438,2026-02-11,"Standard","Atlantic","Referral",16.38,0
14651,372,2026-02-11,"Standard","Atlantic","Organic",15.94,0
14652,3262,2026-01-19,"Signature","Ontario","Social",23.66,0
14653,1816,2026-05-01,"Standard","Atlantic","Retail_partner",15.99,0
14654,3283,2026-04-15,"Standard","Ontario","Search",15.98,0
14655,2573,2026-06-21,"Signature","Atlantic","Search",20.6,0
14656,2282,2026-03-09,"Discovery","Atlantic","Referral",27.63,0
14657,856,2026-04-24,"Discovery","Atlantic","Search",34.47,0
14658,3055,2026-01-19,"Standard","Atlantic","Retail_partner",13.95,1
14659,3071,2026-02-06,"Discovery","Ontario","Organic",36.79,0
14660,891,2026-05-24,"Signature","Ontario","Referral",24.1,0
14661,3615,2026-04-11,"Signature","Atlantic","Social",26.74,1
14662,3443,2026-05-26,"Standard","Atlantic","Organic",19,0
14663,151,2026-01-17,"Standard","Ontario","Organic",14.75,1
14664,3979,2026-01-14,"Signature","Atlantic","Social",21.54,0
14665,3532,2026-02-06,"Signature","Atlantic","Search",20.16,0
14666,1030,2026-06-29,"Standard","Atlantic","Retail_partner",19.66,0
14667,3345,2026-01-28,"Standard","Atlantic","Organic",14.81,0
14668,2875,2026-04-20,"Standard","Atlantic","Organic",15.05,0
14669,2010,2026-06-15,"Standard","Atlantic","Social",19.02,0
14670,1797,2026-04-14,"Discovery","Atlantic","Social",32.23,0
14671,2488,2026-01-12,"Standard","Atlantic","Organic",12.73,0
14672,289,2026-02-04,"Standard","Atlantic","Organic",10.05,0
14673,402,2026-01-26,"Standard","Atlantic","Search",13.54,1
14674,726,2026-06-13,"Discovery","Atlantic","Retail_partner",35.35,1
14675,233,2026-02-22,"Signature","Atlantic","Organic",19.81,0
14676,3883,2026-04-01,"Standard","Atlantic","Organic",18.97,0
14677,2036,2026-03-10,"Signature","Atlantic","Search",17.93,0
14678,2544,2026-04-26,"Standard","Atlantic","Retail_partner",14,0
14679,3173,2026-04-04,"Standard","Atlantic","Organic",19.75,1
14680,227,2026-06-16,"Standard","Atlantic","Referral",17.16,0
14681,487,2026-04-27,"Standard","Atlantic","Social",13.89,0
14682,84,2026-04-16,"Discovery","Atlantic","Social",33.66,0
14683,1252,2026-03-18,"Signature","Atlantic","Search",22.43,0
14684,843,2026-05-20,"Discovery","Ontario","Organic",31.92,0
14685,2619,2026-06-22,"Standard","Atlantic","Referral",17.38,0
14686,1295,2026-03-06,"Signature","Ontario","Search",24.27,0
14687,1571,2026-06-10,"Standard","Ontario","Organic",14.35,0
14688,272,2026-05-28,"Signature","Atlantic","Referral",21.26,0
14689,2546,2026-06-05,"Discovery","Atlantic","Referral",38.47,0
14690,3571,2026-05-20,"Standard","Ontario","Social",15.55,0
14691,3987,2026-06-02,"Signature","Atlantic","Organic",26.26,0
14692,1153,2026-06-03,"Standard","Atlantic","Organic",12.19,0
14693,486,2026-04-17,"Discovery","Atlantic","Organic",33,0
14694,304,2026-02-08,"Standard","Atlantic","Social",16.19,0
14695,2015,2026-01-14,"Standard","Atlantic","Search",10.63,0
14696,3058,2026-06-10,"Standard","Atlantic","Retail_partner",12.99,0
14697,3774,2026-06-26,"Standard","Ontario","Search",15.37,0
14698,2445,2026-05-20,"Discovery","Atlantic","Referral",31.65,0
14699,2333,2026-04-28,"Standard","Atlantic","Search",16.36,0
14700,1465,2026-02-21,"Signature","Atlantic","Referral",26.72,1
14701,2578,2026-02-08,"Standard","Atlantic","Social",12.22,0
14702,937,2026-01-30,"Signature","Atlantic","Social",23.56,1
14703,3957,2026-06-28,"Signature","Atlantic","Search",20.21,0
14704,397,2026-03-12,"Signature","Atlantic","Search",20.05,0
14705,2652,2026-04-11,"Signature","Atlantic","Organic",22.78,0
14706,2033,2026-03-12,"Standard","Atlantic","Search",14.49,0
14707,189,2026-01-22,"Standard","Ontario","Organic",15.96,0
14708,3918,2026-01-18,"Standard","Atlantic","Social",14.85,1
14709,3550,2026-02-02,"Discovery","Atlantic","Organic",33.97,0
14710,1493,2026-01-25,"Standard","Atlantic","Referral",14.44,1
14711,1224,2026-05-01,"Standard","Atlantic","Referral",13.76,1
14712,2658,2026-01-20,"Standard","Atlantic","Organic",15.52,1
14713,1591,2026-06-27,"Discovery","Atlantic","Social",33.5,0
14714,880,2026-06-25,"Signature","Atlantic","Organic",23.22,1
14715,2647,2026-03-22,"Standard","Ontario","Organic",14.32,1
14716,2255,2026-01-13,"Signature","Atlantic","Social",26.61,0
14717,2190,2026-01-20,"Standard","Ontario","Organic",14.37,0
14718,437,2026-01-21,"Standard","Ontario","Organic",14.64,1
14719,182,2026-01-24,"Discovery","Atlantic","Social",35.1,0
14720,942,2026-06-03,"Standard","Atlantic","Search",14.96,0
14721,2218,2026-02-28,"Standard","Atlantic","Retail_partner",9.83,0
14722,170,2026-05-19,"Signature","Atlantic","Organic",24.26,0
14723,3274,2026-03-13,"Standard","Atlantic","Social",17.11,0
14724,2938,2026-05-26,"Signature","Atlantic","Organic",20.53,0
14725,2199,2026-03-25,"Signature","Atlantic","Organic",22.93,1
14726,384,2026-04-17,"Discovery","Atlantic","Referral",29.17,0
14727,983,2026-01-13,"Signature","Atlantic","Social",23.98,0
14728,1440,2026-05-10,"Standard","Atlantic","Organic",14.2,0
14729,2489,2026-05-29,"Discovery","Ontario","Search",35.24,0
14730,215,2026-02-22,"Signature","Atlantic","Social",24.81,1
14731,2288,2026-06-26,"Standard","Atlantic","Search",15.07,0
14732,1944,2026-01-17,"Standard","Atlantic","Social",13.74,0
14733,2681,2026-04-15,"Standard","Atlantic","Referral",11.47,0
14734,594,2026-05-11,"Discovery","Ontario","Organic",32.91,0
14735,2827,2026-06-14,"Signature","Atlantic","Organic",22.46,1
14736,2282,2026-04-21,"Standard","Ontario","Organic",12.59,0
14737,1821,2026-06-01,"Standard","Ontario","Organic",16.76,0
14738,666,2026-01-03,"Standard","Atlantic","Referral",15.4,0
14739,1473,2026-04-09,"Standard","Atlantic","Organic",16.99,0
14740,1824,2026-01-27,"Discovery","Atlantic","Social",32.77,0
14741,1393,2026-02-03,"Standard","Atlantic","Search",13.69,1
14742,1607,2026-04-28,"Standard","Atlantic","Social",11.14,0
14743,1938,2026-04-27,"Signature","Atlantic","Retail_partner",23.38,0
14744,2114,2026-03-26,"Signature","Atlantic","Organic",25.45,1
14745,613,2026-01-09,"Discovery","Atlantic","Social",33.84,0
14746,3302,2026-06-25,"Standard","Atlantic","Social",18.96,0
14747,1249,2026-05-24,"Standard","Atlantic","Search",17.29,0
14748,1334,2026-05-24,"Signature","Atlantic","Organic",21.27,0
14749,2192,2026-02-12,"Standard","Ontario","Search",18.04,0
14750,3416,2026-05-07,"Standard","Atlantic","Referral",11.07,1
14751,2825,2026-03-13,"Standard","Atlantic","Referral",14.64,0
14752,3045,2026-04-17,"Standard","Ontario","Referral",15.8,0
14753,1212,2026-02-14,"Standard","Atlantic","Referral",17.5,1
14754,1134,2026-04-04,"Standard","Atlantic","Search",13.29,1
14755,2504,2026-04-16,"Standard","Ontario","Search",15.65,0
14756,1481,2026-06-11,"Standard","Atlantic","Retail_partner",20.47,1
14757,3826,2026-05-28,"Discovery","Ontario","Organic",28.25,0
14758,540,2026-06-29,"Signature","Atlantic","Organic",21.57,0
14759,3675,2026-02-26,"Standard","Atlantic","Search",16.81,0
14760,2775,2026-02-24,"Signature","Atlantic","Organic",17.23,0
14761,3351,2026-01-03,"Standard","Ontario","Search",15.11,1
14762,2641,2026-06-03,"Standard","Atlantic","Social",12.88,1
14763,201,2026-03-28,"Standard","Ontario","Retail_partner",15.88,1
14764,2530,2026-05-27,"Signature","Atlantic","Organic",23.55,0
14765,3237,2026-05-30,"Standard","Atlantic","Search",13.51,0
14766,312,2026-03-04,"Standard","Atlantic","Retail_partner",16.47,0
14767,238,2026-01-23,"Signature","Atlantic","Referral",21.6,0
14768,66,2026-06-23,"Signature","Atlantic","Organic",19.88,1
14769,1436,2026-06-08,"Discovery","Atlantic","Organic",33.18,0
14770,1954,2026-04-23,"Standard","Ontario","Social",13.26,0
14771,1330,2026-01-30,"Standard","Atlantic","Organic",17.75,1
14772,3576,2026-04-20,"Standard","Atlantic","Organic",18.72,1
14773,591,2026-01-17,"Standard","Atlantic","Social",14.96,0
14774,1230,2026-05-31,"Standard","Ontario","Social",17.34,1
14775,3511,2026-01-12,"Standard","Atlantic","Search",14.07,0
14776,3930,2026-01-20,"Standard","Atlantic","Organic",14.9,1
14777,2673,2026-04-12,"Standard","Atlantic","Social",13.64,0
14778,798,2026-05-18,"Standard","Atlantic","Organic",13.09,0
14779,445,2026-01-20,"Signature","Atlantic","Search",21.93,0
14780,3484,2026-01-22,"Standard","Atlantic","Retail_partner",13.83,0
14781,468,2026-01-19,"Standard","Atlantic","Search",14.35,0
14782,3846,2026-05-25,"Signature","Atlantic","Organic",25.07,0
14783,3996,2026-03-10,"Signature","Atlantic","Search",21.44,0
14784,501,2026-04-26,"Signature","Atlantic","Organic",20.82,1
14785,3194,2026-05-27,"Discovery","Ontario","Organic",35.69,0
14786,2713,2026-01-27,"Standard","Atlantic","Referral",18.87,0
14787,1251,2026-01-31,"Discovery","Atlantic","Social",30.52,0
14788,2429,2026-02-01,"Discovery","Atlantic","Search",33.52,0
14789,3764,2026-06-04,"Signature","Atlantic","Referral",22.91,0
14790,3850,2026-05-05,"Signature","Atlantic","Social",24.48,0
14791,3684,2026-01-23,"Signature","Atlantic","Search",23.52,0
14792,2148,2026-03-27,"Standard","Atlantic","Organic",15.38,0
14793,1390,2026-04-29,"Standard","Atlantic","Search",16.66,0
14794,1469,2026-04-16,"Signature","Atlantic","Search",21.19,0
14795,2003,2026-02-12,"Signature","Atlantic","Referral",22.02,1
14796,2988,2026-04-29,"Standard","Atlantic","Search",15.72,0
14797,1080,2026-02-15,"Discovery","Atlantic","Organic",37.78,0
14798,2535,2026-03-31,"Standard","Atlantic","Social",12.37,1
14799,3851,2026-03-17,"Discovery","Atlantic","Organic",33.28,0
14800,1071,2026-02-03,"Standard","Ontario","Referral",17.68,0
14801,1858,2026-07-01,"Standard","Atlantic","Referral",16.23,0
14802,3649,2026-05-27,"Standard","Atlantic","Organic",10.78,0
14803,2114,2026-03-24,"Signature","Atlantic","Referral",23.31,1
14804,3024,2026-03-08,"Signature","Ontario","Social",28.07,0
14805,2263,2026-04-18,"Signature","Atlantic","Organic",20.14,0
14806,3592,2026-05-21,"Discovery","Atlantic","Referral",34.33,1
14807,1640,2026-03-17,"Standard","Atlantic","Organic",11.39,1
14808,2107,2026-02-23,"Signature","Atlantic","Social",23.66,0
14809,3212,2026-05-28,"Standard","Atlantic","Organic",11.61,0
14810,3757,2026-04-26,"Signature","Atlantic","Social",23.39,0
14811,3135,2026-01-08,"Discovery","Atlantic","Search",28.27,0
14812,3619,2026-02-09,"Signature","Atlantic","Retail_partner",16.32,0
14813,2870,2026-04-09,"Standard","Atlantic","Social",18.1,0
14814,47,2026-03-29,"Signature","Atlantic","Search",23.16,0
14815,1256,2026-04-30,"Standard","Atlantic","Search",11.77,1
14816,43,2026-01-10,"Signature","Atlantic","Retail_partner",19.09,1
14817,1671,2026-02-02,"Standard","Ontario","Retail_partner",21.02,1
14818,1468,2026-02-07,"Signature","Atlantic","Referral",21.92,0
14819,3806,2026-04-30,"Discovery","Atlantic","Retail_partner",30.69,0
14820,961,2026-03-23,"Standard","Ontario","Organic",19.15,0
14821,378,2026-03-03,"Standard","Atlantic","Search",17.64,1
14822,1823,2026-05-09,"Standard","Ontario","Referral",15.61,0
14823,545,2026-03-02,"Discovery","Atlantic","Retail_partner",29.36,0
14824,3983,2026-03-04,"Signature","Ontario","Organic",24.62,0
14825,1880,2026-05-19,"Signature","Ontario","Social",23.18,0
14826,1672,2026-02-18,"Signature","Atlantic","Referral",21.58,0
14827,3855,2026-06-07,"Signature","Atlantic","Social",21.21,0
14828,3263,2026-03-25,"Signature","Atlantic","Organic",20.53,0
14829,3327,2026-02-01,"Standard","Atlantic","Social",11.77,0
14830,1435,2026-03-13,"Signature","Ontario","Retail_partner",26.12,0
14831,720,2026-04-16,"Discovery","Atlantic","Organic",32.93,0
14832,3576,2026-06-30,"Signature","Atlantic","Organic",21.5,0
14833,2117,2026-06-01,"Signature","Atlantic","Social",24.06,1
14834,43,2026-01-22,"Signature","Atlantic","Social",20.65,0
14835,3794,2026-01-05,"Signature","Atlantic","Social",21.87,0
14836,3053,2026-05-12,"Signature","Atlantic","Organic",28.72,0
14837,440,2026-03-21,"Signature","Atlantic","Social",22.91,0
14838,3920,2026-02-18,"Standard","Atlantic","Organic",11.41,1
14839,3346,2026-03-19,"Discovery","Atlantic","Referral",31.71,0
14840,103,2026-06-04,"Standard","Atlantic","Referral",15.29,0
14841,23,2026-06-05,"Signature","Atlantic","Organic",27.35,0
14842,3537,2026-05-10,"Standard","Atlantic","Referral",15.89,0
14843,1049,2026-04-28,"Signature","Atlantic","Organic",20.21,1
14844,1542,2026-03-13,"Signature","Atlantic","Social",17.3,0
14845,1051,2026-06-19,"Standard","Atlantic","Organic",11.51,0
14846,1539,2026-03-08,"Standard","Atlantic","Search",11.71,0
14847,2458,2026-04-18,"Standard","Atlantic","Organic",10.18,1
14848,1904,2026-06-24,"Discovery","Atlantic","Referral",34.6,0
14849,3444,2026-06-18,"Standard","Atlantic","Organic",17.9,0
14850,1772,2026-06-03,"Standard","Atlantic","Referral",14.02,0
14851,3393,2026-05-16,"Signature","Atlantic","Social",22.92,1
14852,1418,2026-06-07,"Standard","Atlantic","Search",17.3,0
14853,1082,2026-04-25,"Discovery","Atlantic","Social",33.93,0
14854,272,2026-05-13,"Discovery","Atlantic","Social",28.03,0
14855,128,2026-01-10,"Standard","Ontario","Search",12.43,0
14856,3211,2026-03-03,"Standard","Atlantic","Search",15.58,0
14857,99,2026-01-04,"Standard","Atlantic","Social",10.95,0
14858,225,2026-05-11,"Standard","Atlantic","Organic",17.91,0
14859,121,2026-06-07,"Signature","Atlantic","Organic",22.82,1
14860,2219,2026-04-28,"Standard","Ontario","Retail_partner",19.99,0
14861,3592,2026-01-06,"Standard","Ontario","Social",17.45,0
14862,1518,2026-01-28,"Signature","Atlantic","Organic",22.18,0
14863,638,2026-02-06,"Standard","Atlantic","Referral",13.38,0
14864,1017,2026-01-12,"Standard","Atlantic","Retail_partner",17.55,1
14865,625,2026-04-21,"Signature","Atlantic","Organic",19.29,0
14866,1160,2026-04-29,"Signature","Atlantic","Organic",24.66,0
14867,3397,2026-03-14,"Signature","Atlantic","Search",27.06,0
14868,3686,2026-02-23,"Signature","Ontario","Organic",20.46,0
14869,621,2026-03-03,"Standard","Ontario","Search",15.2,0
14870,2594,2026-06-25,"Discovery","Atlantic","Referral",32.65,0
14871,3494,2026-05-31,"Signature","Atlantic","Social",22.78,0
14872,3338,2026-01-14,"Standard","Ontario","Social",14.6,0
14873,1444,2026-05-24,"Standard","Atlantic","Social",13.35,1
14874,2886,2026-02-20,"Standard","Ontario","Referral",15.53,0
14875,1863,2026-05-31,"Standard","Atlantic","Referral",14.52,0
14876,1180,2026-06-05,"Standard","Atlantic","Social",19.2,1
14877,813,2026-02-25,"Standard","Ontario","Organic",17.56,0
14878,3113,2026-05-14,"Standard","Atlantic","Organic",11.93,0
14879,179,2026-01-12,"Signature","Atlantic","Organic",28.88,0
14880,53,2026-03-27,"Standard","Atlantic","Search",17.07,0
14881,3754,2026-05-08,"Standard","Atlantic","Social",13.29,0
14882,2111,2026-04-30,"Standard","Atlantic","Organic",11.82,0
14883,2120,2026-02-08,"Standard","Atlantic","Search",13.37,0
14884,982,2026-05-21,"Standard","Atlantic","Organic",17.95,0
14885,2462,2026-06-14,"Standard","Atlantic","Social",16.15,0
14886,3264,2026-03-23,"Standard","Atlantic","Social",13.54,0
14887,1642,2026-01-27,"Discovery","Atlantic","Search",33.77,0
14888,2047,2026-02-14,"Signature","Ontario","Social",22.08,1
14889,1727,2026-05-18,"Standard","Atlantic","Organic",17.68,1
14890,993,2026-01-11,"Signature","Atlantic","Referral",20.98,0
14891,1019,2026-06-27,"Signature","Atlantic","Organic",26.94,0
14892,3950,2026-03-02,"Standard","Ontario","Organic",16.6,0
14893,1903,2026-01-06,"Standard","Atlantic","Search",9.7,1
14894,2544,2026-06-13,"Standard","Atlantic","Organic",20.41,1
14895,2789,2026-01-20,"Standard","Atlantic","Referral",13.73,1
14896,1012,2026-04-20,"Standard","Atlantic","Organic",14.66,0
14897,3813,2026-05-22,"Standard","Atlantic","Organic",16.02,0
14898,1852,2026-06-06,"Signature","Atlantic","Search",16.47,0
14899,1220,2026-04-16,"Discovery","Atlantic","Search",30.28,0
14900,2128,2026-05-20,"Standard","Atlantic","Search",19.21,1
14901,3757,2026-04-15,"Signature","Atlantic","Search",18.98,0
14902,1616,2026-05-22,"Standard","Atlantic","Social",14.69,0
14903,3334,2026-04-11,"Standard","Ontario","Organic",13.41,0
14904,2776,2026-05-17,"Standard","Atlantic","Social",12.2,0
14905,2176,2026-04-22,"Discovery","Atlantic","Organic",33.62,1
14906,161,2026-04-25,"Discovery","Atlantic","Search",29.83,1
14907,322,2026-02-11,"Standard","Ontario","Social",17.14,0
14908,237,2026-01-04,"Standard","Ontario","Referral",18.64,0
14909,852,2026-05-13,"Standard","Atlantic","Organic",13.75,0
14910,3724,2026-02-09,"Standard","Atlantic","Organic",15.08,1
14911,2519,2026-03-17,"Standard","Atlantic","Retail_partner",16.61,0
14912,2479,2026-06-09,"Discovery","Atlantic","Social",33.1,0
14913,2702,2026-04-30,"Standard","Atlantic","Referral",14.86,1
14914,3731,2026-07-01,"Standard","Atlantic","Search",15.81,1
14915,1485,2026-04-30,"Standard","Atlantic","Search",14.6,0
14916,841,2026-02-15,"Standard","Atlantic","Organic",10.24,0
14917,3002,2026-04-08,"Discovery","Ontario","Social",31.28,0
14918,3881,2026-02-04,"Discovery","Atlantic","Social",32.66,0
14919,3358,2026-01-10,"Standard","Ontario","Search",11.74,0
14920,3698,2026-02-16,"Standard","Ontario","Organic",13.15,0
14921,1925,2026-05-25,"Standard","Atlantic","Organic",17.22,1
14922,63,2026-03-03,"Signature","Atlantic","Search",18.69,0
14923,2941,2026-06-28,"Signature","Atlantic","Search",22.12,0
14924,760,2026-06-02,"Standard","Atlantic","Referral",13.47,0
14925,3973,2026-06-20,"Standard","Atlantic","Search",16.47,0
14926,3305,2026-01-03,"Discovery","Atlantic","Referral",32.89,0
14927,3876,2026-07-01,"Discovery","Atlantic","Search",35.85,0
14928,606,2026-03-14,"Signature","Atlantic","Organic",20.72,0
14929,3421,2026-03-27,"Signature","Atlantic","Organic",17.92,0
14930,2979,2026-01-21,"Standard","Ontario","Retail_partner",11.12,1
14931,2914,2026-01-19,"Standard","Atlantic","Search",16.68,0
14932,1162,2026-03-18,"Standard","Atlantic","Referral",15.28,0
14933,785,2026-06-21,"Signature","Atlantic","Social",17.1,0
14934,3759,2026-06-18,"Signature","Atlantic","Social",20.09,0
14935,2626,2026-02-01,"Standard","Atlantic","Social",15.67,0
14936,1277,2026-05-07,"Standard","Ontario","Organic",15.47,0
14937,1978,2026-05-30,"Discovery","Atlantic","Organic",32.86,0
14938,3795,2026-04-26,"Signature","Atlantic","Social",24.65,0
14939,3279,2026-05-13,"Standard","Atlantic","Organic",19.09,0
14940,1463,2026-02-08,"Signature","Atlantic","Organic",19.71,1
14941,195,2026-06-13,"Standard","Atlantic","Retail_partner",16.16,1
14942,967,2026-03-25,"Standard","Ontario","Search",14.46,0
14943,833,2026-02-11,"Discovery","Ontario","Organic",35.57,0
14944,3593,2026-03-05,"Standard","Atlantic","Organic",13.25,0
14945,2080,2026-03-20,"Standard","Atlantic","Social",15.25,0
14946,3026,2026-02-15,"Signature","Atlantic","Organic",22.85,1
14947,1713,2026-01-26,"Discovery","Atlantic","Retail_partner",30.74,0
14948,1001,2026-05-20,"Standard","Ontario","Referral",13.32,0
14949,398,2026-04-16,"Standard","Atlantic","Organic",15.32,0
14950,1126,2026-06-10,"Standard","Atlantic","Social",14.05,1
14951,399,2026-06-11,"Discovery","Atlantic","Search",30.35,0
14952,400,2026-06-05,"Standard","Ontario","Organic",15.23,1
14953,2778,2026-04-03,"Standard","Atlantic","Referral",16.5,1
14954,3875,2026-04-29,"Signature","Atlantic","Search",18.92,0
14955,2555,2026-02-01,"Signature","Atlantic","Referral",22.81,0
14956,616,2026-02-19,"Standard","Atlantic","Social",12.17,0
14957,948,2026-01-11,"Standard","Atlantic","Organic",12.27,0
14958,3361,2026-02-19,"Signature","Ontario","Organic",25.06,0
14959,2815,2026-03-10,"Signature","Atlantic","Social",22.52,0
14960,305,2026-03-10,"Standard","Ontario","Referral",20.57,0
14961,1386,2026-03-14,"Standard","Atlantic","Search",15.79,0
14962,2134,2026-02-01,"Standard","Ontario","Organic",12.02,0
14963,2443,2026-03-12,"Discovery","Atlantic","Search",29.27,0
14964,1186,2026-06-23,"Signature","Atlantic","Organic",23.38,0
14965,2661,2026-03-30,"Signature","Atlantic","Search",17.38,0
14966,1365,2026-04-05,"Signature","Atlantic","Social",21.3,0
14967,3885,2026-04-19,"Signature","Atlantic","Social",21.63,0
14968,3867,2026-03-24,"Standard","Atlantic","Retail_partner",15.95,0
14969,453,2026-02-17,"Discovery","Ontario","Organic",31.96,0
14970,2655,2026-04-12,"Signature","Atlantic","Organic",25.38,1
14971,2902,2026-05-14,"Standard","Atlantic","Search",17.73,0
14972,3507,2026-03-28,"Standard","Atlantic","Social",15.2,0
14973,906,2026-01-27,"Signature","Atlantic","Retail_partner",21.88,0
14974,2243,2026-06-19,"Standard","Ontario","Organic",19.08,0
14975,1884,2026-05-12,"Signature","Ontario","Referral",19.68,0
14976,2178,2026-02-21,"Discovery","Atlantic","Organic",33.61,0
14977,2914,2026-02-04,"Standard","Atlantic","Organic",10.56,1
14978,3484,2026-01-15,"Standard","Atlantic","Organic",16.01,0
14979,1099,2026-01-20,"Standard","Atlantic","Social",15.87,1
14980,2152,2026-06-15,"Standard","Atlantic","Social",11.97,0
14981,3736,2026-06-01,"Standard","Atlantic","Social",15.78,1
14982,1161,2026-04-16,"Standard","Atlantic","Organic",15.57,0
14983,2081,2026-01-11,"Signature","Atlantic","Search",22.79,0
14984,3119,2026-03-05,"Standard","Atlantic","Social",15.77,0
14985,3078,2026-03-09,"Signature","Atlantic","Organic",22.74,0
14986,3442,2026-03-31,"Standard","Atlantic","Organic",11.48,0
14987,2612,2026-04-29,"Standard","Atlantic","Referral",12.88,0
14988,839,2026-05-15,"Standard","Atlantic","Referral",15.85,0
14989,2920,2026-03-30,"Standard","Atlantic","Organic",15.92,1
14990,1959,2026-01-05,"Signature","Atlantic","Social",21.03,0
14991,3926,2026-03-28,"Standard","Ontario","Referral",12.58,0
14992,2537,2026-06-30,"Signature","Atlantic","Organic",23.53,0
14993,2013,2026-06-05,"Standard","Ontario","Search",15.32,0
14994,1519,2026-05-10,"Signature","Atlantic","Social",21.6,0
14995,241,2026-05-17,"Standard","Atlantic","Organic",16.61,0
14996,2459,2026-04-12,"Signature","Atlantic","Retail_partner",18.76,0
14997,1585,2026-04-10,"Standard","Atlantic","Search",16,0
14998,3014,2026-06-18,"Signature","Atlantic","Social",21.13,0
14999,714,2026-06-22,"Standard","Atlantic","Organic",16.99,1
15000,3179,2026-02-03,"Signature","Atlantic","Retail_partner",27.59,0
